"","Year","Site","Plot_Subplot","Field_ID","Fruit_Count","Age","tree_height_2024","alive","measured"
"1",1997,"CM","1.1","4017",NA,"M",2.9,1,1
"2",1998,"CM","1.1","4017",NA,"M",2.9,1,1
"3",1999,"CM","1.1","4017",0,"M",2.9,1,1
"4",2000,"CM","1.1","4017",0,"M",2.9,1,1
"5",2001,"CM","1.1","4017",0,"M",2.9,1,1
"6",2002,"CM","1.1","4017",0,"M",2.9,1,1
"7",2003,"CM","1.1","4017",0,"M",2.9,1,1
"8",2004,"CM","1.1","4017",0,"M",2.9,1,1
"9",2005,"CM","1.1","4017",0,"M",2.9,1,1
"10",2006,"CM","1.1","4017",0,"M",2.9,1,1
"11",2007,"CM","1.1","4017",0,"M",2.9,1,1
"12",2008,"CM","1.1","4017",0,"M",2.9,1,1
"13",2009,"CM","1.1","4017",0,"M",2.9,1,1
"14",2010,"CM","1.1","4017",0,"M",2.9,1,1
"15",2011,"CM","1.1","4017",0,"M",2.9,1,1
"16",2012,"CM","1.1","4017",0,"M",2.9,1,1
"17",2013,"CM","1.1","4017",0,"M",2.9,1,1
"18",2014,"CM","1.1","4017",0,"M",2.9,1,1
"19",2015,"CM","1.1","4017",0,"M",2.9,1,1
"20",2016,"CM","1.1","4017",0,"M",2.9,1,1
"21",2017,"CM","1.1","4017",0,"M",2.9,1,1
"22",2018,"CM","1.1","4017",0,"M",2.9,1,1
"23",2019,"CM","1.1","4017",0,"M",2.9,1,1
"24",2020,"CM","1.1","4017",0,"M",2.9,1,1
"25",2021,"CM","1.1","4017",0,"M",2.9,1,1
"26",2022,"CM","1.1","4017",0,"M",2.9,1,1
"27",2023,"CM","1.1","4017",0,"M",2.9,1,1
"28",1997,"CM","1.1","4041",NA,"Y",3.6,1,1
"29",1998,"CM","1.1","4041",NA,"Y",3.6,1,1
"30",1999,"CM","1.1","4041",22,"Y",3.6,1,1
"31",2000,"CM","1.1","4041",0,"Y",3.6,1,1
"32",2001,"CM","1.1","4041",1,"Y",3.6,1,1
"33",2002,"CM","1.1","4041",0,"Y",3.6,1,1
"34",2003,"CM","1.1","4041",0,"Y",3.6,1,1
"35",2004,"CM","1.1","4041",0,"Y",3.6,1,1
"36",2005,"CM","1.1","4041",0,"Y",3.6,1,1
"37",2006,"CM","1.1","4041",0,"Y",3.6,1,1
"38",2007,"CM","1.1","4041",0,"Y",3.6,1,1
"39",2008,"CM","1.1","4041",2,"Y",3.6,1,1
"40",2009,"CM","1.1","4041",0,"Y",3.6,1,1
"41",2010,"CM","1.1","4041",0,"Y",3.6,1,1
"42",2011,"CM","1.1","4041",0,"Y",3.6,1,1
"43",2012,"CM","1.1","4041",0,"Y",3.6,1,1
"44",2013,"CM","1.1","4041",0,"Y",3.6,1,1
"45",2014,"CM","1.1","4041",0,"Y",3.6,1,1
"46",2015,"CM","1.1","4041",0,"Y",3.6,1,1
"47",2016,"CM","1.1","4041",53,"Y",3.6,1,1
"48",2017,"CM","1.1","4041",0,"Y",3.6,1,1
"49",2018,"CM","1.1","4041",28,"Y",3.6,1,1
"50",2019,"CM","1.1","4041",0,"Y",3.6,1,1
"51",2020,"CM","1.1","4041",3,"Y",3.6,1,1
"52",2021,"CM","1.1","4041",6,"Y",3.6,1,1
"53",2022,"CM","1.1","4041",0,"Y",3.6,1,1
"54",2023,"CM","1.1","4041",0,"Y",3.6,1,1
"55",1997,"CM","1.2","4046",NA,"M",2.2,1,1
"56",1998,"CM","1.2","4046",NA,"M",2.2,1,1
"57",1999,"CM","1.2","4046",62,"M",2.2,1,1
"58",2000,"CM","1.2","4046",0,"M",2.2,1,1
"59",2001,"CM","1.2","4046",0,"M",2.2,1,1
"60",2002,"CM","1.2","4046",0,"M",2.2,1,1
"61",2003,"CM","1.2","4046",0,"M",2.2,1,1
"62",2004,"CM","1.2","4046",20,"M",2.2,1,1
"63",2005,"CM","1.2","4046",11,"M",2.2,1,1
"64",2006,"CM","1.2","4046",11,"M",2.2,1,1
"65",2007,"CM","1.2","4046",0,"M",2.2,1,1
"66",2008,"CM","1.2","4046",29,"M",2.2,1,1
"67",2009,"CM","1.2","4046",0,"M",2.2,1,1
"68",2010,"CM","1.2","4046",0,"M",2.2,1,1
"69",2011,"CM","1.2","4046",0,"M",2.2,1,1
"70",2012,"CM","1.2","4046",0,"M",2.2,1,1
"71",2013,"CM","1.2","4046",0,"M",2.2,1,1
"72",2014,"CM","1.2","4046",0,"M",2.2,1,1
"73",2015,"CM","1.2","4046",0,"M",2.2,1,1
"74",2016,"CM","1.2","4046",16,"M",2.2,1,1
"75",2017,"CM","1.2","4046",0,"M",2.2,1,1
"76",2018,"CM","1.2","4046",22,"M",2.2,1,1
"77",2019,"CM","1.2","4046",0,"M",2.2,1,1
"78",2020,"CM","1.2","4046",0,"M",2.2,1,1
"79",2021,"CM","1.2","4046",0,"M",2.2,1,1
"80",2022,"CM","1.2","4046",0,"M",2.2,1,1
"81",2023,"CM","1.2","4046",0,"M",2.2,1,1
"82",1997,"CM","1.2","4050",NA,"VO",NA,0,1
"83",1998,"CM","1.2","4050",NA,"VO",NA,0,1
"84",1999,"CM","1.2","4050",330,"VO",NA,0,1
"85",2000,"CM","1.2","4050",0,"VO",NA,0,1
"86",2001,"CM","1.2","4050",0,"VO",NA,0,1
"87",2002,"CM","1.2","4050",0,"VO",NA,0,1
"88",2003,"CM","1.2","4050",0,"VO",NA,0,1
"89",2004,"CM","1.2","4050",250,"VO",NA,0,1
"90",2005,"CM","1.2","4050",0,"VO",NA,0,1
"91",2006,"CM","1.2","4050",0,"VO",NA,0,1
"92",2007,"CM","1.2","4050",0,"VO",NA,0,1
"93",2008,"CM","1.2","4050",890,"VO",NA,0,1
"94",2009,"CM","1.2","4050",0,"VO",NA,0,1
"95",2010,"CM","1.2","4050",6,"VO",NA,0,1
"96",2011,"CM","1.2","4050",3,"O",NA,0,1
"97",2012,"CM","1.2","4050",0,"VO",NA,0,1
"98",2013,"CM","1.2","4050",0,"VO",NA,0,1
"99",2014,"CM","1.2","4050",0,"VO",NA,0,1
"100",2015,"CM","1.2","4050",0,"VO",NA,0,1
"101",2016,"CM","1.2","4050",NA,"VO",NA,0,1
"102",2017,"CM","1.2","4050",NA,"VO",NA,0,1
"103",2018,"CM","1.2","4050",NA,"VO",NA,0,1
"104",2019,"CM","1.2","4050",NA,"VO",NA,0,1
"105",2020,"CM","1.2","4050",NA,"VO",NA,0,1
"106",2021,"CM","1.2","4050",NA,"VO",NA,0,1
"107",2022,"CM","1.2","4050",NA,"VO",NA,0,1
"108",2023,"CM","1.2","4050",NA,"VO",NA,0,1
"109",1997,"CM","1.2","4051",NA,"O",NA,0,1
"110",1998,"CM","1.2","4051",NA,"O",NA,0,1
"111",1999,"CM","1.2","4051",14,"O",NA,0,1
"112",2000,"CM","1.2","4051",0,"O",NA,0,1
"113",2001,"CM","1.2","4051",0,"O",NA,0,1
"114",2002,"CM","1.2","4051",1,"O",NA,0,1
"115",2003,"CM","1.2","4051",0,"O",NA,0,1
"116",2004,"CM","1.2","4051",72,"O",NA,0,1
"117",2005,"CM","1.2","4051",0,"O",NA,0,1
"118",2006,"CM","1.2","4051",0,"O",NA,0,1
"119",2007,"CM","1.2","4051",0,"O",NA,0,1
"120",2008,"CM","1.2","4051",33,"O",NA,0,1
"121",2009,"CM","1.2","4051",0,"O",NA,0,1
"122",2010,"CM","1.2","4051",0,"O",NA,0,1
"123",2011,"CM","1.2","4051",0,"O",NA,0,1
"124",2012,"CM","1.2","4051",0,"O",NA,0,1
"125",2013,"CM","1.2","4051",0,"O",NA,0,1
"126",2014,"CM","1.2","4051",0,"O",NA,0,1
"127",2015,"CM","1.2","4051",0,"O",NA,0,1
"128",2016,"CM","1.2","4051",NA,"O",NA,0,1
"129",2017,"CM","1.2","4051",NA,"O",NA,0,1
"130",2018,"CM","1.2","4051",NA,"O",NA,0,1
"131",2019,"CM","1.2","4051",NA,"O",NA,0,1
"132",2020,"CM","1.2","4051",NA,"O",NA,0,1
"133",2021,"CM","1.2","4051",NA,"O",NA,0,1
"134",2022,"CM","1.2","4051",NA,"O",NA,0,1
"135",2023,"CM","1.2","4051",NA,"O",NA,0,1
"136",1997,"CM","1.3","4055",NA,"O",4.5,1,1
"137",1998,"CM","1.3","4055",NA,"O",4.5,1,1
"138",1999,"CM","1.3","4055",510,"O",4.5,1,1
"139",2000,"CM","1.3","4055",0,"O",4.5,1,1
"140",2001,"CM","1.3","4055",0,"O",4.5,1,1
"141",2002,"CM","1.3","4055",0,"O",4.5,1,1
"142",2003,"CM","1.3","4055",0,"O",4.5,1,1
"143",2004,"CM","1.3","4055",360,"O",4.5,1,1
"144",2005,"CM","1.3","4055",6,"O",4.5,1,1
"145",2006,"CM","1.3","4055",6,"O",4.5,1,1
"146",2007,"CM","1.3","4055",0,"O",4.5,1,1
"147",2008,"CM","1.3","4055",450,"O",4.5,1,1
"148",2009,"CM","1.3","4055",0,"O",4.5,1,1
"149",2010,"CM","1.3","4055",2,"O",4.5,1,1
"150",2011,"CM","1.3","4055",175,"O",4.5,1,1
"151",2012,"CM","1.3","4055",0,"O",4.5,1,1
"152",2013,"CM","1.3","4055",0,"O",4.5,1,1
"153",2014,"CM","1.3","4055",0,"O",4.5,1,1
"154",2015,"CM","1.3","4055",0,"O",4.5,1,1
"155",2016,"CM","1.3","4055",170,"O",4.5,1,1
"156",2017,"CM","1.3","4055",0,"O",4.5,1,1
"157",2018,"CM","1.3","4055",110,"O",4.5,1,1
"158",2019,"CM","1.3","4055",0,"O",4.5,1,1
"159",2020,"CM","1.3","4055",192,"O",4.5,1,1
"160",2021,"CM","1.3","4055",0,"O",4.5,1,1
"161",2022,"CM","1.3","4055",0,"O",4.5,1,1
"162",2023,"CM","1.3","4055",0,"O",4.5,1,1
"163",1997,"CM","1.3","4065",NA,"O",3.6,1,1
"164",1998,"CM","1.3","4065",NA,"O",3.6,1,1
"165",1999,"CM","1.3","4065",192,"O",3.6,1,1
"166",2000,"CM","1.3","4065",0,"O",3.6,1,1
"167",2001,"CM","1.3","4065",0,"O",3.6,1,1
"168",2002,"CM","1.3","4065",0,"O",3.6,1,1
"169",2003,"CM","1.3","4065",0,"O",3.6,1,1
"170",2004,"CM","1.3","4065",125,"O",3.6,1,1
"171",2005,"CM","1.3","4065",0,"O",3.6,1,1
"172",2006,"CM","1.3","4065",0,"O",3.6,1,1
"173",2007,"CM","1.3","4065",0,"O",3.6,1,1
"174",2008,"CM","1.3","4065",210,"O",3.6,1,1
"175",2009,"CM","1.3","4065",0,"O",3.6,1,1
"176",2010,"CM","1.3","4065",2,"O",3.6,1,1
"177",2011,"CM","1.3","4065",7,"O",3.6,1,1
"178",2012,"CM","1.3","4065",0,"O",3.6,1,1
"179",2013,"CM","1.3","4065",0,"O",3.6,1,1
"180",2014,"CM","1.3","4065",0,"O",3.6,1,1
"181",2015,"CM","1.3","4065",0,"O",3.6,1,1
"182",2016,"CM","1.3","4065",85,"O",3.6,1,1
"183",2017,"CM","1.3","4065",0,"O",3.6,1,1
"184",2018,"CM","1.3","4065",65,"O",3.6,1,1
"185",2019,"CM","1.3","4065",0,"O",3.6,1,1
"186",2020,"CM","1.3","4065",56,"O",3.6,1,1
"187",2021,"CM","1.3","4065",1,"O",3.6,1,1
"188",2022,"CM","1.3","4065",0,"O",3.6,1,1
"189",2023,"CM","1.3","4065",0,"O",3.6,1,1
"190",1997,"CM","1.4","4084",NA,"M",3.7,1,1
"191",1998,"CM","1.4","4084",NA,"M",3.7,1,1
"192",1999,"CM","1.4","4084",120,"M",3.7,1,1
"193",2000,"CM","1.4","4084",0,"M",3.7,1,1
"194",2001,"CM","1.4","4084",0,"M",3.7,1,1
"195",2002,"CM","1.4","4084",0,"M",3.7,1,1
"196",2003,"CM","1.4","4084",0,"M",3.7,1,1
"197",2004,"CM","1.4","4084",195,"M",3.7,1,1
"198",2005,"CM","1.4","4084",0,"M",3.7,1,1
"199",2006,"CM","1.4","4084",0,"M",3.7,1,1
"200",2007,"CM","1.4","4084",0,"M",3.7,1,1
"201",2008,"CM","1.4","4084",75,"M",3.7,1,1
"202",2009,"CM","1.4","4084",0,"M",3.7,1,1
"203",2010,"CM","1.4","4084",1,"M",3.7,1,1
"204",2011,"CM","1.4","4084",0,"M",3.7,1,1
"205",2012,"CM","1.4","4084",0,"M",3.7,1,1
"206",2013,"CM","1.4","4084",0,"M",3.7,1,1
"207",2014,"CM","1.4","4084",0,"M",3.7,1,1
"208",2015,"CM","1.4","4084",0,"M",3.7,1,1
"209",2016,"CM","1.4","4084",36,"M",3.7,1,1
"210",2017,"CM","1.4","4084",0,"M",3.7,1,1
"211",2018,"CM","1.4","4084",24,"M",3.7,1,1
"212",2019,"CM","1.4","4084",0,"M",3.7,1,1
"213",2020,"CM","1.4","4084",1,"M",3.7,1,1
"214",2021,"CM","1.4","4084",0,"M",3.7,1,1
"215",2022,"CM","1.4","4084",0,"M",3.7,1,1
"216",2023,"CM","1.4","4084",0,"M",3.7,1,1
"217",1997,"CM","2.1","4108",NA,"M",NA,NA,0
"218",1998,"CM","2.1","4108",NA,"M",NA,NA,0
"219",1999,"CM","2.1","4108",40,"M",NA,NA,0
"220",2000,"CM","2.1","4108",0,"M",NA,NA,0
"221",2001,"CM","2.1","4108",0,"M",NA,NA,0
"222",2002,"CM","2.1","4108",0,"M",NA,NA,0
"223",2003,"CM","2.1","4108",0,"M",NA,NA,0
"224",2004,"CM","2.1","4108",15,"M",NA,NA,0
"225",2005,"CM","2.1","4108",4,"M",NA,NA,0
"226",2006,"CM","2.1","4108",1,"M",NA,NA,0
"227",2007,"CM","2.1","4108",0,"M",NA,NA,0
"228",2008,"CM","2.1","4108",29,"M",NA,NA,0
"229",2009,"CM","2.1","4108",0,"M",NA,NA,0
"230",2010,"CM","2.1","4108",0,"M",NA,NA,0
"231",2011,"CM","2.1","4108",2,"M",NA,NA,0
"232",2012,"CM","2.1","4108",0,"M",NA,NA,0
"233",2013,"CM","2.1","4108",0,"M",NA,NA,0
"234",2014,"CM","2.1","4108",0,"M",NA,NA,0
"235",2015,"CM","2.1","4108",0,"M",NA,NA,0
"236",2016,"CM","2.1","4108",NA,"M",NA,NA,0
"237",2017,"CM","2.1","4108",NA,"M",NA,NA,0
"238",2018,"CM","2.1","4108",NA,"M",NA,NA,0
"239",2019,"CM","2.1","4108",NA,"M",NA,NA,0
"240",2020,"CM","2.1","4108",NA,"M",NA,NA,0
"241",2021,"CM","2.1","4108",NA,"M",NA,NA,0
"242",2022,"CM","2.1","4108",NA,"M",NA,NA,0
"243",2023,"CM","2.1","4108",NA,"M",NA,NA,0
"244",1997,"CM","2.1","4110",NA,"M",3.8,1,1
"245",1998,"CM","2.1","4110",NA,"M",3.8,1,1
"246",1999,"CM","2.1","4110",85,"M",3.8,1,1
"247",2000,"CM","2.1","4110",0,"M",3.8,1,1
"248",2001,"CM","2.1","4110",0,"M",3.8,1,1
"249",2002,"CM","2.1","4110",0,"M",3.8,1,1
"250",2003,"CM","2.1","4110",0,"M",3.8,1,1
"251",2004,"CM","2.1","4110",22,"M",3.8,1,1
"252",2005,"CM","2.1","4110",21,"M",3.8,1,1
"253",2006,"CM","2.1","4110",3,"M",3.8,1,1
"254",2007,"CM","2.1","4110",0,"M",3.8,1,1
"255",2008,"CM","2.1","4110",95,"M",3.8,1,1
"256",2009,"CM","2.1","4110",0,"M",3.8,1,1
"257",2010,"CM","2.1","4110",1,"M",3.8,1,1
"258",2011,"CM","2.1","4110",4,"M",3.8,1,1
"259",2012,"CM","2.1","4110",0,"M",3.8,1,1
"260",2013,"CM","2.1","4110",0,"M",3.8,1,1
"261",2014,"CM","2.1","4110",0,"M",3.8,1,1
"262",2015,"CM","2.1","4110",0,"M",3.8,1,1
"263",2016,"CM","2.1","4110",0,"M",3.8,1,1
"264",2017,"CM","2.1","4110",0,"M",3.8,1,1
"265",2018,"CM","2.1","4110",25,"M",3.8,1,1
"266",2019,"CM","2.1","4110",0,"M",3.8,1,1
"267",2020,"CM","2.1","4110",6,"M",3.8,1,1
"268",2021,"CM","2.1","4110",0,"M",3.8,1,1
"269",2022,"CM","2.1","4110",0,"M",3.8,1,1
"270",2023,"CM","2.1","4110",0,"M",3.8,1,1
"271",1997,"CM","2.1","4112",NA,"O",2.8,1,1
"272",1998,"CM","2.1","4112",NA,"O",2.8,1,1
"273",1999,"CM","2.1","4112",95,"O",2.8,1,1
"274",2000,"CM","2.1","4112",0,"O",2.8,1,1
"275",2001,"CM","2.1","4112",0,"O",2.8,1,1
"276",2002,"CM","2.1","4112",0,"O",2.8,1,1
"277",2003,"CM","2.1","4112",0,"O",2.8,1,1
"278",2004,"CM","2.1","4112",118,"O",2.8,1,1
"279",2005,"CM","2.1","4112",115,"O",2.8,1,1
"280",2006,"CM","2.1","4112",4,"O",2.8,1,1
"281",2007,"CM","2.1","4112",0,"O",2.8,1,1
"282",2008,"CM","2.1","4112",180,"O",2.8,1,1
"283",2009,"CM","2.1","4112",0,"O",2.8,1,1
"284",2010,"CM","2.1","4112",2,"O",2.8,1,1
"285",2011,"CM","2.1","4112",3,"O",2.8,1,1
"286",2012,"CM","2.1","4112",0,"O",2.8,1,1
"287",2013,"CM","2.1","4112",0,"O",2.8,1,1
"288",2014,"CM","2.1","4112",0,"O",2.8,1,1
"289",2015,"CM","2.1","4112",0,"O",2.8,1,1
"290",2016,"CM","2.1","4112",46,"O",2.8,1,1
"291",2017,"CM","2.1","4112",0,"O",2.8,1,1
"292",2018,"CM","2.1","4112",75,"O",2.8,1,1
"293",2019,"CM","2.1","4112",0,"O",2.8,1,1
"294",2020,"CM","2.1","4112",48,"O",2.8,1,1
"295",2021,"CM","2.1","4112",0,"O",2.8,1,1
"296",2022,"CM","2.1","4112",0,"O",2.8,1,1
"297",2023,"CM","2.1","4112",0,"O",2.8,1,1
"298",1997,"CM","2.1","4113",NA,"O",3.6,1,1
"299",1998,"CM","2.1","4113",NA,"O",3.6,1,1
"300",1999,"CM","2.1","4113",260,"O",3.6,1,1
"301",2000,"CM","2.1","4113",0,"O",3.6,1,1
"302",2001,"CM","2.1","4113",0,"O",3.6,1,1
"303",2002,"CM","2.1","4113",0,"O",3.6,1,1
"304",2003,"CM","2.1","4113",0,"O",3.6,1,1
"305",2004,"CM","2.1","4113",170,"O",3.6,1,1
"306",2005,"CM","2.1","4113",235,"O",3.6,1,1
"307",2006,"CM","2.1","4113",2,"O",3.6,1,1
"308",2007,"CM","2.1","4113",0,"O",3.6,1,1
"309",2008,"CM","2.1","4113",165,"O",3.6,1,1
"310",2009,"CM","2.1","4113",0,"O",3.6,1,1
"311",2010,"CM","2.1","4113",1,"O",3.6,1,1
"312",2011,"CM","2.1","4113",4,"O",3.6,1,1
"313",2012,"CM","2.1","4113",0,"O",3.6,1,1
"314",2013,"CM","2.1","4113",0,"O",3.6,1,1
"315",2014,"CM","2.1","4113",0,"O",3.6,1,1
"316",2015,"CM","2.1","4113",0,"O",3.6,1,1
"317",2016,"CM","2.1","4113",72,"O",3.6,1,1
"318",2017,"CM","2.1","4113",0,"O",3.6,1,1
"319",2018,"CM","2.1","4113",80,"O",3.6,1,1
"320",2019,"CM","2.1","4113",1,"O",3.6,1,1
"321",2020,"CM","2.1","4113",48,"O",3.6,1,1
"322",2021,"CM","2.1","4113",0,"O",3.6,1,1
"323",2022,"CM","2.1","4113",0,"O",3.6,1,1
"324",2023,"CM","2.1","4113",2,"O",3.6,1,1
"325",1997,"CM","2.1","4114",NA,"M",2.5,1,1
"326",1998,"CM","2.1","4114",NA,"M",2.5,1,1
"327",1999,"CM","2.1","4114",90,"M",2.5,1,1
"328",2000,"CM","2.1","4114",0,"M",2.5,1,1
"329",2001,"CM","2.1","4114",0,"M",2.5,1,1
"330",2002,"CM","2.1","4114",0,"M",2.5,1,1
"331",2003,"CM","2.1","4114",0,"M",2.5,1,1
"332",2004,"CM","2.1","4114",202,"M",2.5,1,1
"333",2005,"CM","2.1","4114",18,"M",2.5,1,1
"334",2006,"CM","2.1","4114",2,"M",2.5,1,1
"335",2007,"CM","2.1","4114",0,"M",2.5,1,1
"336",2008,"CM","2.1","4114",210,"M",2.5,1,1
"337",2009,"CM","2.1","4114",0,"M",2.5,1,1
"338",2010,"CM","2.1","4114",1,"M",2.5,1,1
"339",2011,"CM","2.1","4114",0,"M",2.5,1,1
"340",2012,"CM","2.1","4114",0,"M",2.5,1,1
"341",2013,"CM","2.1","4114",0,"M",2.5,1,1
"342",2014,"CM","2.1","4114",0,"M",2.5,1,1
"343",2015,"CM","2.1","4114",0,"M",2.5,1,1
"344",2016,"CM","2.1","4114",19,"M",2.5,1,1
"345",2017,"CM","2.1","4114",0,"M",2.5,1,1
"346",2018,"CM","2.1","4114",22,"M",2.5,1,1
"347",2019,"CM","2.1","4114",0,"M",2.5,1,1
"348",2020,"CM","2.1","4114",16,"M",2.5,1,1
"349",2021,"CM","2.1","4114",0,"M",2.5,1,1
"350",2022,"CM","2.1","4114",0,"M",2.5,1,1
"351",2023,"CM","2.1","4114",0,"M",2.5,1,1
"352",1997,"CM","2.1","4115",NA,"M",3.8,1,1
"353",1998,"CM","2.1","4115",NA,"M",3.8,1,1
"354",1999,"CM","2.1","4115",85,"M",3.8,1,1
"355",2000,"CM","2.1","4115",0,"M",3.8,1,1
"356",2001,"CM","2.1","4115",0,"M",3.8,1,1
"357",2002,"CM","2.1","4115",0,"M",3.8,1,1
"358",2003,"CM","2.1","4115",0,"M",3.8,1,1
"359",2004,"CM","2.1","4115",180,"M",3.8,1,1
"360",2005,"CM","2.1","4115",25,"M",3.8,1,1
"361",2006,"CM","2.1","4115",5,"M",3.8,1,1
"362",2007,"CM","2.1","4115",0,"M",3.8,1,1
"363",2008,"CM","2.1","4115",140,"M",3.8,1,1
"364",2009,"CM","2.1","4115",0,"M",3.8,1,1
"365",2010,"CM","2.1","4115",0,"M",3.8,1,1
"366",2011,"CM","2.1","4115",0,"M",3.8,1,1
"367",2012,"CM","2.1","4115",0,"M",3.8,1,1
"368",2013,"CM","2.1","4115",0,"M",3.8,1,1
"369",2014,"CM","2.1","4115",0,"M",3.8,1,1
"370",2015,"CM","2.1","4115",0,"M",3.8,1,1
"371",2016,"CM","2.1","4115",22,"M",3.8,1,1
"372",2017,"CM","2.1","4115",0,"M",3.8,1,1
"373",2018,"CM","2.1","4115",24,"M",3.8,1,1
"374",2019,"CM","2.1","4115",0,"M",3.8,1,1
"375",2020,"CM","2.1","4115",41,"M",3.8,1,1
"376",2021,"CM","2.1","4115",2,"M",3.8,1,1
"377",2022,"CM","2.1","4115",0,"M",3.8,1,1
"378",2023,"CM","2.1","4115",0,"M",3.8,1,1
"379",1997,"CM","2.1","4117",NA,"O",NA,0,1
"380",1998,"CM","2.1","4117",NA,"O",NA,0,1
"381",1999,"CM","2.1","4117",100,"O",NA,0,1
"382",2000,"CM","2.1","4117",0,"O",NA,0,1
"383",2001,"CM","2.1","4117",0,"O",NA,0,1
"384",2002,"CM","2.1","4117",0,"O",NA,0,1
"385",2003,"CM","2.1","4117",0,"O",NA,0,1
"386",2004,"CM","2.1","4117",80,"O",NA,0,1
"387",2005,"CM","2.1","4117",36,"O",NA,0,1
"388",2006,"CM","2.1","4117",1,"O",NA,0,1
"389",2007,"CM","2.1","4117",0,"O",NA,0,1
"390",2008,"CM","2.1","4117",130,"O",NA,0,1
"391",2009,"CM","2.1","4117",0,"O",NA,0,1
"392",2010,"CM","2.1","4117",0,"O",NA,0,1
"393",2011,"CM","2.1","4117",44,"O",NA,0,1
"394",2012,"CM","2.1","4117",0,"O",NA,0,1
"395",2013,"CM","2.1","4117",0,"O",NA,0,1
"396",2014,"CM","2.1","4117",0,"O",NA,0,1
"397",2015,"CM","2.1","4117",0,"O",NA,0,1
"398",2016,"CM","2.1","4117",17,"O",NA,0,1
"399",2017,"CM","2.1","4117",0,"O",NA,0,1
"400",2018,"CM","2.1","4117",55,"O",NA,0,1
"401",2019,"CM","2.1","4117",NA,"O",NA,0,1
"402",2020,"CM","2.1","4117",NA,"O",NA,0,1
"403",2021,"CM","2.1","4117",NA,"O",NA,0,1
"404",2022,"CM","2.1","4117",NA,"O",NA,0,1
"405",2023,"CM","2.1","4117",NA,"O",NA,0,1
"406",1997,"CM","2.1","4120",NA,"O",4.1,1,1
"407",1998,"CM","2.1","4120",NA,"O",4.1,1,1
"408",1999,"CM","2.1","4120",405,"O",4.1,1,1
"409",2000,"CM","2.1","4120",0,"O",4.1,1,1
"410",2001,"CM","2.1","4120",0,"O",4.1,1,1
"411",2002,"CM","2.1","4120",6,"O",4.1,1,1
"412",2003,"CM","2.1","4120",0,"O",4.1,1,1
"413",2004,"CM","2.1","4120",186,"O",4.1,1,1
"414",2005,"CM","2.1","4120",40,"O",4.1,1,1
"415",2006,"CM","2.1","4120",7,"O",4.1,1,1
"416",2007,"CM","2.1","4120",0,"O",4.1,1,1
"417",2008,"CM","2.1","4120",125,"O",4.1,1,1
"418",2009,"CM","2.1","4120",0,"O",4.1,1,1
"419",2010,"CM","2.1","4120",1,"O",4.1,1,1
"420",2011,"CM","2.1","4120",9,"O",4.1,1,1
"421",2012,"CM","2.1","4120",0,"O",4.1,1,1
"422",2013,"CM","2.1","4120",0,"O",4.1,1,1
"423",2014,"CM","2.1","4120",0,"O",4.1,1,1
"424",2015,"CM","2.1","4120",0,"O",4.1,1,1
"425",2016,"CM","2.1","4120",75,"O",4.1,1,1
"426",2017,"CM","2.1","4120",0,"O",4.1,1,1
"427",2018,"CM","2.1","4120",85,"O",4.1,1,1
"428",2019,"CM","2.1","4120",0,"O",4.1,1,1
"429",2020,"CM","2.1","4120",87,"O",4.1,1,1
"430",2021,"CM","2.1","4120",0,"O",4.1,1,1
"431",2022,"CM","2.1","4120",0,"O",4.1,1,1
"432",2023,"CM","2.1","4120",0,"O",4.1,1,1
"433",1997,"CM","2.1","4129",NA,"M",3.6,1,1
"434",1998,"CM","2.1","4129",NA,"M",3.6,1,1
"435",1999,"CM","2.1","4129",50,"M",3.6,1,1
"436",2000,"CM","2.1","4129",0,"M",3.6,1,1
"437",2001,"CM","2.1","4129",0,"M",3.6,1,1
"438",2002,"CM","2.1","4129",0,"M",3.6,1,1
"439",2003,"CM","2.1","4129",0,"M",3.6,1,1
"440",2004,"CM","2.1","4129",12,"M",3.6,1,1
"441",2005,"CM","2.1","4129",15,"M",3.6,1,1
"442",2006,"CM","2.1","4129",0,"M",3.6,1,1
"443",2007,"CM","2.1","4129",0,"M",3.6,1,1
"444",2008,"CM","2.1","4129",73,"M",3.6,1,1
"445",2009,"CM","2.1","4129",0,"M",3.6,1,1
"446",2010,"CM","2.1","4129",0,"M",3.6,1,1
"447",2011,"CM","2.1","4129",23,"M",3.6,1,1
"448",2012,"CM","2.1","4129",0,"M",3.6,1,1
"449",2013,"CM","2.1","4129",0,"M",3.6,1,1
"450",2014,"CM","2.1","4129",0,"M",3.6,1,1
"451",2015,"CM","2.1","4129",0,"M",3.6,1,1
"452",2016,"CM","2.1","4129",12,"M",3.6,1,1
"453",2017,"CM","2.1","4129",0,"M",3.6,1,1
"454",2018,"CM","2.1","4129",12,"M",3.6,1,1
"455",2019,"CM","2.1","4129",0,"M",3.6,1,1
"456",2020,"CM","2.1","4129",32,"M",3.6,1,1
"457",2021,"CM","2.1","4129",0,"M",3.6,1,1
"458",2022,"CM","2.1","4129",0,"M",3.6,1,1
"459",2023,"CM","2.1","4129",1,"M",3.6,1,1
"460",1997,"CM","2.1","4131",NA,"Y",3.5,1,1
"461",1998,"CM","2.1","4131",NA,"Y",3.5,1,1
"462",1999,"CM","2.1","4131",12,"Y",3.5,1,1
"463",2000,"CM","2.1","4131",0,"Y",3.5,1,1
"464",2001,"CM","2.1","4131",0,"Y",3.5,1,1
"465",2002,"CM","2.1","4131",0,"Y",3.5,1,1
"466",2003,"CM","2.1","4131",0,"Y",3.5,1,1
"467",2004,"CM","2.1","4131",2,"Y",3.5,1,1
"468",2005,"CM","2.1","4131",4,"Y",3.5,1,1
"469",2006,"CM","2.1","4131",0,"Y",3.5,1,1
"470",2007,"CM","2.1","4131",0,"Y",3.5,1,1
"471",2008,"CM","2.1","4131",6,"Y",3.5,1,1
"472",2009,"CM","2.1","4131",0,"Y",3.5,1,1
"473",2010,"CM","2.1","4131",0,"Y",3.5,1,1
"474",2011,"CM","2.1","4131",0,"Y",3.5,1,1
"475",2012,"CM","2.1","4131",0,"Y",3.5,1,1
"476",2013,"CM","2.1","4131",0,"Y",3.5,1,1
"477",2014,"CM","2.1","4131",0,"Y",3.5,1,1
"478",2015,"CM","2.1","4131",0,"Y",3.5,1,1
"479",2016,"CM","2.1","4131",0,"Y",3.5,1,1
"480",2017,"CM","2.1","4131",0,"Y",3.5,1,1
"481",2018,"CM","2.1","4131",0,"Y",3.5,1,1
"482",2019,"CM","2.1","4131",0,"Y",3.5,1,1
"483",2020,"CM","2.1","4131",0,"Y",3.5,1,1
"484",2021,"CM","2.1","4131",0,"Y",3.5,1,1
"485",2022,"CM","2.1","4131",0,"Y",3.5,1,1
"486",2023,"CM","2.1","4131",0,"Y",3.5,1,1
"487",1997,"CM","2.1","4132",NA,"Y",2.4,1,1
"488",1998,"CM","2.1","4132",NA,"Y",2.4,1,1
"489",1999,"CM","2.1","4132",5,"Y",2.4,1,1
"490",2000,"CM","2.1","4132",1,"Y",2.4,1,1
"491",2001,"CM","2.1","4132",0,"Y",2.4,1,1
"492",2002,"CM","2.1","4132",0,"Y",2.4,1,1
"493",2003,"CM","2.1","4132",0,"Y",2.4,1,1
"494",2004,"CM","2.1","4132",23,"Y",2.4,1,1
"495",2005,"CM","2.1","4132",124,"Y",2.4,1,1
"496",2006,"CM","2.1","4132",1,"Y",2.4,1,1
"497",2007,"CM","2.1","4132",0,"Y",2.4,1,1
"498",2008,"CM","2.1","4132",125,"Y",2.4,1,1
"499",2009,"CM","2.1","4132",0,"Y",2.4,1,1
"500",2010,"CM","2.1","4132",2,"Y",2.4,1,1
"501",2011,"CM","2.1","4132",6,"Y",2.4,1,1
"502",2012,"CM","2.1","4132",0,"Y",2.4,1,1
"503",2013,"CM","2.1","4132",0,"Y",2.4,1,1
"504",2014,"CM","2.1","4132",0,"Y",2.4,1,1
"505",2015,"CM","2.1","4132",0,"Y",2.4,1,1
"506",2016,"CM","2.1","4132",10,"Y",2.4,1,1
"507",2017,"CM","2.1","4132",0,"Y",2.4,1,1
"508",2018,"CM","2.1","4132",11,"Y",2.4,1,1
"509",2019,"CM","2.1","4132",0,"Y",2.4,1,1
"510",2020,"CM","2.1","4132",10,"Y",2.4,1,1
"511",2021,"CM","2.1","4132",0,"Y",2.4,1,1
"512",2022,"CM","2.1","4132",0,"Y",2.4,1,1
"513",2023,"CM","2.1","4132",2,"Y",2.4,1,1
"514",1997,"CM","2.1","4140",NA,"M",NA,0,1
"515",1998,"CM","2.1","4140",NA,"M",NA,0,1
"516",1999,"CM","2.1","4140",17,"M",NA,0,1
"517",2000,"CM","2.1","4140",0,"M",NA,0,1
"518",2001,"CM","2.1","4140",1,"M",NA,0,1
"519",2002,"CM","2.1","4140",0,"M",NA,0,1
"520",2003,"CM","2.1","4140",0,"M",NA,0,1
"521",2004,"CM","2.1","4140",14,"M",NA,0,1
"522",2005,"CM","2.1","4140",15,"M",NA,0,1
"523",2006,"CM","2.1","4140",1,"M",NA,0,1
"524",2007,"CM","2.1","4140",0,"M",NA,0,1
"525",2008,"CM","2.1","4140",85,"M",NA,0,1
"526",2009,"CM","2.1","4140",0,"M",NA,0,1
"527",2010,"CM","2.1","4140",1,"M",NA,0,1
"528",2011,"CM","2.1","4140",9,"M",NA,0,1
"529",2012,"CM","2.1","4140",0,"M",NA,0,1
"530",2013,"CM","2.1","4140",0,"M",NA,0,1
"531",2014,"CM","2.1","4140",0,"M",NA,0,1
"532",2015,"CM","2.1","4140",0,"M",NA,0,1
"533",2016,"CM","2.1","4140",11,"M",NA,0,1
"534",2017,"CM","2.1","4140",0,"M",NA,0,1
"535",2018,"CM","2.1","4140",20,"M",NA,0,1
"536",2019,"CM","2.1","4140",0,"M",NA,0,1
"537",2020,"CM","2.1","4140",1,"M",NA,0,1
"538",2021,"CM","2.1","4140",0,"M",NA,0,1
"539",2022,"CM","2.1","4140",0,"M",NA,0,1
"540",2023,"CM","2.1","4140",0,"M",NA,0,1
"541",1997,"CM","2.1","4141",NA,"O",NA,0,1
"542",1998,"CM","2.1","4141",NA,"O",NA,0,1
"543",1999,"CM","2.1","4141",80,"O",NA,0,1
"544",2000,"CM","2.1","4141",0,"O",NA,0,1
"545",2001,"CM","2.1","4141",4,"O",NA,0,1
"546",2002,"CM","2.1","4141",2,"O",NA,0,1
"547",2003,"CM","2.1","4141",0,"O",NA,0,1
"548",2004,"CM","2.1","4141",45,"O",NA,0,1
"549",2005,"CM","2.1","4141",112,"O",NA,0,1
"550",2006,"CM","2.1","4141",1,"O",NA,0,1
"551",2007,"CM","2.1","4141",0,"O",NA,0,1
"552",2008,"CM","2.1","4141",205,"O",NA,0,1
"553",2009,"CM","2.1","4141",0,"O",NA,0,1
"554",2010,"CM","2.1","4141",1,"O",NA,0,1
"555",2011,"CM","2.1","4141",13,"O",NA,0,1
"556",2012,"CM","2.1","4141",0,"O",NA,0,1
"557",2013,"CM","2.1","4141",0,"O",NA,0,1
"558",2014,"CM","2.1","4141",0,"O",NA,0,1
"559",2015,"CM","2.1","4141",0,"O",NA,0,1
"560",2016,"CM","2.1","4141",3,"O",NA,0,1
"561",2017,"CM","2.1","4141",0,"O",NA,0,1
"562",2018,"CM","2.1","4141",55,"O",NA,0,1
"563",2019,"CM","2.1","4141",0,"O",NA,0,1
"564",2020,"CM","2.1","4141",4,"O",NA,0,1
"565",2021,"CM","2.1","4141",0,"O",NA,0,1
"566",2022,"CM","2.1","4141",NA,"O",NA,0,1
"567",2023,"CM","2.1","4141",NA,"O",NA,0,1
"568",1997,"CM","2.1","4142",NA,"O",NA,0,1
"569",1998,"CM","2.1","4142",NA,"O",NA,0,1
"570",1999,"CM","2.1","4142",70,"O",NA,0,1
"571",2000,"CM","2.1","4142",0,"O",NA,0,1
"572",2001,"CM","2.1","4142",6,"O",NA,0,1
"573",2002,"CM","2.1","4142",11,"O",NA,0,1
"574",2003,"CM","2.1","4142",0,"O",NA,0,1
"575",2004,"CM","2.1","4142",185,"O",NA,0,1
"576",2005,"CM","2.1","4142",115,"O",NA,0,1
"577",2006,"CM","2.1","4142",3,"O",NA,0,1
"578",2007,"CM","2.1","4142",0,"O",NA,0,1
"579",2008,"CM","2.1","4142",175,"O",NA,0,1
"580",2009,"CM","2.1","4142",0,"O",NA,0,1
"581",2010,"CM","2.1","4142",2,"O",NA,0,1
"582",2011,"CM","2.1","4142",10,"O",NA,0,1
"583",2012,"CM","2.1","4142",0,"O",NA,0,1
"584",2013,"CM","2.1","4142",0,"O",NA,0,1
"585",2014,"CM","2.1","4142",0,"O",NA,0,1
"586",2015,"CM","2.1","4142",0,"O",NA,0,1
"587",2016,"CM","2.1","4142",3,"O",NA,0,1
"588",2017,"CM","2.1","4142",0,"O",NA,0,1
"589",2018,"CM","2.1","4142",40,"O",NA,0,1
"590",2019,"CM","2.1","4142",0,"O",NA,0,1
"591",2020,"CM","2.1","4142",4,"O",NA,0,1
"592",2021,"CM","2.1","4142",0,"O",NA,0,1
"593",2022,"CM","2.1","4142",NA,"O",NA,0,1
"594",2023,"CM","2.1","4142",NA,"O",NA,0,1
"595",1997,"CM","2.2","4144",NA,"M",2.9,1,1
"596",1998,"CM","2.2","4144",NA,"M",2.9,1,1
"597",1999,"CM","2.2","4144",15,"M",2.9,1,1
"598",2000,"CM","2.2","4144",0,"M",2.9,1,1
"599",2001,"CM","2.2","4144",0,"M",2.9,1,1
"600",2002,"CM","2.2","4144",0,"M",2.9,1,1
"601",2003,"CM","2.2","4144",0,"M",2.9,1,1
"602",2004,"CM","2.2","4144",75,"M",2.9,1,1
"603",2005,"CM","2.2","4144",93,"M",2.9,1,1
"604",2006,"CM","2.2","4144",2,"M",2.9,1,1
"605",2007,"CM","2.2","4144",0,"M",2.9,1,1
"606",2008,"CM","2.2","4144",62,"M",2.9,1,1
"607",2009,"CM","2.2","4144",0,"M",2.9,1,1
"608",2010,"CM","2.2","4144",1,"M",2.9,1,1
"609",2011,"CM","2.2","4144",0,"M",2.9,1,1
"610",2012,"CM","2.2","4144",0,"M",2.9,1,1
"611",2013,"CM","2.2","4144",0,"M",2.9,1,1
"612",2014,"CM","2.2","4144",0,"M",2.9,1,1
"613",2015,"CM","2.2","4144",0,"M",2.9,1,1
"614",2016,"CM","2.2","4144",6,"M",2.9,1,1
"615",2017,"CM","2.2","4144",0,"M",2.9,1,1
"616",2018,"CM","2.2","4144",24,"M",2.9,1,1
"617",2019,"CM","2.2","4144",0,"M",2.9,1,1
"618",2020,"CM","2.2","4144",0,"M",2.9,1,1
"619",2021,"CM","2.2","4144",0,"M",2.9,1,1
"620",2022,"CM","2.2","4144",0,"M",2.9,1,1
"621",2023,"CM","2.2","4144",0,"M",2.9,1,1
"622",1997,"CM","2.2","4148",NA,"M",3.4,1,1
"623",1998,"CM","2.2","4148",NA,"M",3.4,1,1
"624",1999,"CM","2.2","4148",299,"M",3.4,1,1
"625",2000,"CM","2.2","4148",0,"M",3.4,1,1
"626",2001,"CM","2.2","4148",0,"M",3.4,1,1
"627",2002,"CM","2.2","4148",0,"M",3.4,1,1
"628",2003,"CM","2.2","4148",0,"M",3.4,1,1
"629",2004,"CM","2.2","4148",134,"M",3.4,1,1
"630",2005,"CM","2.2","4148",6,"M",3.4,1,1
"631",2006,"CM","2.2","4148",2,"M",3.4,1,1
"632",2007,"CM","2.2","4148",0,"M",3.4,1,1
"633",2008,"CM","2.2","4148",180,"M",3.4,1,1
"634",2009,"CM","2.2","4148",0,"M",3.4,1,1
"635",2010,"CM","2.2","4148",2,"M",3.4,1,1
"636",2011,"CM","2.2","4148",26,"M",3.4,1,1
"637",2012,"CM","2.2","4148",0,"M",3.4,1,1
"638",2013,"CM","2.2","4148",0,"M",3.4,1,1
"639",2014,"CM","2.2","4148",0,"M",3.4,1,1
"640",2015,"CM","2.2","4148",0,"M",3.4,1,1
"641",2016,"CM","2.2","4148",125,"M",3.4,1,1
"642",2017,"CM","2.2","4148",0,"M",3.4,1,1
"643",2018,"CM","2.2","4148",30,"M",3.4,1,1
"644",2019,"CM","2.2","4148",0,"M",3.4,1,1
"645",2020,"CM","2.2","4148",49,"M",3.4,1,1
"646",2021,"CM","2.2","4148",11,"M",3.4,1,1
"647",2022,"CM","2.2","4148",0,"M",3.4,1,1
"648",2023,"CM","2.2","4148",0,"M",3.4,1,1
"649",1997,"CM","2.2","4160",NA,"Y",2.2,1,1
"650",1998,"CM","2.2","4160",NA,"Y",2.2,1,1
"651",1999,"CM","2.2","4160",0,"Y",2.2,1,1
"652",2000,"CM","2.2","4160",0,"Y",2.2,1,1
"653",2001,"CM","2.2","4160",0,"Y",2.2,1,1
"654",2002,"CM","2.2","4160",0,"Y",2.2,1,1
"655",2003,"CM","2.2","4160",0,"Y",2.2,1,1
"656",2004,"CM","2.2","4160",6,"Y",2.2,1,1
"657",2005,"CM","2.2","4160",2,"Y",2.2,1,1
"658",2006,"CM","2.2","4160",0,"Y",2.2,1,1
"659",2007,"CM","2.2","4160",0,"Y",2.2,1,1
"660",2008,"CM","2.2","4160",18,"Y",2.2,1,1
"661",2009,"CM","2.2","4160",0,"Y",2.2,1,1
"662",2010,"CM","2.2","4160",0,"Y",2.2,1,1
"663",2011,"CM","2.2","4160",2,"Y",2.2,1,1
"664",2012,"CM","2.2","4160",0,"Y",2.2,1,1
"665",2013,"CM","2.2","4160",0,"Y",2.2,1,1
"666",2014,"CM","2.2","4160",0,"Y",2.2,1,1
"667",2015,"CM","2.2","4160",0,"Y",2.2,1,1
"668",2016,"CM","2.2","4160",2,"Y",2.2,1,1
"669",2017,"CM","2.2","4160",0,"Y",2.2,1,1
"670",2018,"CM","2.2","4160",6,"Y",2.2,1,1
"671",2019,"CM","2.2","4160",0,"Y",2.2,1,1
"672",2020,"CM","2.2","4160",0,"Y",2.2,1,1
"673",2021,"CM","2.2","4160",0,"Y",2.2,1,1
"674",2022,"CM","2.2","4160",0,"Y",2.2,1,1
"675",2023,"CM","2.2","4160",0,"Y",2.2,1,1
"676",1997,"CM","2.2","4162",NA,"VO",5.1,1,1
"677",1998,"CM","2.2","4162",NA,"VO",5.1,1,1
"678",1999,"CM","2.2","4162",95,"VO",5.1,1,1
"679",2000,"CM","2.2","4162",0,"VO",5.1,1,1
"680",2001,"CM","2.2","4162",0,"VO",5.1,1,1
"681",2002,"CM","2.2","4162",0,"VO",5.1,1,1
"682",2003,"CM","2.2","4162",0,"VO",5.1,1,1
"683",2004,"CM","2.2","4162",24,"VO",5.1,1,1
"684",2005,"CM","2.2","4162",22,"VO",5.1,1,1
"685",2006,"CM","2.2","4162",1,"VO",5.1,1,1
"686",2007,"CM","2.2","4162",0,"VO",5.1,1,1
"687",2008,"CM","2.2","4162",11,"VO",5.1,1,1
"688",2009,"CM","2.2","4162",0,"VO",5.1,1,1
"689",2010,"CM","2.2","4162",0,"VO",5.1,1,1
"690",2011,"CM","2.2","4162",0,"O",5.1,1,1
"691",2012,"CM","2.2","4162",0,"VO",5.1,1,1
"692",2013,"CM","2.2","4162",0,"VO",5.1,1,1
"693",2014,"CM","2.2","4162",0,"VO",5.1,1,1
"694",2015,"CM","2.2","4162",0,"VO",5.1,1,1
"695",2016,"CM","2.2","4162",2,"VO",5.1,1,1
"696",2017,"CM","2.2","4162",0,"VO",5.1,1,1
"697",2018,"CM","2.2","4162",46,"VO",5.1,1,1
"698",2019,"CM","2.2","4162",0,"VO",5.1,1,1
"699",2020,"CM","2.2","4162",8,"VO",5.1,1,1
"700",2021,"CM","2.2","4162",0,"VO",5.1,1,1
"701",2022,"CM","2.2","4162",0,"VO",5.1,1,1
"702",2023,"CM","2.2","4162",0,"VO",5.1,1,1
"703",1997,"CM","2.3","4172",NA,"M",3.1,1,1
"704",1998,"CM","2.3","4172",NA,"M",3.1,1,1
"705",1999,"CM","2.3","4172",55,"M",3.1,1,1
"706",2000,"CM","2.3","4172",0,"M",3.1,1,1
"707",2001,"CM","2.3","4172",0,"M",3.1,1,1
"708",2002,"CM","2.3","4172",0,"M",3.1,1,1
"709",2003,"CM","2.3","4172",0,"M",3.1,1,1
"710",2004,"CM","2.3","4172",62,"M",3.1,1,1
"711",2005,"CM","2.3","4172",6,"M",3.1,1,1
"712",2006,"CM","2.3","4172",5,"M",3.1,1,1
"713",2007,"CM","2.3","4172",0,"M",3.1,1,1
"714",2008,"CM","2.3","4172",72,"M",3.1,1,1
"715",2009,"CM","2.3","4172",0,"M",3.1,1,1
"716",2010,"CM","2.3","4172",1,"M",3.1,1,1
"717",2011,"CM","2.3","4172",10,"M",3.1,1,1
"718",2012,"CM","2.3","4172",0,"M",3.1,1,1
"719",2013,"CM","2.3","4172",0,"M",3.1,1,1
"720",2014,"CM","2.3","4172",0,"M",3.1,1,1
"721",2015,"CM","2.3","4172",0,"M",3.1,1,1
"722",2016,"CM","2.3","4172",15,"M",3.1,1,1
"723",2017,"CM","2.3","4172",0,"M",3.1,1,1
"724",2018,"CM","2.3","4172",18,"M",3.1,1,1
"725",2019,"CM","2.3","4172",0,"M",3.1,1,1
"726",2020,"CM","2.3","4172",7,"M",3.1,1,1
"727",2021,"CM","2.3","4172",1,"M",3.1,1,1
"728",2022,"CM","2.3","4172",0,"M",3.1,1,1
"729",2023,"CM","2.3","4172",0,"M",3.1,1,1
"730",1997,"CM","2.3","4174",NA,"O",4,1,1
"731",1998,"CM","2.3","4174",NA,"O",4,1,1
"732",1999,"CM","2.3","4174",240,"O",4,1,1
"733",2000,"CM","2.3","4174",0,"O",4,1,1
"734",2001,"CM","2.3","4174",0,"O",4,1,1
"735",2002,"CM","2.3","4174",3,"O",4,1,1
"736",2003,"CM","2.3","4174",0,"O",4,1,1
"737",2004,"CM","2.3","4174",480,"O",4,1,1
"738",2005,"CM","2.3","4174",36,"O",4,1,1
"739",2006,"CM","2.3","4174",6,"O",4,1,1
"740",2007,"CM","2.3","4174",0,"O",4,1,1
"741",2008,"CM","2.3","4174",190,"O",4,1,1
"742",2009,"CM","2.3","4174",0,"O",4,1,1
"743",2010,"CM","2.3","4174",4,"O",4,1,1
"744",2011,"CM","2.3","4174",4,"O",4,1,1
"745",2012,"CM","2.3","4174",0,"O",4,1,1
"746",2013,"CM","2.3","4174",0,"O",4,1,1
"747",2014,"CM","2.3","4174",0,"O",4,1,1
"748",2015,"CM","2.3","4174",6,"O",4,1,1
"749",2016,"CM","2.3","4174",270,"O",4,1,1
"750",2017,"CM","2.3","4174",0,"O",4,1,1
"751",2018,"CM","2.3","4174",90,"O",4,1,1
"752",2019,"CM","2.3","4174",0,"O",4,1,1
"753",2020,"CM","2.3","4174",167,"O",4,1,1
"754",2021,"CM","2.3","4174",0,"O",4,1,1
"755",2022,"CM","2.3","4174",0,"O",4,1,1
"756",2023,"CM","2.3","4174",0,"O",4,1,1
"757",1997,"CM","2.3","4182",NA,"VO",4.9,1,1
"758",1998,"CM","2.3","4182",NA,"VO",4.9,1,1
"759",1999,"CM","2.3","4182",240,"VO",4.9,1,1
"760",2000,"CM","2.3","4182",0,"VO",4.9,1,1
"761",2001,"CM","2.3","4182",0,"VO",4.9,1,1
"762",2002,"CM","2.3","4182",0,"VO",4.9,1,1
"763",2003,"CM","2.3","4182",0,"VO",4.9,1,1
"764",2004,"CM","2.3","4182",108,"VO",4.9,1,1
"765",2005,"CM","2.3","4182",43,"VO",4.9,1,1
"766",2006,"CM","2.3","4182",3,"VO",4.9,1,1
"767",2007,"CM","2.3","4182",0,"VO",4.9,1,1
"768",2008,"CM","2.3","4182",145,"VO",4.9,1,1
"769",2009,"CM","2.3","4182",0,"VO",4.9,1,1
"770",2010,"CM","2.3","4182",4,"VO",4.9,1,1
"771",2011,"CM","2.3","4182",8,"O",4.9,1,1
"772",2012,"CM","2.3","4182",0,"VO",4.9,1,1
"773",2013,"CM","2.3","4182",0,"VO",4.9,1,1
"774",2014,"CM","2.3","4182",0,"VO",4.9,1,1
"775",2015,"CM","2.3","4182",0,"VO",4.9,1,1
"776",2016,"CM","2.3","4182",6,"VO",4.9,1,1
"777",2017,"CM","2.3","4182",0,"VO",4.9,1,1
"778",2018,"CM","2.3","4182",80,"VO",4.9,1,1
"779",2019,"CM","2.3","4182",0,"VO",4.9,1,1
"780",2020,"CM","2.3","4182",24,"VO",4.9,1,1
"781",2021,"CM","2.3","4182",0,"VO",4.9,1,1
"782",2022,"CM","2.3","4182",0,"VO",4.9,1,1
"783",2023,"CM","2.3","4182",0,"VO",4.9,1,1
"784",1997,"CM","2.3","4188",NA,"O",3.8,1,1
"785",1998,"CM","2.3","4188",NA,"O",3.8,1,1
"786",1999,"CM","2.3","4188",230,"O",3.8,1,1
"787",2000,"CM","2.3","4188",0,"O",3.8,1,1
"788",2001,"CM","2.3","4188",5,"O",3.8,1,1
"789",2002,"CM","2.3","4188",4,"O",3.8,1,1
"790",2003,"CM","2.3","4188",0,"O",3.8,1,1
"791",2004,"CM","2.3","4188",300,"O",3.8,1,1
"792",2005,"CM","2.3","4188",37,"O",3.8,1,1
"793",2006,"CM","2.3","4188",5,"O",3.8,1,1
"794",2007,"CM","2.3","4188",0,"O",3.8,1,1
"795",2008,"CM","2.3","4188",540,"O",3.8,1,1
"796",2009,"CM","2.3","4188",0,"O",3.8,1,1
"797",2010,"CM","2.3","4188",5,"O",3.8,1,1
"798",2011,"CM","2.3","4188",8,"O",3.8,1,1
"799",2012,"CM","2.3","4188",0,"O",3.8,1,1
"800",2013,"CM","2.3","4188",0,"O",3.8,1,1
"801",2014,"CM","2.3","4188",0,"O",3.8,1,1
"802",2015,"CM","2.3","4188",0,"O",3.8,1,1
"803",2016,"CM","2.3","4188",190,"O",3.8,1,1
"804",2017,"CM","2.3","4188",0,"O",3.8,1,1
"805",2018,"CM","2.3","4188",110,"O",3.8,1,1
"806",2019,"CM","2.3","4188",0,"O",3.8,1,1
"807",2020,"CM","2.3","4188",269,"O",3.8,1,1
"808",2021,"CM","2.3","4188",0,"O",3.8,1,1
"809",2022,"CM","2.3","4188",0,"O",3.8,1,1
"810",2023,"CM","2.3","4188",0,"O",3.8,1,1
"811",1997,"CM","2.3","4191",NA,"M",3.3,1,1
"812",1998,"CM","2.3","4191",NA,"M",3.3,1,1
"813",1999,"CM","2.3","4191",8,"M",3.3,1,1
"814",2000,"CM","2.3","4191",0,"M",3.3,1,1
"815",2001,"CM","2.3","4191",0,"M",3.3,1,1
"816",2002,"CM","2.3","4191",0,"M",3.3,1,1
"817",2003,"CM","2.3","4191",0,"M",3.3,1,1
"818",2004,"CM","2.3","4191",41,"M",3.3,1,1
"819",2005,"CM","2.3","4191",74,"M",3.3,1,1
"820",2006,"CM","2.3","4191",0,"M",3.3,1,1
"821",2007,"CM","2.3","4191",0,"M",3.3,1,1
"822",2008,"CM","2.3","4191",44,"M",3.3,1,1
"823",2009,"CM","2.3","4191",0,"M",3.3,1,1
"824",2010,"CM","2.3","4191",0,"M",3.3,1,1
"825",2011,"CM","2.3","4191",11,"M",3.3,1,1
"826",2012,"CM","2.3","4191",0,"M",3.3,1,1
"827",2013,"CM","2.3","4191",0,"M",3.3,1,1
"828",2014,"CM","2.3","4191",0,"M",3.3,1,1
"829",2015,"CM","2.3","4191",0,"M",3.3,1,1
"830",2016,"CM","2.3","4191",40,"M",3.3,1,1
"831",2017,"CM","2.3","4191",0,"M",3.3,1,1
"832",2018,"CM","2.3","4191",28,"M",3.3,1,1
"833",2019,"CM","2.3","4191",0,"M",3.3,1,1
"834",2020,"CM","2.3","4191",12,"M",3.3,1,1
"835",2021,"CM","2.3","4191",0,"M",3.3,1,1
"836",2022,"CM","2.3","4191",0,"M",3.3,1,1
"837",2023,"CM","2.3","4191",0,"M",3.3,1,1
"838",1997,"CM","2.3","4192",NA,"Y",3.9,1,1
"839",1998,"CM","2.3","4192",NA,"Y",3.9,1,1
"840",1999,"CM","2.3","4192",2,"Y",3.9,1,1
"841",2000,"CM","2.3","4192",0,"Y",3.9,1,1
"842",2001,"CM","2.3","4192",0,"Y",3.9,1,1
"843",2002,"CM","2.3","4192",0,"Y",3.9,1,1
"844",2003,"CM","2.3","4192",0,"Y",3.9,1,1
"845",2004,"CM","2.3","4192",0,"Y",3.9,1,1
"846",2005,"CM","2.3","4192",3,"Y",3.9,1,1
"847",2006,"CM","2.3","4192",0,"Y",3.9,1,1
"848",2007,"CM","2.3","4192",0,"Y",3.9,1,1
"849",2008,"CM","2.3","4192",0,"Y",3.9,1,1
"850",2009,"CM","2.3","4192",0,"Y",3.9,1,1
"851",2010,"CM","2.3","4192",0,"Y",3.9,1,1
"852",2011,"CM","2.3","4192",0,"Y",3.9,1,1
"853",2012,"CM","2.3","4192",0,"Y",3.9,1,1
"854",2013,"CM","2.3","4192",0,"Y",3.9,1,1
"855",2014,"CM","2.3","4192",0,"Y",3.9,1,1
"856",2015,"CM","2.3","4192",0,"Y",3.9,1,1
"857",2016,"CM","2.3","4192",4,"Y",3.9,1,1
"858",2017,"CM","2.3","4192",0,"Y",3.9,1,1
"859",2018,"CM","2.3","4192",0,"Y",3.9,1,1
"860",2019,"CM","2.3","4192",0,"M",3.9,1,1
"861",2020,"CM","2.3","4192",0,"M",3.9,1,1
"862",2021,"CM","2.3","4192",0,"M",3.9,1,1
"863",2022,"CM","2.3","4192",0,"M",3.9,1,1
"864",2023,"CM","2.3","4192",0,"M",3.9,1,1
"865",1997,"CM","2.4","4210",NA,"M",NA,0,1
"866",1998,"CM","2.4","4210",NA,"M",NA,0,1
"867",1999,"CM","2.4","4210",200,"M",NA,0,1
"868",2000,"CM","2.4","4210",0,"M",NA,0,1
"869",2001,"CM","2.4","4210",0,"M",NA,0,1
"870",2002,"CM","2.4","4210",0,"M",NA,0,1
"871",2003,"CM","2.4","4210",0,"M",NA,0,1
"872",2004,"CM","2.4","4210",80,"M",NA,0,1
"873",2005,"CM","2.4","4210",42,"M",NA,0,1
"874",2006,"CM","2.4","4210",2,"M",NA,0,1
"875",2007,"CM","2.4","4210",0,"M",NA,0,1
"876",2008,"CM","2.4","4210",30,"M",NA,0,1
"877",2009,"CM","2.4","4210",0,"M",NA,0,1
"878",2010,"CM","2.4","4210",0,"M",NA,0,1
"879",2011,"CM","2.4","4210",1,"M",NA,0,1
"880",2012,"CM","2.4","4210",0,"M",NA,0,1
"881",2013,"CM","2.4","4210",0,"M",NA,0,1
"882",2014,"CM","2.4","4210",0,"M",NA,0,1
"883",2015,"CM","2.4","4210",0,"M",NA,0,1
"884",2016,"CM","2.4","4210",52,"M",NA,0,1
"885",2017,"CM","2.4","4210",0,"M",NA,0,1
"886",2018,"CM","2.4","4210",40,"M",NA,0,1
"887",2019,"CM","2.4","4210",0,"M",NA,0,1
"888",2020,"CM","2.4","4210",8,"M",NA,0,1
"889",2021,"CM","2.4","4210",0,"M",NA,0,1
"890",2022,"CM","2.4","4210",0,"M",NA,0,1
"891",2023,"CM","2.4","4210",NA,"M",NA,0,1
"892",1997,"CM","4.1","4218",NA,"M",2.8,1,1
"893",1998,"CM","4.1","4218",NA,"M",2.8,1,1
"894",1999,"CM","4.1","4218",91,"M",2.8,1,1
"895",2000,"CM","4.1","4218",0,"M",2.8,1,1
"896",2001,"CM","4.1","4218",0,"M",2.8,1,1
"897",2002,"CM","4.1","4218",0,"M",2.8,1,1
"898",2003,"CM","4.1","4218",0,"M",2.8,1,1
"899",2004,"CM","4.1","4218",50,"M",2.8,1,1
"900",2005,"CM","4.1","4218",12,"M",2.8,1,1
"901",2006,"CM","4.1","4218",0,"M",2.8,1,1
"902",2007,"CM","4.1","4218",0,"M",2.8,1,1
"903",2008,"CM","4.1","4218",185,"M",2.8,1,1
"904",2009,"CM","4.1","4218",0,"M",2.8,1,1
"905",2010,"CM","4.1","4218",7,"M",2.8,1,1
"906",2011,"CM","4.1","4218",2,"M",2.8,1,1
"907",2012,"CM","4.1","4218",0,"M",2.8,1,1
"908",2013,"CM","4.1","4218",0,"M",2.8,1,1
"909",2014,"CM","4.1","4218",0,"M",2.8,1,1
"910",2015,"CM","4.1","4218",0,"M",2.8,1,1
"911",2016,"CM","4.1","4218",NA,"M",2.8,1,1
"912",2017,"CM","4.1","4218",NA,"M",2.8,1,1
"913",2018,"CM","4.1","4218",NA,"M",2.8,1,1
"914",2019,"CM","4.1","4218",0,"M",2.8,1,1
"915",2020,"CM","4.1","4218",9,"M",2.8,1,1
"916",2021,"CM","4.1","4218",0,"M",2.8,1,1
"917",2022,"CM","4.1","4218",0,"M",2.8,1,1
"918",2023,"CM","4.1","4218",0,"M",2.8,1,1
"919",1997,"CM","4.1","4220",NA,"Y",2.5,1,1
"920",1998,"CM","4.1","4220",NA,"Y",2.5,1,1
"921",1999,"CM","4.1","4220",22,"Y",2.5,1,1
"922",2000,"CM","4.1","4220",0,"Y",2.5,1,1
"923",2001,"CM","4.1","4220",2,"Y",2.5,1,1
"924",2002,"CM","4.1","4220",0,"Y",2.5,1,1
"925",2003,"CM","4.1","4220",0,"Y",2.5,1,1
"926",2004,"CM","4.1","4220",4,"Y",2.5,1,1
"927",2005,"CM","4.1","4220",7,"Y",2.5,1,1
"928",2006,"CM","4.1","4220",1,"Y",2.5,1,1
"929",2007,"CM","4.1","4220",0,"Y",2.5,1,1
"930",2008,"CM","4.1","4220",73,"Y",2.5,1,1
"931",2009,"CM","4.1","4220",0,"Y",2.5,1,1
"932",2010,"CM","4.1","4220",1,"Y",2.5,1,1
"933",2011,"CM","4.1","4220",1,"Y",2.5,1,1
"934",2012,"CM","4.1","4220",0,"Y",2.5,1,1
"935",2013,"CM","4.1","4220",0,"Y",2.5,1,1
"936",2014,"CM","4.1","4220",0,"Y",2.5,1,1
"937",2015,"CM","4.1","4220",0,"Y",2.5,1,1
"938",2016,"CM","4.1","4220",0,"Y",2.5,1,1
"939",2017,"CM","4.1","4220",0,"Y",2.5,1,1
"940",2018,"CM","4.1","4220",0,"Y",2.5,1,1
"941",2019,"CM","4.1","4220",0,"Y",2.5,1,1
"942",2020,"CM","4.1","4220",4,"Y",2.5,1,1
"943",2021,"CM","4.1","4220",0,"Y",2.5,1,1
"944",2022,"CM","4.1","4220",0,"Y",2.5,1,1
"945",2023,"CM","4.1","4220",0,"Y",2.5,1,1
"946",1997,"CM","4.1","4226",NA,"Y",2.8,1,1
"947",1998,"CM","4.1","4226",NA,"Y",2.8,1,1
"948",1999,"CM","4.1","4226",10,"Y",2.8,1,1
"949",2000,"CM","4.1","4226",0,"Y",2.8,1,1
"950",2001,"CM","4.1","4226",0,"Y",2.8,1,1
"951",2002,"CM","4.1","4226",0,"Y",2.8,1,1
"952",2003,"CM","4.1","4226",0,"Y",2.8,1,1
"953",2004,"CM","4.1","4226",62,"Y",2.8,1,1
"954",2005,"CM","4.1","4226",11,"Y",2.8,1,1
"955",2006,"CM","4.1","4226",0,"Y",2.8,1,1
"956",2007,"CM","4.1","4226",0,"Y",2.8,1,1
"957",2008,"CM","4.1","4226",75,"Y",2.8,1,1
"958",2009,"CM","4.1","4226",0,"Y",2.8,1,1
"959",2010,"CM","4.1","4226",0,"Y",2.8,1,1
"960",2011,"CM","4.1","4226",0,"Y",2.8,1,1
"961",2012,"CM","4.1","4226",0,"Y",2.8,1,1
"962",2013,"CM","4.1","4226",0,"Y",2.8,1,1
"963",2014,"CM","4.1","4226",0,"Y",2.8,1,1
"964",2015,"CM","4.1","4226",0,"Y",2.8,1,1
"965",2016,"CM","4.1","4226",0,"Y",2.8,1,1
"966",2017,"CM","4.1","4226",0,"Y",2.8,1,1
"967",2018,"CM","4.1","4226",0,"Y",2.8,1,1
"968",2019,"CM","4.1","4226",0,"Y",2.8,1,1
"969",2020,"CM","4.1","4226",0,"Y",2.8,1,1
"970",2021,"CM","4.1","4226",0,"Y",2.8,1,1
"971",2022,"CM","4.1","4226",0,"Y",2.8,1,1
"972",2023,"CM","4.1","4226",0,"Y",2.8,1,1
"973",1997,"CM","4.1","4229",NA,"Y",3.6,1,1
"974",1998,"CM","4.1","4229",NA,"Y",3.6,1,1
"975",1999,"CM","4.1","4229",120,"Y",3.6,1,1
"976",2000,"CM","4.1","4229",0,"Y",3.6,1,1
"977",2001,"CM","4.1","4229",0,"Y",3.6,1,1
"978",2002,"CM","4.1","4229",0,"Y",3.6,1,1
"979",2003,"CM","4.1","4229",0,"Y",3.6,1,1
"980",2004,"CM","4.1","4229",53,"Y",3.6,1,1
"981",2005,"CM","4.1","4229",24,"Y",3.6,1,1
"982",2006,"CM","4.1","4229",0,"Y",3.6,1,1
"983",2007,"CM","4.1","4229",0,"Y",3.6,1,1
"984",2008,"CM","4.1","4229",16,"Y",3.6,1,1
"985",2009,"CM","4.1","4229",0,"Y",3.6,1,1
"986",2010,"CM","4.1","4229",0,"Y",3.6,1,1
"987",2011,"CM","4.1","4229",0,"Y",3.6,1,1
"988",2012,"CM","4.1","4229",0,"Y",3.6,1,1
"989",2013,"CM","4.1","4229",0,"Y",3.6,1,1
"990",2014,"CM","4.1","4229",0,"Y",3.6,1,1
"991",2015,"CM","4.1","4229",0,"Y",3.6,1,1
"992",2016,"CM","4.1","4229",0,"Y",3.6,1,1
"993",2017,"CM","4.1","4229",0,"Y",3.6,1,1
"994",2018,"CM","4.1","4229",0,"Y",3.6,1,1
"995",2019,"CM","4.1","4229",0,"M",3.6,1,1
"996",2020,"CM","4.1","4229",22,"M",3.6,1,1
"997",2021,"CM","4.1","4229",0,"M",3.6,1,1
"998",2022,"CM","4.1","4229",0,"M",3.6,1,1
"999",2023,"CM","4.1","4229",0,"M",3.6,1,1
"1000",1997,"CM","4.1","4234",NA,"M",3.2,1,1
"1001",1998,"CM","4.1","4234",NA,"M",3.2,1,1
"1002",1999,"CM","4.1","4234",15,"M",3.2,1,1
"1003",2000,"CM","4.1","4234",0,"M",3.2,1,1
"1004",2001,"CM","4.1","4234",0,"M",3.2,1,1
"1005",2002,"CM","4.1","4234",0,"M",3.2,1,1
"1006",2003,"CM","4.1","4234",0,"M",3.2,1,1
"1007",2004,"CM","4.1","4234",15,"M",3.2,1,1
"1008",2005,"CM","4.1","4234",2,"M",3.2,1,1
"1009",2006,"CM","4.1","4234",0,"M",3.2,1,1
"1010",2007,"CM","4.1","4234",0,"M",3.2,1,1
"1011",2008,"CM","4.1","4234",21,"M",3.2,1,1
"1012",2009,"CM","4.1","4234",0,"M",3.2,1,1
"1013",2010,"CM","4.1","4234",0,"M",3.2,1,1
"1014",2011,"CM","4.1","4234",0,"M",3.2,1,1
"1015",2012,"CM","4.1","4234",0,"M",3.2,1,1
"1016",2013,"CM","4.1","4234",0,"M",3.2,1,1
"1017",2014,"CM","4.1","4234",0,"M",3.2,1,1
"1018",2015,"CM","4.1","4234",0,"M",3.2,1,1
"1019",2016,"CM","4.1","4234",3,"M",3.2,1,1
"1020",2017,"CM","4.1","4234",0,"M",3.2,1,1
"1021",2018,"CM","4.1","4234",10,"M",3.2,1,1
"1022",2019,"CM","4.1","4234",0,"M",3.2,1,1
"1023",2020,"CM","4.1","4234",8,"M",3.2,1,1
"1024",2021,"CM","4.1","4234",0,"M",3.2,1,1
"1025",2022,"CM","4.1","4234",0,"M",3.2,1,1
"1026",2023,"CM","4.1","4234",0,"M",3.2,1,1
"1027",1997,"CM","4.1","4235",NA,"M",2.6,1,1
"1028",1998,"CM","4.1","4235",NA,"M",2.6,1,1
"1029",1999,"CM","4.1","4235",34,"M",2.6,1,1
"1030",2000,"CM","4.1","4235",0,"M",2.6,1,1
"1031",2001,"CM","4.1","4235",0,"M",2.6,1,1
"1032",2002,"CM","4.1","4235",2,"M",2.6,1,1
"1033",2003,"CM","4.1","4235",0,"M",2.6,1,1
"1034",2004,"CM","4.1","4235",63,"M",2.6,1,1
"1035",2005,"CM","4.1","4235",39,"M",2.6,1,1
"1036",2006,"CM","4.1","4235",0,"M",2.6,1,1
"1037",2007,"CM","4.1","4235",0,"M",2.6,1,1
"1038",2008,"CM","4.1","4235",118,"M",2.6,1,1
"1039",2009,"CM","4.1","4235",0,"M",2.6,1,1
"1040",2010,"CM","4.1","4235",2,"M",2.6,1,1
"1041",2011,"CM","4.1","4235",2,"M",2.6,1,1
"1042",2012,"CM","4.1","4235",0,"M",2.6,1,1
"1043",2013,"CM","4.1","4235",0,"M",2.6,1,1
"1044",2014,"CM","4.1","4235",0,"M",2.6,1,1
"1045",2015,"CM","4.1","4235",0,"M",2.6,1,1
"1046",2016,"CM","4.1","4235",51,"M",2.6,1,1
"1047",2017,"CM","4.1","4235",0,"M",2.6,1,1
"1048",2018,"CM","4.1","4235",16,"M",2.6,1,1
"1049",2019,"CM","4.1","4235",0,"M",2.6,1,1
"1050",2020,"CM","4.1","4235",39,"M",2.6,1,1
"1051",2021,"CM","4.1","4235",0,"M",2.6,1,1
"1052",2022,"CM","4.1","4235",0,"M",2.6,1,1
"1053",2023,"CM","4.1","4235",0,"M",2.6,1,1
"1054",1997,"CM","4.1","4237",NA,"M",NA,0,1
"1055",1998,"CM","4.1","4237",NA,"M",NA,0,1
"1056",1999,"CM","4.1","4237",53,"M",NA,0,1
"1057",2000,"CM","4.1","4237",0,"M",NA,0,1
"1058",2001,"CM","4.1","4237",0,"M",NA,0,1
"1059",2002,"CM","4.1","4237",0,"M",NA,0,1
"1060",2003,"CM","4.1","4237",0,"M",NA,0,1
"1061",2004,"CM","4.1","4237",42,"M",NA,0,1
"1062",2005,"CM","4.1","4237",7,"M",NA,0,1
"1063",2006,"CM","4.1","4237",1,"M",NA,0,1
"1064",2007,"CM","4.1","4237",0,"M",NA,0,1
"1065",2008,"CM","4.1","4237",85,"M",NA,0,1
"1066",2009,"CM","4.1","4237",0,"M",NA,0,1
"1067",2010,"CM","4.1","4237",0,"M",NA,0,1
"1068",2011,"CM","4.1","4237",0,"M",NA,0,1
"1069",2012,"CM","4.1","4237",0,"M",NA,0,1
"1070",2013,"CM","4.1","4237",0,"M",NA,0,1
"1071",2014,"CM","4.1","4237",0,"M",NA,0,1
"1072",2015,"CM","4.1","4237",0,"M",NA,0,1
"1073",2016,"CM","4.1","4237",NA,"M",NA,0,1
"1074",2017,"CM","4.1","4237",NA,"M",NA,0,1
"1075",2018,"CM","4.1","4237",NA,"M",NA,0,1
"1076",2019,"CM","4.1","4237",NA,"M",NA,0,1
"1077",2020,"CM","4.1","4237",NA,"M",NA,0,1
"1078",2021,"CM","4.1","4237",NA,"M",NA,0,1
"1079",2022,"CM","4.1","4237",NA,"M",NA,0,1
"1080",2023,"CM","4.1","4237",NA,"M",NA,0,1
"1081",1997,"CM","4.1","4239",NA,"M",3.7,1,1
"1082",1998,"CM","4.1","4239",NA,"M",3.7,1,1
"1083",1999,"CM","4.1","4239",68,"M",3.7,1,1
"1084",2000,"CM","4.1","4239",0,"M",3.7,1,1
"1085",2001,"CM","4.1","4239",0,"M",3.7,1,1
"1086",2002,"CM","4.1","4239",0,"M",3.7,1,1
"1087",2003,"CM","4.1","4239",0,"M",3.7,1,1
"1088",2004,"CM","4.1","4239",57,"M",3.7,1,1
"1089",2005,"CM","4.1","4239",19,"M",3.7,1,1
"1090",2006,"CM","4.1","4239",6,"M",3.7,1,1
"1091",2007,"CM","4.1","4239",0,"M",3.7,1,1
"1092",2008,"CM","4.1","4239",155,"M",3.7,1,1
"1093",2009,"CM","4.1","4239",0,"M",3.7,1,1
"1094",2010,"CM","4.1","4239",1,"M",3.7,1,1
"1095",2011,"CM","4.1","4239",4,"M",3.7,1,1
"1096",2012,"CM","4.1","4239",0,"M",3.7,1,1
"1097",2013,"CM","4.1","4239",0,"M",3.7,1,1
"1098",2014,"CM","4.1","4239",0,"M",3.7,1,1
"1099",2015,"CM","4.1","4239",0,"M",3.7,1,1
"1100",2016,"CM","4.1","4239",3,"M",3.7,1,1
"1101",2017,"CM","4.1","4239",0,"M",3.7,1,1
"1102",2018,"CM","4.1","4239",24,"M",3.7,1,1
"1103",2019,"CM","4.1","4239",0,"M",3.7,1,1
"1104",2020,"CM","4.1","4239",37,"M",3.7,1,1
"1105",2021,"CM","4.1","4239",0,"M",3.7,1,1
"1106",2022,"CM","4.1","4239",0,"M",3.7,1,1
"1107",2023,"CM","4.1","4239",0,"M",3.7,1,1
"1108",1997,"CM","4.1","4240",NA,"Y",3.1,1,1
"1109",1998,"CM","4.1","4240",NA,"Y",3.1,1,1
"1110",1999,"CM","4.1","4240",16,"Y",3.1,1,1
"1111",2000,"CM","4.1","4240",0,"Y",3.1,1,1
"1112",2001,"CM","4.1","4240",1,"Y",3.1,1,1
"1113",2002,"CM","4.1","4240",0,"Y",3.1,1,1
"1114",2003,"CM","4.1","4240",0,"Y",3.1,1,1
"1115",2004,"CM","4.1","4240",0,"Y",3.1,1,1
"1116",2005,"CM","4.1","4240",12,"Y",3.1,1,1
"1117",2006,"CM","4.1","4240",0,"Y",3.1,1,1
"1118",2007,"CM","4.1","4240",0,"Y",3.1,1,1
"1119",2008,"CM","4.1","4240",27,"Y",3.1,1,1
"1120",2009,"CM","4.1","4240",0,"Y",3.1,1,1
"1121",2010,"CM","4.1","4240",0,"Y",3.1,1,1
"1122",2011,"CM","4.1","4240",0,"Y",3.1,1,1
"1123",2012,"CM","4.1","4240",0,"Y",3.1,1,1
"1124",2013,"CM","4.1","4240",0,"Y",3.1,1,1
"1125",2014,"CM","4.1","4240",0,"Y",3.1,1,1
"1126",2015,"CM","4.1","4240",0,"Y",3.1,1,1
"1127",2016,"CM","4.1","4240",0,"Y",3.1,1,1
"1128",2017,"CM","4.1","4240",0,"Y",3.1,1,1
"1129",2018,"CM","4.1","4240",2,"Y",3.1,1,1
"1130",2019,"CM","4.1","4240",0,"Y",3.1,1,1
"1131",2020,"CM","4.1","4240",2,"Y",3.1,1,1
"1132",2021,"CM","4.1","4240",0,"Y",3.1,1,1
"1133",2022,"CM","4.1","4240",0,"Y",3.1,1,1
"1134",2023,"CM","4.1","4240",0,"Y",3.1,1,1
"1135",1997,"CM","4.2","4270",NA,"M",NA,0,1
"1136",1998,"CM","4.2","4270",NA,"M",NA,0,1
"1137",1999,"CM","4.2","4270",25,"M",NA,0,1
"1138",2000,"CM","4.2","4270",0,"M",NA,0,1
"1139",2001,"CM","4.2","4270",0,"M",NA,0,1
"1140",2002,"CM","4.2","4270",NA,"M",NA,0,1
"1141",2003,"CM","4.2","4270",NA,"M",NA,0,1
"1142",2004,"CM","4.2","4270",NA,"M",NA,0,1
"1143",2005,"CM","4.2","4270",NA,"M",NA,0,1
"1144",2006,"CM","4.2","4270",NA,"M",NA,0,1
"1145",2007,"CM","4.2","4270",NA,"M",NA,0,1
"1146",2008,"CM","4.2","4270",NA,"M",NA,0,1
"1147",2009,"CM","4.2","4270",NA,"M",NA,0,1
"1148",2010,"CM","4.2","4270",0,"M",NA,0,1
"1149",2011,"CM","4.2","4270",NA,"M",NA,0,1
"1150",2012,"CM","4.2","4270",NA,"M",NA,0,1
"1151",2013,"CM","4.2","4270",NA,"M",NA,0,1
"1152",2014,"CM","4.2","4270",NA,"M",NA,0,1
"1153",2015,"CM","4.2","4270",NA,"M",NA,0,1
"1154",2016,"CM","4.2","4270",NA,"M",NA,0,1
"1155",2017,"CM","4.2","4270",NA,"M",NA,0,1
"1156",2018,"CM","4.2","4270",NA,"M",NA,0,1
"1157",2019,"CM","4.2","4270",NA,"M",NA,0,1
"1158",2020,"CM","4.2","4270",NA,"M",NA,0,1
"1159",2021,"CM","4.2","4270",NA,"M",NA,0,1
"1160",2022,"CM","4.2","4270",NA,"M",NA,0,1
"1161",2023,"CM","4.2","4270",NA,"M",NA,0,1
"1162",1997,"CM","4.3","4273",NA,"O",4.9,1,1
"1163",1998,"CM","4.3","4273",NA,"O",4.9,1,1
"1164",1999,"CM","4.3","4273",240,"O",4.9,1,1
"1165",2000,"CM","4.3","4273",0,"O",4.9,1,1
"1166",2001,"CM","4.3","4273",0,"O",4.9,1,1
"1167",2002,"CM","4.3","4273",0,"O",4.9,1,1
"1168",2003,"CM","4.3","4273",0,"O",4.9,1,1
"1169",2004,"CM","4.3","4273",110,"O",4.9,1,1
"1170",2005,"CM","4.3","4273",46,"O",4.9,1,1
"1171",2006,"CM","4.3","4273",0,"O",4.9,1,1
"1172",2007,"CM","4.3","4273",0,"O",4.9,1,1
"1173",2008,"CM","4.3","4273",185,"O",4.9,1,1
"1174",2009,"CM","4.3","4273",0,"O",4.9,1,1
"1175",2010,"CM","4.3","4273",1,"O",4.9,1,1
"1176",2011,"CM","4.3","4273",6,"O",4.9,1,1
"1177",2012,"CM","4.3","4273",0,"O",4.9,1,1
"1178",2013,"CM","4.3","4273",0,"O",4.9,1,1
"1179",2014,"CM","4.3","4273",0,"O",4.9,1,1
"1180",2015,"CM","4.3","4273",0,"O",4.9,1,1
"1181",2016,"CM","4.3","4273",15,"O",4.9,1,1
"1182",2017,"CM","4.3","4273",0,"O",4.9,1,1
"1183",2018,"CM","4.3","4273",55,"O",4.9,1,1
"1184",2019,"CM","4.3","4273",0,"O",4.9,1,1
"1185",2020,"CM","4.3","4273",49,"O",4.9,1,1
"1186",2021,"CM","4.3","4273",0,"O",4.9,1,1
"1187",2022,"CM","4.3","4273",0,"O",4.9,1,1
"1188",2023,"CM","4.3","4273",0,"O",4.9,1,1
"1189",1997,"CM","4.3","4275",NA,"O",5,1,1
"1190",1998,"CM","4.3","4275",NA,"O",5,1,1
"1191",1999,"CM","4.3","4275",190,"O",5,1,1
"1192",2000,"CM","4.3","4275",0,"O",5,1,1
"1193",2001,"CM","4.3","4275",0,"O",5,1,1
"1194",2002,"CM","4.3","4275",0,"O",5,1,1
"1195",2003,"CM","4.3","4275",0,"O",5,1,1
"1196",2004,"CM","4.3","4275",225,"O",5,1,1
"1197",2005,"CM","4.3","4275",47,"O",5,1,1
"1198",2006,"CM","4.3","4275",0,"O",5,1,1
"1199",2007,"CM","4.3","4275",0,"O",5,1,1
"1200",2008,"CM","4.3","4275",170,"O",5,1,1
"1201",2009,"CM","4.3","4275",0,"O",5,1,1
"1202",2010,"CM","4.3","4275",2,"O",5,1,1
"1203",2011,"CM","4.3","4275",54,"O",5,1,1
"1204",2012,"CM","4.3","4275",0,"O",5,1,1
"1205",2013,"CM","4.3","4275",0,"O",5,1,1
"1206",2014,"CM","4.3","4275",0,"O",5,1,1
"1207",2015,"CM","4.3","4275",0,"O",5,1,1
"1208",2016,"CM","4.3","4275",70,"O",5,1,1
"1209",2017,"CM","4.3","4275",0,"O",5,1,1
"1210",2018,"CM","4.3","4275",40,"O",5,1,1
"1211",2019,"CM","4.3","4275",0,"O",5,1,1
"1212",2020,"CM","4.3","4275",21,"O",5,1,1
"1213",2021,"CM","4.3","4275",0,"O",5,1,1
"1214",2022,"CM","4.3","4275",0,"O",5,1,1
"1215",2023,"CM","4.3","4275",11,"O",5,1,1
"1216",1997,"CM","4.3","4277",NA,"O",4.2,1,1
"1217",1998,"CM","4.3","4277",NA,"O",4.2,1,1
"1218",1999,"CM","4.3","4277",310,"O",4.2,1,1
"1219",2000,"CM","4.3","4277",0,"O",4.2,1,1
"1220",2001,"CM","4.3","4277",0,"O",4.2,1,1
"1221",2002,"CM","4.3","4277",2,"O",4.2,1,1
"1222",2003,"CM","4.3","4277",0,"O",4.2,1,1
"1223",2004,"CM","4.3","4277",130,"O",4.2,1,1
"1224",2005,"CM","4.3","4277",130,"O",4.2,1,1
"1225",2006,"CM","4.3","4277",0,"O",4.2,1,1
"1226",2007,"CM","4.3","4277",0,"O",4.2,1,1
"1227",2008,"CM","4.3","4277",220,"O",4.2,1,1
"1228",2009,"CM","4.3","4277",0,"O",4.2,1,1
"1229",2010,"CM","4.3","4277",1,"O",4.2,1,1
"1230",2011,"CM","4.3","4277",65,"O",4.2,1,1
"1231",2012,"CM","4.3","4277",0,"O",4.2,1,1
"1232",2013,"CM","4.3","4277",0,"O",4.2,1,1
"1233",2014,"CM","4.3","4277",0,"O",4.2,1,1
"1234",2015,"CM","4.3","4277",0,"O",4.2,1,1
"1235",2016,"CM","4.3","4277",12,"O",4.2,1,1
"1236",2017,"CM","4.3","4277",0,"O",4.2,1,1
"1237",2018,"CM","4.3","4277",110,"O",4.2,1,1
"1238",2019,"CM","4.3","4277",0,"O",4.2,1,1
"1239",2020,"CM","4.3","4277",37,"O",4.2,1,1
"1240",2021,"CM","4.3","4277",0,"O",4.2,1,1
"1241",2022,"CM","4.3","4277",0,"O",4.2,1,1
"1242",2023,"CM","4.3","4277",0,"O",4.2,1,1
"1243",1997,"CM","4.3","4278",NA,"O",4.8,1,1
"1244",1998,"CM","4.3","4278",NA,"O",4.8,1,1
"1245",1999,"CM","4.3","4278",6,"O",4.8,1,1
"1246",2000,"CM","4.3","4278",0,"O",4.8,1,1
"1247",2001,"CM","4.3","4278",0,"O",4.8,1,1
"1248",2002,"CM","4.3","4278",0,"O",4.8,1,1
"1249",2003,"CM","4.3","4278",0,"O",4.8,1,1
"1250",2004,"CM","4.3","4278",0,"O",4.8,1,1
"1251",2005,"CM","4.3","4278",9,"O",4.8,1,1
"1252",2006,"CM","4.3","4278",0,"O",4.8,1,1
"1253",2007,"CM","4.3","4278",0,"O",4.8,1,1
"1254",2008,"CM","4.3","4278",45,"O",4.8,1,1
"1255",2009,"CM","4.3","4278",0,"O",4.8,1,1
"1256",2010,"CM","4.3","4278",0,"O",4.8,1,1
"1257",2011,"CM","4.3","4278",NA,"O",4.8,1,1
"1258",2012,"CM","4.3","4278",NA,"O",4.8,1,1
"1259",2013,"CM","4.3","4278",NA,"O",4.8,1,1
"1260",2014,"CM","4.3","4278",NA,"O",4.8,1,1
"1261",2015,"CM","4.3","4278",NA,"O",4.8,1,1
"1262",2016,"CM","4.3","4278",NA,"O",4.8,1,1
"1263",2017,"CM","4.3","4278",NA,"O",4.8,1,1
"1264",2018,"CM","4.3","4278",NA,"O",4.8,1,1
"1265",2019,"CM","4.3","4278",0,"O",4.8,1,1
"1266",2020,"CM","4.3","4278",3,"O",4.8,1,1
"1267",2021,"CM","4.3","4278",0,"O",4.8,1,1
"1268",2022,"CM","4.3","4278",0,"O",4.8,1,1
"1269",2023,"CM","4.3","4278",0,"O",4.8,1,1
"1270",1997,"CM","4.3","4281",NA,"Y",3.8,1,1
"1271",1998,"CM","4.3","4281",NA,"Y",3.8,1,1
"1272",1999,"CM","4.3","4281",20,"Y",3.8,1,1
"1273",2000,"CM","4.3","4281",0,"Y",3.8,1,1
"1274",2001,"CM","4.3","4281",0,"Y",3.8,1,1
"1275",2002,"CM","4.3","4281",0,"Y",3.8,1,1
"1276",2003,"CM","4.3","4281",0,"Y",3.8,1,1
"1277",2004,"CM","4.3","4281",51,"Y",3.8,1,1
"1278",2005,"CM","4.3","4281",6,"Y",3.8,1,1
"1279",2006,"CM","4.3","4281",0,"Y",3.8,1,1
"1280",2007,"CM","4.3","4281",0,"Y",3.8,1,1
"1281",2008,"CM","4.3","4281",35,"Y",3.8,1,1
"1282",2009,"CM","4.3","4281",0,"Y",3.8,1,1
"1283",2010,"CM","4.3","4281",0,"Y",3.8,1,1
"1284",2011,"CM","4.3","4281",0,"Y",3.8,1,1
"1285",2012,"CM","4.3","4281",0,"Y",3.8,1,1
"1286",2013,"CM","4.3","4281",0,"Y",3.8,1,1
"1287",2014,"CM","4.3","4281",0,"Y",3.8,1,1
"1288",2015,"CM","4.3","4281",0,"Y",3.8,1,1
"1289",2016,"CM","4.3","4281",78,"Y",3.8,1,1
"1290",2017,"CM","4.3","4281",0,"Y",3.8,1,1
"1291",2018,"CM","4.3","4281",7,"Y",3.8,1,1
"1292",2019,"CM","4.3","4281",0,"Y",3.8,1,1
"1293",2020,"CM","4.3","4281",40,"Y",3.8,1,1
"1294",2021,"CM","4.3","4281",0,"M",3.8,1,1
"1295",2022,"CM","4.3","4281",0,"M",3.8,1,1
"1296",2023,"CM","4.3","4281",0,"M",3.8,1,1
"1297",1997,"CM","4.4","4288",NA,"M",NA,0,1
"1298",1998,"CM","4.4","4288",NA,"M",NA,0,1
"1299",1999,"CM","4.4","4288",260,"M",NA,0,1
"1300",2000,"CM","4.4","4288",0,"M",NA,0,1
"1301",2001,"CM","4.4","4288",0,"M",NA,0,1
"1302",2002,"CM","4.4","4288",0,"M",NA,0,1
"1303",2003,"CM","4.4","4288",0,"M",NA,0,1
"1304",2004,"CM","4.4","4288",47,"M",NA,0,1
"1305",2005,"CM","4.4","4288",108,"M",NA,0,1
"1306",2006,"CM","4.4","4288",1,"M",NA,0,1
"1307",2007,"CM","4.4","4288",0,"M",NA,0,1
"1308",2008,"CM","4.4","4288",180,"M",NA,0,1
"1309",2009,"CM","4.4","4288",0,"M",NA,0,1
"1310",2010,"CM","4.4","4288",2,"M",NA,0,1
"1311",2011,"CM","4.4","4288",29,"M",NA,0,1
"1312",2012,"CM","4.4","4288",0,"M",NA,0,1
"1313",2013,"CM","4.4","4288",0,"M",NA,0,1
"1314",2014,"CM","4.4","4288",0,"M",NA,0,1
"1315",2015,"CM","4.4","4288",0,"M",NA,0,1
"1316",2016,"CM","4.4","4288",10,"M",NA,0,1
"1317",2017,"CM","4.4","4288",0,"M",NA,0,1
"1318",2018,"CM","4.4","4288",12,"M",NA,0,1
"1319",2019,"CM","4.4","4288",0,"M",NA,0,1
"1320",2020,"CM","4.4","4288",19,"M",NA,0,1
"1321",2021,"CM","4.4","4288",0,"M",NA,0,1
"1322",2022,"CM","4.4","4288",NA,"M",NA,0,1
"1323",2023,"CM","4.4","4288",NA,"M",NA,0,1
"1324",1997,"CM","4.4","4293",NA,"M",3.6,1,1
"1325",1998,"CM","4.4","4293",NA,"M",3.6,1,1
"1326",1999,"CM","4.4","4293",225,"M",3.6,1,1
"1327",2000,"CM","4.4","4293",0,"M",3.6,1,1
"1328",2001,"CM","4.4","4293",5,"M",3.6,1,1
"1329",2002,"CM","4.4","4293",5,"M",3.6,1,1
"1330",2003,"CM","4.4","4293",0,"M",3.6,1,1
"1331",2004,"CM","4.4","4293",290,"M",3.6,1,1
"1332",2005,"CM","4.4","4293",62,"M",3.6,1,1
"1333",2006,"CM","4.4","4293",40,"M",3.6,1,1
"1334",2007,"CM","4.4","4293",0,"M",3.6,1,1
"1335",2008,"CM","4.4","4293",350,"M",3.6,1,1
"1336",2009,"CM","4.4","4293",0,"M",3.6,1,1
"1337",2010,"CM","4.4","4293",8,"M",3.6,1,1
"1338",2011,"CM","4.4","4293",7,"M",3.6,1,1
"1339",2012,"CM","4.4","4293",0,"M",3.6,1,1
"1340",2013,"CM","4.4","4293",0,"M",3.6,1,1
"1341",2014,"CM","4.4","4293",0,"M",3.6,1,1
"1342",2015,"CM","4.4","4293",0,"M",3.6,1,1
"1343",2016,"CM","4.4","4293",35,"M",3.6,1,1
"1344",2017,"CM","4.4","4293",0,"M",3.6,1,1
"1345",2018,"CM","4.4","4293",35,"M",3.6,1,1
"1346",2019,"CM","4.4","4293",0,"M",3.6,1,1
"1347",2020,"CM","4.4","4293",129,"M",3.6,1,1
"1348",2021,"CM","4.4","4293",0,"M",3.6,1,1
"1349",2022,"CM","4.4","4293",0,"M",3.6,1,1
"1350",2023,"CM","4.4","4293",0,"M",3.6,1,1
"1351",1997,"CM","4.4","4295",NA,"M",NA,0,1
"1352",1998,"CM","4.4","4295",NA,"M",NA,0,1
"1353",1999,"CM","4.4","4295",42,"M",NA,0,1
"1354",2000,"CM","4.4","4295",0,"M",NA,0,1
"1355",2001,"CM","4.4","4295",0,"M",NA,0,1
"1356",2002,"CM","4.4","4295",0,"M",NA,0,1
"1357",2003,"CM","4.4","4295",0,"M",NA,0,1
"1358",2004,"CM","4.4","4295",2,"M",NA,0,1
"1359",2005,"CM","4.4","4295",2,"M",NA,0,1
"1360",2006,"CM","4.4","4295",NA,"M",NA,0,1
"1361",2007,"CM","4.4","4295",NA,"M",NA,0,1
"1362",2008,"CM","4.4","4295",NA,"M",NA,0,1
"1363",2009,"CM","4.4","4295",NA,"M",NA,0,1
"1364",2010,"CM","4.4","4295",NA,"M",NA,0,1
"1365",2011,"CM","4.4","4295",NA,"M",NA,0,1
"1366",2012,"CM","4.4","4295",NA,"M",NA,0,1
"1367",2013,"CM","4.4","4295",NA,"M",NA,0,1
"1368",2014,"CM","4.4","4295",NA,"M",NA,0,1
"1369",2015,"CM","4.4","4295",NA,"M",NA,0,1
"1370",2016,"CM","4.4","4295",NA,"M",NA,0,1
"1371",2017,"CM","4.4","4295",NA,"M",NA,0,1
"1372",2018,"CM","4.4","4295",NA,"M",NA,0,1
"1373",2019,"CM","4.4","4295",NA,"M",NA,0,1
"1374",2020,"CM","4.4","4295",NA,"M",NA,0,1
"1375",2021,"CM","4.4","4295",NA,"M",NA,0,1
"1376",2022,"CM","4.4","4295",NA,"M",NA,0,1
"1377",2023,"CM","4.4","4295",NA,"M",NA,0,1
"1378",1997,"CM","4.4","4296",NA,"O",4.1,1,1
"1379",1998,"CM","4.4","4296",NA,"O",4.1,1,1
"1380",1999,"CM","4.4","4296",33,"O",4.1,1,1
"1381",2000,"CM","4.4","4296",0,"O",4.1,1,1
"1382",2001,"CM","4.4","4296",2,"O",4.1,1,1
"1383",2002,"CM","4.4","4296",1,"O",4.1,1,1
"1384",2003,"CM","4.4","4296",0,"O",4.1,1,1
"1385",2004,"CM","4.4","4296",28,"O",4.1,1,1
"1386",2005,"CM","4.4","4296",60,"O",4.1,1,1
"1387",2006,"CM","4.4","4296",2,"O",4.1,1,1
"1388",2007,"CM","4.4","4296",0,"O",4.1,1,1
"1389",2008,"CM","4.4","4296",25,"O",4.1,1,1
"1390",2009,"CM","4.4","4296",0,"O",4.1,1,1
"1391",2010,"CM","4.4","4296",1,"O",4.1,1,1
"1392",2011,"CM","4.4","4296",2,"O",4.1,1,1
"1393",2012,"CM","4.4","4296",0,"O",4.1,1,1
"1394",2013,"CM","4.4","4296",0,"O",4.1,1,1
"1395",2014,"CM","4.4","4296",0,"O",4.1,1,1
"1396",2015,"CM","4.4","4296",0,"O",4.1,1,1
"1397",2016,"CM","4.4","4296",2,"O",4.1,1,1
"1398",2017,"CM","4.4","4296",0,"O",4.1,1,1
"1399",2018,"CM","4.4","4296",15,"O",4.1,1,1
"1400",2019,"CM","4.4","4296",0,"O",4.1,1,1
"1401",2020,"CM","4.4","4296",2,"O",4.1,1,1
"1402",2021,"CM","4.4","4296",0,"O",4.1,1,1
"1403",2022,"CM","4.4","4296",0,"O",4.1,1,1
"1404",2023,"CM","4.4","4296",0,"O",4.1,1,1
"1405",1997,"CM","4.4","4298",NA,"O",4.7,1,1
"1406",1998,"CM","4.4","4298",NA,"O",4.7,1,1
"1407",1999,"CM","4.4","4298",100,"O",4.7,1,1
"1408",2000,"CM","4.4","4298",0,"O",4.7,1,1
"1409",2001,"CM","4.4","4298",0,"O",4.7,1,1
"1410",2002,"CM","4.4","4298",0,"O",4.7,1,1
"1411",2003,"CM","4.4","4298",0,"O",4.7,1,1
"1412",2004,"CM","4.4","4298",55,"O",4.7,1,1
"1413",2005,"CM","4.4","4298",105,"O",4.7,1,1
"1414",2006,"CM","4.4","4298",0,"O",4.7,1,1
"1415",2007,"CM","4.4","4298",0,"O",4.7,1,1
"1416",2008,"CM","4.4","4298",160,"O",4.7,1,1
"1417",2009,"CM","4.4","4298",0,"O",4.7,1,1
"1418",2010,"CM","4.4","4298",0,"O",4.7,1,1
"1419",2011,"CM","4.4","4298",1,"O",4.7,1,1
"1420",2012,"CM","4.4","4298",0,"O",4.7,1,1
"1421",2013,"CM","4.4","4298",0,"O",4.7,1,1
"1422",2014,"CM","4.4","4298",0,"O",4.7,1,1
"1423",2015,"CM","4.4","4298",0,"O",4.7,1,1
"1424",2016,"CM","4.4","4298",6,"O",4.7,1,1
"1425",2017,"CM","4.4","4298",0,"O",4.7,1,1
"1426",2018,"CM","4.4","4298",7,"O",4.7,1,1
"1427",2019,"CM","4.4","4298",0,"O",4.7,1,1
"1428",2020,"CM","4.4","4298",3,"O",4.7,1,1
"1429",2021,"CM","4.4","4298",0,"O",4.7,1,1
"1430",2022,"CM","4.4","4298",0,"O",4.7,1,1
"1431",2023,"CM","4.4","4298",0,"O",4.7,1,1
"1432",1997,"CM","4.4","4303",NA,"M",3.8,1,1
"1433",1998,"CM","4.4","4303",NA,"M",3.8,1,1
"1434",1999,"CM","4.4","4303",28,"M",3.8,1,1
"1435",2000,"CM","4.4","4303",0,"M",3.8,1,1
"1436",2001,"CM","4.4","4303",0,"M",3.8,1,1
"1437",2002,"CM","4.4","4303",0,"M",3.8,1,1
"1438",2003,"CM","4.4","4303",0,"M",3.8,1,1
"1439",2004,"CM","4.4","4303",180,"M",3.8,1,1
"1440",2005,"CM","4.4","4303",60,"M",3.8,1,1
"1441",2006,"CM","4.4","4303",6,"M",3.8,1,1
"1442",2007,"CM","4.4","4303",0,"M",3.8,1,1
"1443",2008,"CM","4.4","4303",200,"M",3.8,1,1
"1444",2009,"CM","4.4","4303",0,"M",3.8,1,1
"1445",2010,"CM","4.4","4303",0,"M",3.8,1,1
"1446",2011,"CM","4.4","4303",15,"M",3.8,1,1
"1447",2012,"CM","4.4","4303",0,"M",3.8,1,1
"1448",2013,"CM","4.4","4303",0,"M",3.8,1,1
"1449",2014,"CM","4.4","4303",0,"M",3.8,1,1
"1450",2015,"CM","4.4","4303",NA,"M",3.8,1,1
"1451",2016,"CM","4.4","4303",NA,"M",3.8,1,1
"1452",2017,"CM","4.4","4303",NA,"M",3.8,1,1
"1453",2018,"CM","4.4","4303",NA,"M",3.8,1,1
"1454",2019,"CM","4.4","4303",0,"M",3.8,1,1
"1455",2020,"CM","4.4","4303",15,"M",3.8,1,1
"1456",2021,"CM","4.4","4303",0,"M",3.8,1,1
"1457",2022,"CM","4.4","4303",0,"M",3.8,1,1
"1458",2023,"CM","4.4","4303",0,"M",3.8,1,1
"1459",1997,"CM","3.1","4304",NA,"O",4.8,1,1
"1460",1998,"CM","3.1","4304",NA,"O",4.8,1,1
"1461",1999,"CM","3.1","4304",88,"O",4.8,1,1
"1462",2000,"CM","3.1","4304",0,"O",4.8,1,1
"1463",2001,"CM","3.1","4304",0,"O",4.8,1,1
"1464",2002,"CM","3.1","4304",0,"O",4.8,1,1
"1465",2003,"CM","3.1","4304",0,"O",4.8,1,1
"1466",2004,"CM","3.1","4304",78,"O",4.8,1,1
"1467",2005,"CM","3.1","4304",20,"O",4.8,1,1
"1468",2006,"CM","3.1","4304",4,"O",4.8,1,1
"1469",2007,"CM","3.1","4304",0,"O",4.8,1,1
"1470",2008,"CM","3.1","4304",345,"O",4.8,1,1
"1471",2009,"CM","3.1","4304",0,"O",4.8,1,1
"1472",2010,"CM","3.1","4304",3,"O",4.8,1,1
"1473",2011,"CM","3.1","4304",48,"O",4.8,1,1
"1474",2012,"CM","3.1","4304",0,"O",4.8,1,1
"1475",2013,"CM","3.1","4304",0,"O",4.8,1,1
"1476",2014,"CM","3.1","4304",0,"O",4.8,1,1
"1477",2015,"CM","3.1","4304",0,"O",4.8,1,1
"1478",2016,"CM","3.1","4304",9,"O",4.8,1,1
"1479",2017,"CM","3.1","4304",0,"O",4.8,1,1
"1480",2018,"CM","3.1","4304",60,"O",4.8,1,1
"1481",2019,"CM","3.1","4304",0,"O",4.8,1,1
"1482",2020,"CM","3.1","4304",135,"O",4.8,1,1
"1483",2021,"CM","3.1","4304",0,"O",4.8,1,1
"1484",2022,"CM","3.1","4304",0,"O",4.8,1,1
"1485",2023,"CM","3.1","4304",0,"O",4.8,1,1
"1486",1997,"CM","3.1","4310",NA,"M",4.7,1,1
"1487",1998,"CM","3.1","4310",NA,"M",4.7,1,1
"1488",1999,"CM","3.1","4310",86,"M",4.7,1,1
"1489",2000,"CM","3.1","4310",0,"M",4.7,1,1
"1490",2001,"CM","3.1","4310",0,"M",4.7,1,1
"1491",2002,"CM","3.1","4310",0,"M",4.7,1,1
"1492",2003,"CM","3.1","4310",0,"M",4.7,1,1
"1493",2004,"CM","3.1","4310",16,"M",4.7,1,1
"1494",2005,"CM","3.1","4310",73,"M",4.7,1,1
"1495",2006,"CM","3.1","4310",3,"M",4.7,1,1
"1496",2007,"CM","3.1","4310",0,"M",4.7,1,1
"1497",2008,"CM","3.1","4310",55,"M",4.7,1,1
"1498",2009,"CM","3.1","4310",0,"M",4.7,1,1
"1499",2010,"CM","3.1","4310",0,"M",4.7,1,1
"1500",2011,"CM","3.1","4310",0,"M",4.7,1,1
"1501",2012,"CM","3.1","4310",0,"M",4.7,1,1
"1502",2013,"CM","3.1","4310",0,"M",4.7,1,1
"1503",2014,"CM","3.1","4310",0,"M",4.7,1,1
"1504",2015,"CM","3.1","4310",0,"M",4.7,1,1
"1505",2016,"CM","3.1","4310",18,"M",4.7,1,1
"1506",2017,"CM","3.1","4310",0,"M",4.7,1,1
"1507",2018,"CM","3.1","4310",28,"M",4.7,1,1
"1508",2019,"CM","3.1","4310",0,"M",4.7,1,1
"1509",2020,"CM","3.1","4310",0,"M",4.7,1,1
"1510",2021,"CM","3.1","4310",0,"M",4.7,1,1
"1511",2022,"CM","3.1","4310",0,"M",4.7,1,1
"1512",2023,"CM","3.1","4310",0,"M",4.7,1,1
"1513",1997,"CM","3.1","4312",NA,"M",3.6,1,1
"1514",1998,"CM","3.1","4312",NA,"M",3.6,1,1
"1515",1999,"CM","3.1","4312",95,"M",3.6,1,1
"1516",2000,"CM","3.1","4312",0,"M",3.6,1,1
"1517",2001,"CM","3.1","4312",0,"M",3.6,1,1
"1518",2002,"CM","3.1","4312",2,"M",3.6,1,1
"1519",2003,"CM","3.1","4312",0,"M",3.6,1,1
"1520",2004,"CM","3.1","4312",83,"M",3.6,1,1
"1521",2005,"CM","3.1","4312",42,"M",3.6,1,1
"1522",2006,"CM","3.1","4312",0,"M",3.6,1,1
"1523",2007,"CM","3.1","4312",0,"M",3.6,1,1
"1524",2008,"CM","3.1","4312",125,"M",3.6,1,1
"1525",2009,"CM","3.1","4312",0,"M",3.6,1,1
"1526",2010,"CM","3.1","4312",1,"M",3.6,1,1
"1527",2011,"CM","3.1","4312",6,"M",3.6,1,1
"1528",2012,"CM","3.1","4312",0,"M",3.6,1,1
"1529",2013,"CM","3.1","4312",0,"M",3.6,1,1
"1530",2014,"CM","3.1","4312",0,"M",3.6,1,1
"1531",2015,"CM","3.1","4312",0,"M",3.6,1,1
"1532",2016,"CM","3.1","4312",5,"M",3.6,1,1
"1533",2017,"CM","3.1","4312",0,"M",3.6,1,1
"1534",2018,"CM","3.1","4312",25,"M",3.6,1,1
"1535",2019,"CM","3.1","4312",0,"M",3.6,1,1
"1536",2020,"CM","3.1","4312",44,"M",3.6,1,1
"1537",2021,"CM","3.1","4312",0,"M",3.6,1,1
"1538",2022,"CM","3.1","4312",0,"M",3.6,1,1
"1539",2023,"CM","3.1","4312",0,"M",3.6,1,1
"1540",1997,"CM","3.1","4314",NA,"M",4.1,1,1
"1541",1998,"CM","3.1","4314",NA,"M",4.1,1,1
"1542",1999,"CM","3.1","4314",125,"M",4.1,1,1
"1543",2000,"CM","3.1","4314",0,"M",4.1,1,1
"1544",2001,"CM","3.1","4314",0,"M",4.1,1,1
"1545",2002,"CM","3.1","4314",0,"M",4.1,1,1
"1546",2003,"CM","3.1","4314",0,"M",4.1,1,1
"1547",2004,"CM","3.1","4314",32,"M",4.1,1,1
"1548",2005,"CM","3.1","4314",136,"M",4.1,1,1
"1549",2006,"CM","3.1","4314",8,"M",4.1,1,1
"1550",2007,"CM","3.1","4314",0,"M",4.1,1,1
"1551",2008,"CM","3.1","4314",140,"M",4.1,1,1
"1552",2009,"CM","3.1","4314",0,"M",4.1,1,1
"1553",2010,"CM","3.1","4314",2,"M",4.1,1,1
"1554",2011,"CM","3.1","4314",2,"M",4.1,1,1
"1555",2012,"CM","3.1","4314",0,"M",4.1,1,1
"1556",2013,"CM","3.1","4314",0,"M",4.1,1,1
"1557",2014,"CM","3.1","4314",0,"M",4.1,1,1
"1558",2015,"CM","3.1","4314",0,"M",4.1,1,1
"1559",2016,"CM","3.1","4314",22,"M",4.1,1,1
"1560",2017,"CM","3.1","4314",0,"M",4.1,1,1
"1561",2018,"CM","3.1","4314",20,"M",4.1,1,1
"1562",2019,"CM","3.1","4314",0,"M",4.1,1,1
"1563",2020,"CM","3.1","4314",7,"M",4.1,1,1
"1564",2021,"CM","3.1","4314",0,"M",4.1,1,1
"1565",2022,"CM","3.1","4314",0,"M",4.1,1,1
"1566",2023,"CM","3.1","4314",0,"M",4.1,1,1
"1567",1997,"CM","3.2","4326",NA,"O",4.6,1,1
"1568",1998,"CM","3.2","4326",NA,"O",4.6,1,1
"1569",1999,"CM","3.2","4326",178,"O",4.6,1,1
"1570",2000,"CM","3.2","4326",0,"O",4.6,1,1
"1571",2001,"CM","3.2","4326",0,"O",4.6,1,1
"1572",2002,"CM","3.2","4326",6,"O",4.6,1,1
"1573",2003,"CM","3.2","4326",0,"O",4.6,1,1
"1574",2004,"CM","3.2","4326",268,"O",4.6,1,1
"1575",2005,"CM","3.2","4326",145,"O",4.6,1,1
"1576",2006,"CM","3.2","4326",0,"O",4.6,1,1
"1577",2007,"CM","3.2","4326",0,"O",4.6,1,1
"1578",2008,"CM","3.2","4326",470,"O",4.6,1,1
"1579",2009,"CM","3.2","4326",0,"O",4.6,1,1
"1580",2010,"CM","3.2","4326",6,"O",4.6,1,1
"1581",2011,"CM","3.2","4326",0,"O",4.6,1,1
"1582",2012,"CM","3.2","4326",0,"O",4.6,1,1
"1583",2013,"CM","3.2","4326",0,"O",4.6,1,1
"1584",2014,"CM","3.2","4326",0,"O",4.6,1,1
"1585",2015,"CM","3.2","4326",0,"O",4.6,1,1
"1586",2016,"CM","3.2","4326",320,"O",4.6,1,1
"1587",2017,"CM","3.2","4326",0,"O",4.6,1,1
"1588",2018,"CM","3.2","4326",225,"O",4.6,1,1
"1589",2019,"CM","3.2","4326",0,"O",4.6,1,1
"1590",2020,"CM","3.2","4326",138,"O",4.6,1,1
"1591",2021,"CM","3.2","4326",0,"O",4.6,1,1
"1592",2022,"CM","3.2","4326",NA,"O",4.6,1,1
"1593",2023,"CM","3.2","4326",0,"O",4.6,1,1
"1594",1997,"CM","3.2","4331",NA,"M",3.6,1,1
"1595",1998,"CM","3.2","4331",NA,"M",3.6,1,1
"1596",1999,"CM","3.2","4331",105,"M",3.6,1,1
"1597",2000,"CM","3.2","4331",0,"M",3.6,1,1
"1598",2001,"CM","3.2","4331",0,"M",3.6,1,1
"1599",2002,"CM","3.2","4331",0,"M",3.6,1,1
"1600",2003,"CM","3.2","4331",0,"M",3.6,1,1
"1601",2004,"CM","3.2","4331",40,"M",3.6,1,1
"1602",2005,"CM","3.2","4331",32,"M",3.6,1,1
"1603",2006,"CM","3.2","4331",2,"M",3.6,1,1
"1604",2007,"CM","3.2","4331",0,"M",3.6,1,1
"1605",2008,"CM","3.2","4331",220,"M",3.6,1,1
"1606",2009,"CM","3.2","4331",0,"M",3.6,1,1
"1607",2010,"CM","3.2","4331",1,"M",3.6,1,1
"1608",2011,"CM","3.2","4331",1,"M",3.6,1,1
"1609",2012,"CM","3.2","4331",0,"M",3.6,1,1
"1610",2013,"CM","3.2","4331",0,"M",3.6,1,1
"1611",2014,"CM","3.2","4331",0,"M",3.6,1,1
"1612",2015,"CM","3.2","4331",0,"M",3.6,1,1
"1613",2016,"CM","3.2","4331",11,"M",3.6,1,1
"1614",2017,"CM","3.2","4331",0,"M",3.6,1,1
"1615",2018,"CM","3.2","4331",18,"M",3.6,1,1
"1616",2019,"CM","3.2","4331",0,"M",3.6,1,1
"1617",2020,"CM","3.2","4331",64,"M",3.6,1,1
"1618",2021,"CM","3.2","4331",0,"M",3.6,1,1
"1619",2022,"CM","3.2","4331",0,"M",3.6,1,1
"1620",2023,"CM","3.2","4331",0,"M",3.6,1,1
"1621",1997,"CM","3.2","4332",NA,"Y",NA,0,1
"1622",1998,"CM","3.2","4332",NA,"Y",NA,0,1
"1623",1999,"CM","3.2","4332",60,"Y",NA,0,1
"1624",2000,"CM","3.2","4332",0,"Y",NA,0,1
"1625",2001,"CM","3.2","4332",0,"Y",NA,0,1
"1626",2002,"CM","3.2","4332",0,"Y",NA,0,1
"1627",2003,"CM","3.2","4332",0,"Y",NA,0,1
"1628",2004,"CM","3.2","4332",15,"Y",NA,0,1
"1629",2005,"CM","3.2","4332",57,"Y",NA,0,1
"1630",2006,"CM","3.2","4332",0,"Y",NA,0,1
"1631",2007,"CM","3.2","4332",0,"Y",NA,0,1
"1632",2008,"CM","3.2","4332",12,"Y",NA,0,1
"1633",2009,"CM","3.2","4332",0,"Y",NA,0,1
"1634",2010,"CM","3.2","4332",0,"Y",NA,0,1
"1635",2011,"CM","3.2","4332",0,"Y",NA,0,1
"1636",2012,"CM","3.2","4332",0,"Y",NA,0,1
"1637",2013,"CM","3.2","4332",0,"Y",NA,0,1
"1638",2014,"CM","3.2","4332",0,"Y",NA,0,1
"1639",2015,"CM","3.2","4332",0,"Y",NA,0,1
"1640",2016,"CM","3.2","4332",0,"Y",NA,0,1
"1641",2017,"CM","3.2","4332",0,"Y",NA,0,1
"1642",2018,"CM","3.2","4332",0,"Y",NA,0,1
"1643",2019,"CM","3.2","4332",0,"Y",NA,0,1
"1644",2020,"CM","3.2","4332",1,"Y",NA,0,1
"1645",2021,"CM","3.2","4332",0,"Y",NA,0,1
"1646",2022,"CM","3.2","4332",NA,"Y",NA,0,1
"1647",2023,"CM","3.2","4332",NA,"Y",NA,0,1
"1648",1997,"CM","3.3","4342",NA,"VO",6,1,1
"1649",1998,"CM","3.3","4342",NA,"VO",6,1,1
"1650",1999,"CM","3.3","4342",730,"VO",6,1,1
"1651",2000,"CM","3.3","4342",0,"VO",6,1,1
"1652",2001,"CM","3.3","4342",0,"VO",6,1,1
"1653",2002,"CM","3.3","4342",4,"VO",6,1,1
"1654",2003,"CM","3.3","4342",0,"VO",6,1,1
"1655",2004,"CM","3.3","4342",465,"VO",6,1,1
"1656",2005,"CM","3.3","4342",220,"VO",6,1,1
"1657",2006,"CM","3.3","4342",2,"VO",6,1,1
"1658",2007,"CM","3.3","4342",0,"VO",6,1,1
"1659",2008,"CM","3.3","4342",410,"VO",6,1,1
"1660",2009,"CM","3.3","4342",0,"VO",6,1,1
"1661",2010,"CM","3.3","4342",2,"VO",6,1,1
"1662",2011,"CM","3.3","4342",0,"O",6,1,1
"1663",2012,"CM","3.3","4342",0,"VO",6,1,1
"1664",2013,"CM","3.3","4342",0,"VO",6,1,1
"1665",2014,"CM","3.3","4342",0,"VO",6,1,1
"1666",2015,"CM","3.3","4342",0,"VO",6,1,1
"1667",2016,"CM","3.3","4342",62,"VO",6,1,1
"1668",2017,"CM","3.3","4342",0,"VO",6,1,1
"1669",2018,"CM","3.3","4342",67,"VO",6,1,1
"1670",2019,"CM","3.3","4342",0,"VO",6,1,1
"1671",2020,"CM","3.3","4342",148,"VO",6,1,1
"1672",2021,"CM","3.3","4342",0,"VO",6,1,1
"1673",2022,"CM","3.3","4342",0,"VO",6,1,1
"1674",2023,"CM","3.3","4342",11,"VO",6,1,1
"1675",1997,"CM","3.3","4349",NA,"Y",3,1,1
"1676",1998,"CM","3.3","4349",NA,"Y",3,1,1
"1677",1999,"CM","3.3","4349",205,"Y",3,1,1
"1678",2000,"CM","3.3","4349",0,"Y",3,1,1
"1679",2001,"CM","3.3","4349",0,"Y",3,1,1
"1680",2002,"CM","3.3","4349",0,"Y",3,1,1
"1681",2003,"CM","3.3","4349",0,"Y",3,1,1
"1682",2004,"CM","3.3","4349",310,"Y",3,1,1
"1683",2005,"CM","3.3","4349",46,"Y",3,1,1
"1684",2006,"CM","3.3","4349",1,"Y",3,1,1
"1685",2007,"CM","3.3","4349",0,"Y",3,1,1
"1686",2008,"CM","3.3","4349",265,"Y",3,1,1
"1687",2009,"CM","3.3","4349",0,"Y",3,1,1
"1688",2010,"CM","3.3","4349",0,"Y",3,1,1
"1689",2011,"CM","3.3","4349",7,"Y",3,1,1
"1690",2012,"CM","3.3","4349",0,"Y",3,1,1
"1691",2013,"CM","3.3","4349",0,"Y",3,1,1
"1692",2014,"CM","3.3","4349",0,"Y",3,1,1
"1693",2015,"CM","3.3","4349",4,"Y",3,1,1
"1694",2016,"CM","3.3","4349",170,"Y",3,1,1
"1695",2017,"CM","3.3","4349",0,"Y",3,1,1
"1696",2018,"CM","3.3","4349",22,"Y",3,1,1
"1697",2019,"CM","3.3","4349",0,"M",3,1,1
"1698",2020,"CM","3.3","4349",64,"M",3,1,1
"1699",2021,"CM","3.3","4349",0,"M",3,1,1
"1700",2022,"CM","3.3","4349",0,"M",3,1,1
"1701",2023,"CM","3.3","4349",0,"M",3,1,1
"1702",1997,"CM","1.1","4001*",NA,"M",NA,NA,0
"1703",1998,"CM","1.1","4001*",NA,"M",NA,NA,0
"1704",1999,"CM","1.1","4001*",4,"M",NA,NA,0
"1705",2000,"CM","1.1","4001*",0,"M",NA,NA,0
"1706",2001,"CM","1.1","4001*",0,"M",NA,NA,0
"1707",2002,"CM","1.1","4001*",0,"M",NA,NA,0
"1708",2003,"CM","1.1","4001*",0,"M",NA,NA,0
"1709",2004,"CM","1.1","4001*",24,"M",NA,NA,0
"1710",2005,"CM","1.1","4001*",0,"M",NA,NA,0
"1711",2006,"CM","1.1","4001*",0,"M",NA,NA,0
"1712",2007,"CM","1.1","4001*",0,"M",NA,NA,0
"1713",2008,"CM","1.1","4001*",65,"M",NA,NA,0
"1714",2009,"CM","1.1","4001*",0,"M",NA,NA,0
"1715",2010,"CM","1.1","4001*",0,"M",NA,NA,0
"1716",2011,"CM","1.1","4001*",0,"M",NA,NA,0
"1717",2012,"CM","1.1","4001*",0,"M",NA,NA,0
"1718",2013,"CM","1.1","4001*",0,"M",NA,NA,0
"1719",2014,"CM","1.1","4001*",0,"M",NA,NA,0
"1720",2015,"CM","1.1","4001*",NA,"M",NA,NA,0
"1721",2016,"CM","1.1","4001*",NA,"M",NA,NA,0
"1722",2017,"CM","1.1","4001*",NA,"M",NA,NA,0
"1723",2018,"CM","1.1","4001*",NA,"M",NA,NA,0
"1724",2019,"CM","1.1","4001*",NA,"M",NA,NA,0
"1725",2020,"CM","1.1","4001*",NA,"M",NA,NA,0
"1726",2021,"CM","1.1","4001*",NA,"M",NA,NA,0
"1727",2022,"CM","1.1","4001*",NA,"M",NA,NA,0
"1728",2023,"CM","1.1","4001*",NA,"M",NA,NA,0
"1729",1997,"CM","1.1","4002*",NA,"M",NA,NA,0
"1730",1998,"CM","1.1","4002*",NA,"M",NA,NA,0
"1731",1999,"CM","1.1","4002*",0,"M",NA,NA,0
"1732",2000,"CM","1.1","4002*",0,"M",NA,NA,0
"1733",2001,"CM","1.1","4002*",0,"M",NA,NA,0
"1734",2002,"CM","1.1","4002*",0,"M",NA,NA,0
"1735",2003,"CM","1.1","4002*",0,"M",NA,NA,0
"1736",2004,"CM","1.1","4002*",3,"M",NA,NA,0
"1737",2005,"CM","1.1","4002*",0,"M",NA,NA,0
"1738",2006,"CM","1.1","4002*",0,"M",NA,NA,0
"1739",2007,"CM","1.1","4002*",0,"M",NA,NA,0
"1740",2008,"CM","1.1","4002*",5,"M",NA,NA,0
"1741",2009,"CM","1.1","4002*",0,"M",NA,NA,0
"1742",2010,"CM","1.1","4002*",0,"M",NA,NA,0
"1743",2011,"CM","1.1","4002*",0,"M",NA,NA,0
"1744",2012,"CM","1.1","4002*",0,"M",NA,NA,0
"1745",2013,"CM","1.1","4002*",0,"M",NA,NA,0
"1746",2014,"CM","1.1","4002*",0,"M",NA,NA,0
"1747",2015,"CM","1.1","4002*",0,"M",NA,NA,0
"1748",2016,"CM","1.1","4002*",NA,"M",NA,NA,0
"1749",2017,"CM","1.1","4002*",NA,"M",NA,NA,0
"1750",2018,"CM","1.1","4002*",NA,"M",NA,NA,0
"1751",2019,"CM","1.1","4002*",NA,"M",NA,NA,0
"1752",2020,"CM","1.1","4002*",NA,"M",NA,NA,0
"1753",2021,"CM","1.1","4002*",NA,"M",NA,NA,0
"1754",2022,"CM","1.1","4002*",NA,"M",NA,NA,0
"1755",2023,"CM","1.1","4002*",NA,"M",NA,NA,0
"1756",1997,"CM","1.1","4007*",NA,"Y",NA,NA,0
"1757",1998,"CM","1.1","4007*",NA,"Y",NA,NA,0
"1758",1999,"CM","1.1","4007*",0,"Y",NA,NA,0
"1759",2000,"CM","1.1","4007*",0,"Y",NA,NA,0
"1760",2001,"CM","1.1","4007*",0,"Y",NA,NA,0
"1761",2002,"CM","1.1","4007*",0,"Y",NA,NA,0
"1762",2003,"CM","1.1","4007*",0,"Y",NA,NA,0
"1763",2004,"CM","1.1","4007*",0,"Y",NA,NA,0
"1764",2005,"CM","1.1","4007*",0,"Y",NA,NA,0
"1765",2006,"CM","1.1","4007*",0,"Y",NA,NA,0
"1766",2007,"CM","1.1","4007*",0,"Y",NA,NA,0
"1767",2008,"CM","1.1","4007*",4,"Y",NA,NA,0
"1768",2009,"CM","1.1","4007*",0,"Y",NA,NA,0
"1769",2010,"CM","1.1","4007*",0,"Y",NA,NA,0
"1770",2011,"CM","1.1","4007*",0,"Y",NA,NA,0
"1771",2012,"CM","1.1","4007*",0,"Y",NA,NA,0
"1772",2013,"CM","1.1","4007*",0,"Y",NA,NA,0
"1773",2014,"CM","1.1","4007*",0,"Y",NA,NA,0
"1774",2015,"CM","1.1","4007*",0,"Y",NA,NA,0
"1775",2016,"CM","1.1","4007*",0,"Y",NA,NA,0
"1776",2017,"CM","1.1","4007*",0,"Y",NA,NA,0
"1777",2018,"CM","1.1","4007*",0,"Y",NA,NA,0
"1778",2019,"CM","1.1","4007*",0,"Y",NA,NA,0
"1779",2020,"CM","1.1","4007*",0,"Y",NA,NA,0
"1780",2021,"CM","1.1","4007*",0,"Y",NA,NA,0
"1781",2022,"CM","1.1","4007*",0,"Y",NA,NA,0
"1782",2023,"CM","1.1","4007*",0,"Y",NA,NA,0
"1783",1997,"CM","1.1","4009*",NA,"Y",NA,NA,0
"1784",1998,"CM","1.1","4009*",NA,"Y",NA,NA,0
"1785",1999,"CM","1.1","4009*",4,"Y",NA,NA,0
"1786",2000,"CM","1.1","4009*",0,"Y",NA,NA,0
"1787",2001,"CM","1.1","4009*",0,"Y",NA,NA,0
"1788",2002,"CM","1.1","4009*",0,"Y",NA,NA,0
"1789",2003,"CM","1.1","4009*",0,"Y",NA,NA,0
"1790",2004,"CM","1.1","4009*",10,"Y",NA,NA,0
"1791",2005,"CM","1.1","4009*",0,"Y",NA,NA,0
"1792",2006,"CM","1.1","4009*",0,"Y",NA,NA,0
"1793",2007,"CM","1.1","4009*",0,"Y",NA,NA,0
"1794",2008,"CM","1.1","4009*",4,"Y",NA,NA,0
"1795",2009,"CM","1.1","4009*",0,"Y",NA,NA,0
"1796",2010,"CM","1.1","4009*",0,"Y",NA,NA,0
"1797",2011,"CM","1.1","4009*",0,"Y",NA,NA,0
"1798",2012,"CM","1.1","4009*",0,"Y",NA,NA,0
"1799",2013,"CM","1.1","4009*",0,"Y",NA,NA,0
"1800",2014,"CM","1.1","4009*",0,"Y",NA,NA,0
"1801",2015,"CM","1.1","4009*",0,"Y",NA,NA,0
"1802",2016,"CM","1.1","4009*",0,"Y",NA,NA,0
"1803",2017,"CM","1.1","4009*",0,"Y",NA,NA,0
"1804",2018,"CM","1.1","4009*",4,"Y",NA,NA,0
"1805",2019,"CM","1.1","4009*",0,"Y",NA,NA,0
"1806",2020,"CM","1.1","4009*",4,"Y",NA,NA,0
"1807",2021,"CM","1.1","4009*",0,"Y",NA,NA,0
"1808",2022,"CM","1.1","4009*",0,"Y",NA,NA,0
"1809",2023,"CM","1.1","4009*",0,"Y",NA,NA,0
"1810",1997,"CM","1.1","4012*",NA,"O",NA,NA,0
"1811",1998,"CM","1.1","4012*",NA,"O",NA,NA,0
"1812",1999,"CM","1.1","4012*",36,"O",NA,NA,0
"1813",2000,"CM","1.1","4012*",0,"O",NA,NA,0
"1814",2001,"CM","1.1","4012*",10,"O",NA,NA,0
"1815",2002,"CM","1.1","4012*",0,"O",NA,NA,0
"1816",2003,"CM","1.1","4012*",0,"O",NA,NA,0
"1817",2004,"CM","1.1","4012*",78,"O",NA,NA,0
"1818",2005,"CM","1.1","4012*",2,"O",NA,NA,0
"1819",2006,"CM","1.1","4012*",2,"O",NA,NA,0
"1820",2007,"CM","1.1","4012*",0,"O",NA,NA,0
"1821",2008,"CM","1.1","4012*",125,"O",NA,NA,0
"1822",2009,"CM","1.1","4012*",0,"O",NA,NA,0
"1823",2010,"CM","1.1","4012*",3,"O",NA,NA,0
"1824",2011,"CM","1.1","4012*",0,"O",NA,NA,0
"1825",2012,"CM","1.1","4012*",0,"O",NA,NA,0
"1826",2013,"CM","1.1","4012*",0,"O",NA,NA,0
"1827",2014,"CM","1.1","4012*",0,"O",NA,NA,0
"1828",2015,"CM","1.1","4012*",0,"O",NA,NA,0
"1829",2016,"CM","1.1","4012*",16,"O",NA,NA,0
"1830",2017,"CM","1.1","4012*",0,"O",NA,NA,0
"1831",2018,"CM","1.1","4012*",55,"O",NA,NA,0
"1832",2019,"CM","1.1","4012*",0,"O",NA,NA,0
"1833",2020,"CM","1.1","4012*",15,"O",NA,NA,0
"1834",2021,"CM","1.1","4012*",0,"O",NA,NA,0
"1835",2022,"CM","1.1","4012*",0,"O",NA,NA,0
"1836",2023,"CM","1.1","4012*",0,"O",NA,NA,0
"1837",1997,"CM","1.1","4013*",NA,"O",NA,NA,0
"1838",1998,"CM","1.1","4013*",NA,"O",NA,NA,0
"1839",1999,"CM","1.1","4013*",80,"O",NA,NA,0
"1840",2000,"CM","1.1","4013*",0,"O",NA,NA,0
"1841",2001,"CM","1.1","4013*",0,"O",NA,NA,0
"1842",2002,"CM","1.1","4013*",5,"O",NA,NA,0
"1843",2003,"CM","1.1","4013*",0,"O",NA,NA,0
"1844",2004,"CM","1.1","4013*",129,"O",NA,NA,0
"1845",2005,"CM","1.1","4013*",0,"O",NA,NA,0
"1846",2006,"CM","1.1","4013*",0,"O",NA,NA,0
"1847",2007,"CM","1.1","4013*",0,"O",NA,NA,0
"1848",2008,"CM","1.1","4013*",120,"O",NA,NA,0
"1849",2009,"CM","1.1","4013*",0,"O",NA,NA,0
"1850",2010,"CM","1.1","4013*",0,"O",NA,NA,0
"1851",2011,"CM","1.1","4013*",0,"O",NA,NA,0
"1852",2012,"CM","1.1","4013*",0,"O",NA,NA,0
"1853",2013,"CM","1.1","4013*",0,"O",NA,NA,0
"1854",2014,"CM","1.1","4013*",0,"O",NA,NA,0
"1855",2015,"CM","1.1","4013*",0,"O",NA,NA,0
"1856",2016,"CM","1.1","4013*",8,"O",NA,NA,0
"1857",2017,"CM","1.1","4013*",0,"O",NA,NA,0
"1858",2018,"CM","1.1","4013*",18,"O",NA,NA,0
"1859",2019,"CM","1.1","4013*",0,"O",NA,NA,0
"1860",2020,"CM","1.1","4013*",33,"O",NA,NA,0
"1861",2021,"CM","1.1","4013*",0,"O",NA,NA,0
"1862",2022,"CM","1.1","4013*",0,"O",NA,NA,0
"1863",2023,"CM","1.1","4013*",0,"O",NA,NA,0
"1864",1997,"CM","1.1","4014*",NA,"M",NA,NA,0
"1865",1998,"CM","1.1","4014*",NA,"M",NA,NA,0
"1866",1999,"CM","1.1","4014*",4,"M",NA,NA,0
"1867",2000,"CM","1.1","4014*",0,"M",NA,NA,0
"1868",2001,"CM","1.1","4014*",0,"M",NA,NA,0
"1869",2002,"CM","1.1","4014*",0,"M",NA,NA,0
"1870",2003,"CM","1.1","4014*",0,"M",NA,NA,0
"1871",2004,"CM","1.1","4014*",0,"M",NA,NA,0
"1872",2005,"CM","1.1","4014*",0,"M",NA,NA,0
"1873",2006,"CM","1.1","4014*",0,"M",NA,NA,0
"1874",2007,"CM","1.1","4014*",0,"M",NA,NA,0
"1875",2008,"CM","1.1","4014*",0,"M",NA,NA,0
"1876",2009,"CM","1.1","4014*",0,"M",NA,NA,0
"1877",2010,"CM","1.1","4014*",0,"M",NA,NA,0
"1878",2011,"CM","1.1","4014*",0,"M",NA,NA,0
"1879",2012,"CM","1.1","4014*",0,"M",NA,NA,0
"1880",2013,"CM","1.1","4014*",0,"M",NA,NA,0
"1881",2014,"CM","1.1","4014*",0,"M",NA,NA,0
"1882",2015,"CM","1.1","4014*",0,"M",NA,NA,0
"1883",2016,"CM","1.1","4014*",0,"M",NA,NA,0
"1884",2017,"CM","1.1","4014*",0,"M",NA,NA,0
"1885",2018,"CM","1.1","4014*",2,"M",NA,NA,0
"1886",2019,"CM","1.1","4014*",0,"M",NA,NA,0
"1887",2020,"CM","1.1","4014*",0,"M",NA,NA,0
"1888",2021,"CM","1.1","4014*",0,"M",NA,NA,0
"1889",2022,"CM","1.1","4014*",0,"M",NA,NA,0
"1890",2023,"CM","1.1","4014*",0,"M",NA,NA,0
"1891",1997,"CM","1.1","4016*",NA,"M",NA,NA,0
"1892",1998,"CM","1.1","4016*",NA,"M",NA,NA,0
"1893",1999,"CM","1.1","4016*",5,"M",NA,NA,0
"1894",2000,"CM","1.1","4016*",0,"M",NA,NA,0
"1895",2001,"CM","1.1","4016*",0,"M",NA,NA,0
"1896",2002,"CM","1.1","4016*",0,"M",NA,NA,0
"1897",2003,"CM","1.1","4016*",0,"M",NA,NA,0
"1898",2004,"CM","1.1","4016*",92,"M",NA,NA,0
"1899",2005,"CM","1.1","4016*",0,"M",NA,NA,0
"1900",2006,"CM","1.1","4016*",0,"M",NA,NA,0
"1901",2007,"CM","1.1","4016*",0,"M",NA,NA,0
"1902",2008,"CM","1.1","4016*",35,"M",NA,NA,0
"1903",2009,"CM","1.1","4016*",0,"M",NA,NA,0
"1904",2010,"CM","1.1","4016*",0,"M",NA,NA,0
"1905",2011,"CM","1.1","4016*",0,"M",NA,NA,0
"1906",2012,"CM","1.1","4016*",0,"M",NA,NA,0
"1907",2013,"CM","1.1","4016*",0,"M",NA,NA,0
"1908",2014,"CM","1.1","4016*",0,"M",NA,NA,0
"1909",2015,"CM","1.1","4016*",0,"M",NA,NA,0
"1910",2016,"CM","1.1","4016*",0,"M",NA,NA,0
"1911",2017,"CM","1.1","4016*",0,"M",NA,NA,0
"1912",2018,"CM","1.1","4016*",15,"M",NA,NA,0
"1913",2019,"CM","1.1","4016*",0,"M",NA,NA,0
"1914",2020,"CM","1.1","4016*",50,"M",NA,NA,0
"1915",2021,"CM","1.1","4016*",0,"M",NA,NA,0
"1916",2022,"CM","1.1","4016*",0,"M",NA,NA,0
"1917",2023,"CM","1.1","4016*",0,"M",NA,NA,0
"1918",1997,"CM","1.1","4017a",NA,"Y",NA,NA,0
"1919",1998,"CM","1.1","4017a",NA,"Y",NA,NA,0
"1920",1999,"CM","1.1","4017a",0,"Y",NA,NA,0
"1921",2000,"CM","1.1","4017a",0,"Y",NA,NA,0
"1922",2001,"CM","1.1","4017a",0,"Y",NA,NA,0
"1923",2002,"CM","1.1","4017a",0,"Y",NA,NA,0
"1924",2003,"CM","1.1","4017a",0,"Y",NA,NA,0
"1925",2004,"CM","1.1","4017a",0,"Y",NA,NA,0
"1926",2005,"CM","1.1","4017a",0,"Y",NA,NA,0
"1927",2006,"CM","1.1","4017a",0,"Y",NA,NA,0
"1928",2007,"CM","1.1","4017a",0,"Y",NA,NA,0
"1929",2008,"CM","1.1","4017a",0,"Y",NA,NA,0
"1930",2009,"CM","1.1","4017a",0,"Y",NA,NA,0
"1931",2010,"CM","1.1","4017a",0,"Y",NA,NA,0
"1932",2011,"CM","1.1","4017a",0,"Y",NA,NA,0
"1933",2012,"CM","1.1","4017a",0,"Y",NA,NA,0
"1934",2013,"CM","1.1","4017a",0,"Y",NA,NA,0
"1935",2014,"CM","1.1","4017a",0,"Y",NA,NA,0
"1936",2015,"CM","1.1","4017a",0,"Y",NA,NA,0
"1937",2016,"CM","1.1","4017a",0,"Y",NA,NA,0
"1938",2017,"CM","1.1","4017a",0,"Y",NA,NA,0
"1939",2018,"CM","1.1","4017a",0,"Y",NA,NA,0
"1940",2019,"CM","1.1","4017a",0,"Y",NA,NA,0
"1941",2020,"CM","1.1","4017a",0,"Y",NA,NA,0
"1942",2021,"CM","1.1","4017a",0,"Y",NA,NA,0
"1943",2022,"CM","1.1","4017a",0,"Y",NA,NA,0
"1944",2023,"CM","1.1","4017a",0,"Y",NA,NA,0
"1945",1997,"CM","1.1","4018a",NA,"Y",NA,NA,0
"1946",1998,"CM","1.1","4018a",NA,"Y",NA,NA,0
"1947",1999,"CM","1.1","4018a",0,"Y",NA,NA,0
"1948",2000,"CM","1.1","4018a",0,"Y",NA,NA,0
"1949",2001,"CM","1.1","4018a",0,"Y",NA,NA,0
"1950",2002,"CM","1.1","4018a",0,"Y",NA,NA,0
"1951",2003,"CM","1.1","4018a",0,"Y",NA,NA,0
"1952",2004,"CM","1.1","4018a",0,"Y",NA,NA,0
"1953",2005,"CM","1.1","4018a",3,"Y",NA,NA,0
"1954",2006,"CM","1.1","4018a",3,"Y",NA,NA,0
"1955",2007,"CM","1.1","4018a",0,"Y",NA,NA,0
"1956",2008,"CM","1.1","4018a",45,"Y",NA,NA,0
"1957",2009,"CM","1.1","4018a",0,"Y",NA,NA,0
"1958",2010,"CM","1.1","4018a",1,"Y",NA,NA,0
"1959",2011,"CM","1.1","4018a",0,"Y",NA,NA,0
"1960",2012,"CM","1.1","4018a",0,"Y",NA,NA,0
"1961",2013,"CM","1.1","4018a",0,"Y",NA,NA,0
"1962",2014,"CM","1.1","4018a",0,"Y",NA,NA,0
"1963",2015,"CM","1.1","4018a",0,"Y",NA,NA,0
"1964",2016,"CM","1.1","4018a",0,"Y",NA,NA,0
"1965",2017,"CM","1.1","4018a",0,"Y",NA,NA,0
"1966",2018,"CM","1.1","4018a",6,"Y",NA,NA,0
"1967",2019,"CM","1.1","4018a",0,"Y",NA,NA,0
"1968",2020,"CM","1.1","4018a",11,"Y",NA,NA,0
"1969",2021,"CM","1.1","4018a",0,"Y",NA,NA,0
"1970",2022,"CM","1.1","4018a",0,"Y",NA,NA,0
"1971",2023,"CM","1.1","4018a",1,"Y",NA,NA,0
"1972",1997,"CM","1.1","4020*",NA,"M",NA,NA,0
"1973",1998,"CM","1.1","4020*",NA,"M",NA,NA,0
"1974",1999,"CM","1.1","4020*",5,"M",NA,NA,0
"1975",2000,"CM","1.1","4020*",0,"M",NA,NA,0
"1976",2001,"CM","1.1","4020*",0,"M",NA,NA,0
"1977",2002,"CM","1.1","4020*",0,"M",NA,NA,0
"1978",2003,"CM","1.1","4020*",0,"M",NA,NA,0
"1979",2004,"CM","1.1","4020*",20,"M",NA,NA,0
"1980",2005,"CM","1.1","4020*",0,"M",NA,NA,0
"1981",2006,"CM","1.1","4020*",0,"M",NA,NA,0
"1982",2007,"CM","1.1","4020*",0,"M",NA,NA,0
"1983",2008,"CM","1.1","4020*",3,"M",NA,NA,0
"1984",2009,"CM","1.1","4020*",0,"M",NA,NA,0
"1985",2010,"CM","1.1","4020*",0,"M",NA,NA,0
"1986",2011,"CM","1.1","4020*",0,"M",NA,NA,0
"1987",2012,"CM","1.1","4020*",0,"M",NA,NA,0
"1988",2013,"CM","1.1","4020*",0,"M",NA,NA,0
"1989",2014,"CM","1.1","4020*",0,"M",NA,NA,0
"1990",2015,"CM","1.1","4020*",0,"M",NA,NA,0
"1991",2016,"CM","1.1","4020*",0,"M",NA,NA,0
"1992",2017,"CM","1.1","4020*",0,"M",NA,NA,0
"1993",2018,"CM","1.1","4020*",11,"M",NA,NA,0
"1994",2019,"CM","1.1","4020*",0,"M",NA,NA,0
"1995",2020,"CM","1.1","4020*",0,"M",NA,NA,0
"1996",2021,"CM","1.1","4020*",0,"M",NA,NA,0
"1997",2022,"CM","1.1","4020*",0,"M",NA,NA,0
"1998",2023,"CM","1.1","4020*",0,"M",NA,NA,0
"1999",1997,"CM","1.1","4021*",NA,"Y",2.6,1,1
"2000",1998,"CM","1.1","4021*",NA,"Y",2.6,1,1
"2001",1999,"CM","1.1","4021*",4,"Y",2.6,1,1
"2002",2000,"CM","1.1","4021*",0,"Y",2.6,1,1
"2003",2001,"CM","1.1","4021*",0,"Y",2.6,1,1
"2004",2002,"CM","1.1","4021*",0,"Y",2.6,1,1
"2005",2003,"CM","1.1","4021*",0,"Y",2.6,1,1
"2006",2004,"CM","1.1","4021*",44,"Y",2.6,1,1
"2007",2005,"CM","1.1","4021*",5,"Y",2.6,1,1
"2008",2006,"CM","1.1","4021*",5,"Y",2.6,1,1
"2009",2007,"CM","1.1","4021*",0,"Y",2.6,1,1
"2010",2008,"CM","1.1","4021*",22,"Y",2.6,1,1
"2011",2009,"CM","1.1","4021*",0,"Y",2.6,1,1
"2012",2010,"CM","1.1","4021*",0,"Y",2.6,1,1
"2013",2011,"CM","1.1","4021*",0,"Y",2.6,1,1
"2014",2012,"CM","1.1","4021*",0,"Y",2.6,1,1
"2015",2013,"CM","1.1","4021*",0,"Y",2.6,1,1
"2016",2014,"CM","1.1","4021*",0,"Y",2.6,1,1
"2017",2015,"CM","1.1","4021*",0,"Y",2.6,1,1
"2018",2016,"CM","1.1","4021*",0,"Y",2.6,1,1
"2019",2017,"CM","1.1","4021*",0,"Y",2.6,1,1
"2020",2018,"CM","1.1","4021*",5,"Y",2.6,1,1
"2021",2019,"CM","1.1","4021*",0,"Y",2.6,1,1
"2022",2020,"CM","1.1","4021*",1,"Y",2.6,1,1
"2023",2021,"CM","1.1","4021*",0,"Y",2.6,1,1
"2024",2022,"CM","1.1","4021*",0,"Y",2.6,1,1
"2025",2023,"CM","1.1","4021*",0,"M",2.6,1,1
"2026",1997,"CM","1.1","4022a",NA,"Y",NA,NA,0
"2027",1998,"CM","1.1","4022a",NA,"Y",NA,NA,0
"2028",1999,"CM","1.1","4022a",4,"Y",NA,NA,0
"2029",2000,"CM","1.1","4022a",0,"Y",NA,NA,0
"2030",2001,"CM","1.1","4022a",0,"Y",NA,NA,0
"2031",2002,"CM","1.1","4022a",0,"Y",NA,NA,0
"2032",2003,"CM","1.1","4022a",0,"Y",NA,NA,0
"2033",2004,"CM","1.1","4022a",6,"Y",NA,NA,0
"2034",2005,"CM","1.1","4022a",7,"Y",NA,NA,0
"2035",2006,"CM","1.1","4022a",7,"Y",NA,NA,0
"2036",2007,"CM","1.1","4022a",0,"Y",NA,NA,0
"2037",2008,"CM","1.1","4022a",5,"Y",NA,NA,0
"2038",2009,"CM","1.1","4022a",0,"Y",NA,NA,0
"2039",2010,"CM","1.1","4022a",0,"Y",NA,NA,0
"2040",2011,"CM","1.1","4022a",0,"Y",NA,NA,0
"2041",2012,"CM","1.1","4022a",0,"Y",NA,NA,0
"2042",2013,"CM","1.1","4022a",0,"Y",NA,NA,0
"2043",2014,"CM","1.1","4022a",0,"Y",NA,NA,0
"2044",2015,"CM","1.1","4022a",0,"Y",NA,NA,0
"2045",2016,"CM","1.1","4022a",0,"Y",NA,NA,0
"2046",2017,"CM","1.1","4022a",0,"Y",NA,NA,0
"2047",2018,"CM","1.1","4022a",2,"Y",NA,NA,0
"2048",2019,"CM","1.1","4022a",0,"Y",NA,NA,0
"2049",2020,"CM","1.1","4022a",0,"Y",NA,NA,0
"2050",2021,"CM","1.1","4022a",0,"Y",NA,NA,0
"2051",2022,"CM","1.1","4022a",0,"Y",NA,NA,0
"2052",2023,"CM","1.1","4022a",0,"Y",NA,NA,0
"2053",1997,"CM","1.1","4023b",NA,"Y",2.2,1,1
"2054",1998,"CM","1.1","4023b",NA,"Y",2.2,1,1
"2055",1999,"CM","1.1","4023b",0,"Y",2.2,1,1
"2056",2000,"CM","1.1","4023b",0,"Y",2.2,1,1
"2057",2001,"CM","1.1","4023b",0,"Y",2.2,1,1
"2058",2002,"CM","1.1","4023b",0,"Y",2.2,1,1
"2059",2003,"CM","1.1","4023b",0,"Y",2.2,1,1
"2060",2004,"CM","1.1","4023b",13,"Y",2.2,1,1
"2061",2005,"CM","1.1","4023b",0,"Y",2.2,1,1
"2062",2006,"CM","1.1","4023b",0,"Y",2.2,1,1
"2063",2007,"CM","1.1","4023b",0,"Y",2.2,1,1
"2064",2008,"CM","1.1","4023b",0,"Y",2.2,1,1
"2065",2009,"CM","1.1","4023b",0,"Y",2.2,1,1
"2066",2010,"CM","1.1","4023b",0,"Y",2.2,1,1
"2067",2011,"CM","1.1","4023b",0,"Y",2.2,1,1
"2068",2012,"CM","1.1","4023b",0,"Y",2.2,1,1
"2069",2013,"CM","1.1","4023b",0,"Y",2.2,1,1
"2070",2014,"CM","1.1","4023b",0,"Y",2.2,1,1
"2071",2015,"CM","1.1","4023b",0,"Y",2.2,1,1
"2072",2016,"CM","1.1","4023b",0,"Y",2.2,1,1
"2073",2017,"CM","1.1","4023b",0,"Y",2.2,1,1
"2074",2018,"CM","1.1","4023b",0,"Y",2.2,1,1
"2075",2019,"CM","1.1","4023b",0,"Y",2.2,1,1
"2076",2020,"CM","1.1","4023b",0,"Y",2.2,1,1
"2077",2021,"CM","1.1","4023b",0,"Y",2.2,1,1
"2078",2022,"CM","1.1","4023b",0,"Y",2.2,1,1
"2079",2023,"CM","1.1","4023b",0,"Y",2.2,1,1
"2080",1997,"CM","1.1","4026a",NA,"Y",NA,NA,0
"2081",1998,"CM","1.1","4026a",NA,"Y",NA,NA,0
"2082",1999,"CM","1.1","4026a",0,"Y",NA,NA,0
"2083",2000,"CM","1.1","4026a",0,"Y",NA,NA,0
"2084",2001,"CM","1.1","4026a",0,"Y",NA,NA,0
"2085",2002,"CM","1.1","4026a",0,"Y",NA,NA,0
"2086",2003,"CM","1.1","4026a",0,"Y",NA,NA,0
"2087",2004,"CM","1.1","4026a",8,"Y",NA,NA,0
"2088",2005,"CM","1.1","4026a",2,"Y",NA,NA,0
"2089",2006,"CM","1.1","4026a",2,"Y",NA,NA,0
"2090",2007,"CM","1.1","4026a",0,"Y",NA,NA,0
"2091",2008,"CM","1.1","4026a",28,"Y",NA,NA,0
"2092",2009,"CM","1.1","4026a",0,"Y",NA,NA,0
"2093",2010,"CM","1.1","4026a",0,"Y",NA,NA,0
"2094",2011,"CM","1.1","4026a",0,"Y",NA,NA,0
"2095",2012,"CM","1.1","4026a",0,"Y",NA,NA,0
"2096",2013,"CM","1.1","4026a",0,"Y",NA,NA,0
"2097",2014,"CM","1.1","4026a",0,"Y",NA,NA,0
"2098",2015,"CM","1.1","4026a",0,"Y",NA,NA,0
"2099",2016,"CM","1.1","4026a",0,"Y",NA,NA,0
"2100",2017,"CM","1.1","4026a",0,"Y",NA,NA,0
"2101",2018,"CM","1.1","4026a",0,"Y",NA,NA,0
"2102",2019,"CM","1.1","4026a",0,"Y",NA,NA,0
"2103",2020,"CM","1.1","4026a",7,"Y",NA,NA,0
"2104",2021,"CM","1.1","4026a",0,"Y",NA,NA,0
"2105",2022,"CM","1.1","4026a",0,"Y",NA,NA,0
"2106",2023,"CM","1.1","4026a",0,"Y",NA,NA,0
"2107",1997,"CM","1.1","4027*",NA,"Y",2.9,1,1
"2108",1998,"CM","1.1","4027*",NA,"Y",2.9,1,1
"2109",1999,"CM","1.1","4027*",10,"Y",2.9,1,1
"2110",2000,"CM","1.1","4027*",0,"Y",2.9,1,1
"2111",2001,"CM","1.1","4027*",0,"Y",2.9,1,1
"2112",2002,"CM","1.1","4027*",0,"Y",2.9,1,1
"2113",2003,"CM","1.1","4027*",0,"Y",2.9,1,1
"2114",2004,"CM","1.1","4027*",7,"Y",2.9,1,1
"2115",2005,"CM","1.1","4027*",3,"Y",2.9,1,1
"2116",2006,"CM","1.1","4027*",3,"Y",2.9,1,1
"2117",2007,"CM","1.1","4027*",0,"Y",2.9,1,1
"2118",2008,"CM","1.1","4027*",0,"Y",2.9,1,1
"2119",2009,"CM","1.1","4027*",0,"Y",2.9,1,1
"2120",2010,"CM","1.1","4027*",0,"Y",2.9,1,1
"2121",2011,"CM","1.1","4027*",0,"Y",2.9,1,1
"2122",2012,"CM","1.1","4027*",0,"Y",2.9,1,1
"2123",2013,"CM","1.1","4027*",0,"Y",2.9,1,1
"2124",2014,"CM","1.1","4027*",0,"Y",2.9,1,1
"2125",2015,"CM","1.1","4027*",0,"Y",2.9,1,1
"2126",2016,"CM","1.1","4027*",6,"Y",2.9,1,1
"2127",2017,"CM","1.1","4027*",0,"Y",2.9,1,1
"2128",2018,"CM","1.1","4027*",7,"Y",2.9,1,1
"2129",2019,"CM","1.1","4027*",0,"Y",2.9,1,1
"2130",2020,"CM","1.1","4027*",0,"Y",2.9,1,1
"2131",2021,"CM","1.1","4027*",0,"Y",2.9,1,1
"2132",2022,"CM","1.1","4027*",0,"Y",2.9,1,1
"2133",2023,"CM","1.1","4027*",0,"Y",2.9,1,1
"2134",1997,"CM","1.1","4027a*",NA,"Y",3.3,1,1
"2135",1998,"CM","1.1","4027a*",NA,"Y",3.3,1,1
"2136",1999,"CM","1.1","4027a*",8,"Y",3.3,1,1
"2137",2000,"CM","1.1","4027a*",0,"Y",3.3,1,1
"2138",2001,"CM","1.1","4027a*",0,"Y",3.3,1,1
"2139",2002,"CM","1.1","4027a*",0,"Y",3.3,1,1
"2140",2003,"CM","1.1","4027a*",0,"Y",3.3,1,1
"2141",2004,"CM","1.1","4027a*",32,"Y",3.3,1,1
"2142",2005,"CM","1.1","4027a*",0,"Y",3.3,1,1
"2143",2006,"CM","1.1","4027a*",0,"Y",3.3,1,1
"2144",2007,"CM","1.1","4027a*",0,"Y",3.3,1,1
"2145",2008,"CM","1.1","4027a*",66,"Y",3.3,1,1
"2146",2009,"CM","1.1","4027a*",0,"Y",3.3,1,1
"2147",2010,"CM","1.1","4027a*",1,"Y",3.3,1,1
"2148",2011,"CM","1.1","4027a*",0,"Y",3.3,1,1
"2149",2012,"CM","1.1","4027a*",0,"Y",3.3,1,1
"2150",2013,"CM","1.1","4027a*",0,"Y",3.3,1,1
"2151",2014,"CM","1.1","4027a*",0,"Y",3.3,1,1
"2152",2015,"CM","1.1","4027a*",0,"Y",3.3,1,1
"2153",2016,"CM","1.1","4027a*",1,"Y",3.3,1,1
"2154",2017,"CM","1.1","4027a*",0,"Y",3.3,1,1
"2155",2018,"CM","1.1","4027a*",1,"Y",3.3,1,1
"2156",2019,"CM","1.1","4027a*",0,"Y",3.3,1,1
"2157",2020,"CM","1.1","4027a*",16,"Y",3.3,1,1
"2158",2021,"CM","1.1","4027a*",0,"Y",3.3,1,1
"2159",2022,"CM","1.1","4027a*",0,"Y",3.3,1,1
"2160",2023,"CM","1.1","4027a*",0,"Y",3.3,1,1
"2161",1997,"CM","1.1","4027b*",NA,"Y",NA,NA,0
"2162",1998,"CM","1.1","4027b*",NA,"Y",NA,NA,0
"2163",1999,"CM","1.1","4027b*",5,"Y",NA,NA,0
"2164",2000,"CM","1.1","4027b*",0,"Y",NA,NA,0
"2165",2001,"CM","1.1","4027b*",0,"Y",NA,NA,0
"2166",2002,"CM","1.1","4027b*",0,"Y",NA,NA,0
"2167",2003,"CM","1.1","4027b*",0,"Y",NA,NA,0
"2168",2004,"CM","1.1","4027b*",2,"Y",NA,NA,0
"2169",2005,"CM","1.1","4027b*",0,"Y",NA,NA,0
"2170",2006,"CM","1.1","4027b*",0,"Y",NA,NA,0
"2171",2007,"CM","1.1","4027b*",0,"Y",NA,NA,0
"2172",2008,"CM","1.1","4027b*",27,"Y",NA,NA,0
"2173",2009,"CM","1.1","4027b*",0,"Y",NA,NA,0
"2174",2010,"CM","1.1","4027b*",0,"Y",NA,NA,0
"2175",2011,"CM","1.1","4027b*",0,"Y",NA,NA,0
"2176",2012,"CM","1.1","4027b*",0,"Y",NA,NA,0
"2177",2013,"CM","1.1","4027b*",0,"Y",NA,NA,0
"2178",2014,"CM","1.1","4027b*",0,"Y",NA,NA,0
"2179",2015,"CM","1.1","4027b*",0,"Y",NA,NA,0
"2180",2016,"CM","1.1","4027b*",0,"Y",NA,NA,0
"2181",2017,"CM","1.1","4027b*",0,"Y",NA,NA,0
"2182",2018,"CM","1.1","4027b*",9,"Y",NA,NA,0
"2183",2019,"CM","1.1","4027b*",0,"Y",NA,NA,0
"2184",2020,"CM","1.1","4027b*",1,"Y",NA,NA,0
"2185",2021,"CM","1.1","4027b*",0,"Y",NA,NA,0
"2186",2022,"CM","1.1","4027b*",0,"Y",NA,NA,0
"2187",2023,"CM","1.1","4027b*",0,"Y",NA,NA,0
"2188",1997,"CM","1.1","4032*",NA,"M",NA,NA,0
"2189",1998,"CM","1.1","4032*",NA,"M",NA,NA,0
"2190",1999,"CM","1.1","4032*",10,"M",NA,NA,0
"2191",2000,"CM","1.1","4032*",0,"M",NA,NA,0
"2192",2001,"CM","1.1","4032*",0,"M",NA,NA,0
"2193",2002,"CM","1.1","4032*",0,"M",NA,NA,0
"2194",2003,"CM","1.1","4032*",0,"M",NA,NA,0
"2195",2004,"CM","1.1","4032*",1,"M",NA,NA,0
"2196",2005,"CM","1.1","4032*",0,"M",NA,NA,0
"2197",2006,"CM","1.1","4032*",0,"M",NA,NA,0
"2198",2007,"CM","1.1","4032*",0,"M",NA,NA,0
"2199",2008,"CM","1.1","4032*",5,"M",NA,NA,0
"2200",2009,"CM","1.1","4032*",0,"M",NA,NA,0
"2201",2010,"CM","1.1","4032*",0,"M",NA,NA,0
"2202",2011,"CM","1.1","4032*",0,"M",NA,NA,0
"2203",2012,"CM","1.1","4032*",0,"M",NA,NA,0
"2204",2013,"CM","1.1","4032*",0,"M",NA,NA,0
"2205",2014,"CM","1.1","4032*",0,"M",NA,NA,0
"2206",2015,"CM","1.1","4032*",0,"M",NA,NA,0
"2207",2016,"CM","1.1","4032*",NA,"M",NA,NA,0
"2208",2017,"CM","1.1","4032*",NA,"M",NA,NA,0
"2209",2018,"CM","1.1","4032*",NA,"M",NA,NA,0
"2210",2019,"CM","1.1","4032*",NA,"M",NA,NA,0
"2211",2020,"CM","1.1","4032*",NA,"M",NA,NA,0
"2212",2021,"CM","1.1","4032*",NA,"M",NA,NA,0
"2213",2022,"CM","1.1","4032*",NA,"M",NA,NA,0
"2214",2023,"CM","1.1","4032*",NA,"M",NA,NA,0
"2215",1997,"CM","1.1","4032a*",NA,"Y",NA,NA,0
"2216",1998,"CM","1.1","4032a*",NA,"Y",NA,NA,0
"2217",1999,"CM","1.1","4032a*",10,"Y",NA,NA,0
"2218",2000,"CM","1.1","4032a*",0,"Y",NA,NA,0
"2219",2001,"CM","1.1","4032a*",0,"Y",NA,NA,0
"2220",2002,"CM","1.1","4032a*",0,"Y",NA,NA,0
"2221",2003,"CM","1.1","4032a*",0,"Y",NA,NA,0
"2222",2004,"CM","1.1","4032a*",0,"Y",NA,NA,0
"2223",2005,"CM","1.1","4032a*",0,"Y",NA,NA,0
"2224",2006,"CM","1.1","4032a*",0,"Y",NA,NA,0
"2225",2007,"CM","1.1","4032a*",0,"Y",NA,NA,0
"2226",2008,"CM","1.1","4032a*",5,"Y",NA,NA,0
"2227",2009,"CM","1.1","4032a*",0,"Y",NA,NA,0
"2228",2010,"CM","1.1","4032a*",0,"Y",NA,NA,0
"2229",2011,"CM","1.1","4032a*",0,"Y",NA,NA,0
"2230",2012,"CM","1.1","4032a*",0,"Y",NA,NA,0
"2231",2013,"CM","1.1","4032a*",0,"Y",NA,NA,0
"2232",2014,"CM","1.1","4032a*",0,"Y",NA,NA,0
"2233",2015,"CM","1.1","4032a*",0,"Y",NA,NA,0
"2234",2016,"CM","1.1","4032a*",0,"Y",NA,NA,0
"2235",2017,"CM","1.1","4032a*",0,"Y",NA,NA,0
"2236",2018,"CM","1.1","4032a*",0,"Y",NA,NA,0
"2237",2019,"CM","1.1","4032a*",0,"Y",NA,NA,0
"2238",2020,"CM","1.1","4032a*",0,"Y",NA,NA,0
"2239",2021,"CM","1.1","4032a*",0,"Y",NA,NA,0
"2240",2022,"CM","1.1","4032a*",NA,"Y",NA,NA,0
"2241",2023,"CM","1.1","4032a*",0,"Y",NA,NA,0
"2242",1997,"CM","1.1","4033a*",NA,"Y",NA,NA,0
"2243",1998,"CM","1.1","4033a*",NA,"Y",NA,NA,0
"2244",1999,"CM","1.1","4033a*",0,"Y",NA,NA,0
"2245",2000,"CM","1.1","4033a*",0,"Y",NA,NA,0
"2246",2001,"CM","1.1","4033a*",0,"Y",NA,NA,0
"2247",2002,"CM","1.1","4033a*",0,"Y",NA,NA,0
"2248",2003,"CM","1.1","4033a*",0,"Y",NA,NA,0
"2249",2004,"CM","1.1","4033a*",3,"Y",NA,NA,0
"2250",2005,"CM","1.1","4033a*",0,"Y",NA,NA,0
"2251",2006,"CM","1.1","4033a*",0,"Y",NA,NA,0
"2252",2007,"CM","1.1","4033a*",0,"Y",NA,NA,0
"2253",2008,"CM","1.1","4033a*",3,"Y",NA,NA,0
"2254",2009,"CM","1.1","4033a*",0,"Y",NA,NA,0
"2255",2010,"CM","1.1","4033a*",0,"Y",NA,NA,0
"2256",2011,"CM","1.1","4033a*",0,"Y",NA,NA,0
"2257",2012,"CM","1.1","4033a*",0,"Y",NA,NA,0
"2258",2013,"CM","1.1","4033a*",0,"Y",NA,NA,0
"2259",2014,"CM","1.1","4033a*",0,"Y",NA,NA,0
"2260",2015,"CM","1.1","4033a*",0,"Y",NA,NA,0
"2261",2016,"CM","1.1","4033a*",0,"Y",NA,NA,0
"2262",2017,"CM","1.1","4033a*",0,"Y",NA,NA,0
"2263",2018,"CM","1.1","4033a*",0,"Y",NA,NA,0
"2264",2019,"CM","1.1","4033a*",0,"Y",NA,NA,0
"2265",2020,"CM","1.1","4033a*",1,"Y",NA,NA,0
"2266",2021,"CM","1.1","4033a*",0,"Y",NA,NA,0
"2267",2022,"CM","1.1","4033a*",0,"Y",NA,NA,0
"2268",2023,"CM","1.1","4033a*",0,"Y",NA,NA,0
"2269",1997,"CM","1.1","4035a",NA,"Y",NA,NA,0
"2270",1998,"CM","1.1","4035a",NA,"Y",NA,NA,0
"2271",1999,"CM","1.1","4035a",0,"Y",NA,NA,0
"2272",2000,"CM","1.1","4035a",0,"Y",NA,NA,0
"2273",2001,"CM","1.1","4035a",0,"Y",NA,NA,0
"2274",2002,"CM","1.1","4035a",0,"Y",NA,NA,0
"2275",2003,"CM","1.1","4035a",0,"Y",NA,NA,0
"2276",2004,"CM","1.1","4035a",3,"Y",NA,NA,0
"2277",2005,"CM","1.1","4035a",0,"Y",NA,NA,0
"2278",2006,"CM","1.1","4035a",0,"Y",NA,NA,0
"2279",2007,"CM","1.1","4035a",0,"Y",NA,NA,0
"2280",2008,"CM","1.1","4035a",2,"Y",NA,NA,0
"2281",2009,"CM","1.1","4035a",0,"Y",NA,NA,0
"2282",2010,"CM","1.1","4035a",0,"Y",NA,NA,0
"2283",2011,"CM","1.1","4035a",0,"Y",NA,NA,0
"2284",2012,"CM","1.1","4035a",0,"Y",NA,NA,0
"2285",2013,"CM","1.1","4035a",0,"Y",NA,NA,0
"2286",2014,"CM","1.1","4035a",0,"Y",NA,NA,0
"2287",2015,"CM","1.1","4035a",0,"Y",NA,NA,0
"2288",2016,"CM","1.1","4035a",0,"Y",NA,NA,0
"2289",2017,"CM","1.1","4035a",0,"Y",NA,NA,0
"2290",2018,"CM","1.1","4035a",0,"Y",NA,NA,0
"2291",2019,"CM","1.1","4035a",0,"Y",NA,NA,0
"2292",2020,"CM","1.1","4035a",0,"Y",NA,NA,0
"2293",2021,"CM","1.1","4035a",0,"Y",NA,NA,0
"2294",2022,"CM","1.1","4035a",0,"Y",NA,NA,0
"2295",2023,"CM","1.1","4035a",0,"Y",NA,NA,0
"2296",1997,"CM","1.1","4039b",NA,"Y",NA,NA,0
"2297",1998,"CM","1.1","4039b",NA,"Y",NA,NA,0
"2298",1999,"CM","1.1","4039b",64,"Y",NA,NA,0
"2299",2000,"CM","1.1","4039b",0,"Y",NA,NA,0
"2300",2001,"CM","1.1","4039b",1,"Y",NA,NA,0
"2301",2002,"CM","1.1","4039b",0,"Y",NA,NA,0
"2302",2003,"CM","1.1","4039b",0,"Y",NA,NA,0
"2303",2004,"CM","1.1","4039b",52,"Y",NA,NA,0
"2304",2005,"CM","1.1","4039b",6,"Y",NA,NA,0
"2305",2006,"CM","1.1","4039b",6,"Y",NA,NA,0
"2306",2007,"CM","1.1","4039b",0,"Y",NA,NA,0
"2307",2008,"CM","1.1","4039b",42,"Y",NA,NA,0
"2308",2009,"CM","1.1","4039b",0,"Y",NA,NA,0
"2309",2010,"CM","1.1","4039b",2,"Y",NA,NA,0
"2310",2011,"CM","1.1","4039b",0,"Y",NA,NA,0
"2311",2012,"CM","1.1","4039b",0,"Y",NA,NA,0
"2312",2013,"CM","1.1","4039b",0,"Y",NA,NA,0
"2313",2014,"CM","1.1","4039b",0,"Y",NA,NA,0
"2314",2015,"CM","1.1","4039b",0,"Y",NA,NA,0
"2315",2016,"CM","1.1","4039b",0,"Y",NA,NA,0
"2316",2017,"CM","1.1","4039b",0,"Y",NA,NA,0
"2317",2018,"CM","1.1","4039b",7,"Y",NA,NA,0
"2318",2019,"CM","1.1","4039b",0,"Y",NA,NA,0
"2319",2020,"CM","1.1","4039b",0,"Y",NA,NA,0
"2320",2021,"CM","1.1","4039b",0,"Y",NA,NA,0
"2321",2022,"CM","1.1","4039b",0,"Y",NA,NA,0
"2322",2023,"CM","1.1","4039b",0,"Y",NA,NA,0
"2323",1997,"CM","1.1","4040a",NA,"Y",NA,NA,0
"2324",1998,"CM","1.1","4040a",NA,"Y",NA,NA,0
"2325",1999,"CM","1.1","4040a",10,"Y",NA,NA,0
"2326",2000,"CM","1.1","4040a",0,"Y",NA,NA,0
"2327",2001,"CM","1.1","4040a",0,"Y",NA,NA,0
"2328",2002,"CM","1.1","4040a",0,"Y",NA,NA,0
"2329",2003,"CM","1.1","4040a",0,"Y",NA,NA,0
"2330",2004,"CM","1.1","4040a",0,"Y",NA,NA,0
"2331",2005,"CM","1.1","4040a",0,"Y",NA,NA,0
"2332",2006,"CM","1.1","4040a",0,"Y",NA,NA,0
"2333",2007,"CM","1.1","4040a",0,"Y",NA,NA,0
"2334",2008,"CM","1.1","4040a",9,"Y",NA,NA,0
"2335",2009,"CM","1.1","4040a",0,"Y",NA,NA,0
"2336",2010,"CM","1.1","4040a",0,"Y",NA,NA,0
"2337",2011,"CM","1.1","4040a",0,"Y",NA,NA,0
"2338",2012,"CM","1.1","4040a",0,"Y",NA,NA,0
"2339",2013,"CM","1.1","4040a",0,"Y",NA,NA,0
"2340",2014,"CM","1.1","4040a",0,"Y",NA,NA,0
"2341",2015,"CM","1.1","4040a",0,"Y",NA,NA,0
"2342",2016,"CM","1.1","4040a",0,"Y",NA,NA,0
"2343",2017,"CM","1.1","4040a",0,"Y",NA,NA,0
"2344",2018,"CM","1.1","4040a",0,"Y",NA,NA,0
"2345",2019,"CM","1.1","4040a",NA,"Y",NA,NA,0
"2346",2020,"CM","1.1","4040a",NA,"Y",NA,NA,0
"2347",2021,"CM","1.1","4040a",0,"Y",NA,NA,0
"2348",2022,"CM","1.1","4040a",0,"Y",NA,NA,0
"2349",2023,"CM","1.1","4040a",0,"Y",NA,NA,0
"2350",1997,"CM","1.1","4043a",NA,"Y",NA,NA,0
"2351",1998,"CM","1.1","4043a",NA,"Y",NA,NA,0
"2352",1999,"CM","1.1","4043a",0,"Y",NA,NA,0
"2353",2000,"CM","1.1","4043a",0,"Y",NA,NA,0
"2354",2001,"CM","1.1","4043a",0,"Y",NA,NA,0
"2355",2002,"CM","1.1","4043a",0,"Y",NA,NA,0
"2356",2003,"CM","1.1","4043a",0,"Y",NA,NA,0
"2357",2004,"CM","1.1","4043a",15,"Y",NA,NA,0
"2358",2005,"CM","1.1","4043a",0,"Y",NA,NA,0
"2359",2006,"CM","1.1","4043a",0,"Y",NA,NA,0
"2360",2007,"CM","1.1","4043a",0,"Y",NA,NA,0
"2361",2008,"CM","1.1","4043a",21,"Y",NA,NA,0
"2362",2009,"CM","1.1","4043a",0,"Y",NA,NA,0
"2363",2010,"CM","1.1","4043a",0,"Y",NA,NA,0
"2364",2011,"CM","1.1","4043a",0,"Y",NA,NA,0
"2365",2012,"CM","1.1","4043a",0,"Y",NA,NA,0
"2366",2013,"CM","1.1","4043a",0,"Y",NA,NA,0
"2367",2014,"CM","1.1","4043a",0,"Y",NA,NA,0
"2368",2015,"CM","1.1","4043a",0,"Y",NA,NA,0
"2369",2016,"CM","1.1","4043a",0,"Y",NA,NA,0
"2370",2017,"CM","1.1","4043a",0,"Y",NA,NA,0
"2371",2018,"CM","1.1","4043a",0,"Y",NA,NA,0
"2372",2019,"CM","1.1","4043a",0,"Y",NA,NA,0
"2373",2020,"CM","1.1","4043a",0,"Y",NA,NA,0
"2374",2021,"CM","1.1","4043a",0,"Y",NA,NA,0
"2375",2022,"CM","1.1","4043a",0,"Y",NA,NA,0
"2376",2023,"CM","1.1","4043a",0,"Y",NA,NA,0
"2377",1997,"CM","1.1","4044*",NA,"M",NA,NA,0
"2378",1998,"CM","1.1","4044*",NA,"M",NA,NA,0
"2379",1999,"CM","1.1","4044*",21,"M",NA,NA,0
"2380",2000,"CM","1.1","4044*",0,"M",NA,NA,0
"2381",2001,"CM","1.1","4044*",5,"M",NA,NA,0
"2382",2002,"CM","1.1","4044*",2,"M",NA,NA,0
"2383",2003,"CM","1.1","4044*",0,"M",NA,NA,0
"2384",2004,"CM","1.1","4044*",26,"M",NA,NA,0
"2385",2005,"CM","1.1","4044*",12,"M",NA,NA,0
"2386",2006,"CM","1.1","4044*",12,"M",NA,NA,0
"2387",2007,"CM","1.1","4044*",0,"M",NA,NA,0
"2388",2008,"CM","1.1","4044*",48,"M",NA,NA,0
"2389",2009,"CM","1.1","4044*",0,"M",NA,NA,0
"2390",2010,"CM","1.1","4044*",0,"M",NA,NA,0
"2391",2011,"CM","1.1","4044*",0,"M",NA,NA,0
"2392",2012,"CM","1.1","4044*",0,"M",NA,NA,0
"2393",2013,"CM","1.1","4044*",0,"M",NA,NA,0
"2394",2014,"CM","1.1","4044*",0,"M",NA,NA,0
"2395",2015,"CM","1.1","4044*",0,"M",NA,NA,0
"2396",2016,"CM","1.1","4044*",6,"M",NA,NA,0
"2397",2017,"CM","1.1","4044*",0,"M",NA,NA,0
"2398",2018,"CM","1.1","4044*",26,"M",NA,NA,0
"2399",2019,"CM","1.1","4044*",0,"M",NA,NA,0
"2400",2020,"CM","1.1","4044*",24,"M",NA,NA,0
"2401",2021,"CM","1.1","4044*",0,"M",NA,NA,0
"2402",2022,"CM","1.1","4044*",0,"M",NA,NA,0
"2403",2023,"CM","1.1","4044*",0,"M",NA,NA,0
"2404",1997,"CM","1.1","4045*",NA,"M",NA,NA,0
"2405",1998,"CM","1.1","4045*",NA,"M",NA,NA,0
"2406",1999,"CM","1.1","4045*",4,"M",NA,NA,0
"2407",2000,"CM","1.1","4045*",0,"M",NA,NA,0
"2408",2001,"CM","1.1","4045*",0,"M",NA,NA,0
"2409",2002,"CM","1.1","4045*",0,"M",NA,NA,0
"2410",2003,"CM","1.1","4045*",0,"M",NA,NA,0
"2411",2004,"CM","1.1","4045*",0,"M",NA,NA,0
"2412",2005,"CM","1.1","4045*",0,"M",NA,NA,0
"2413",2006,"CM","1.1","4045*",0,"M",NA,NA,0
"2414",2007,"CM","1.1","4045*",0,"M",NA,NA,0
"2415",2008,"CM","1.1","4045*",10,"M",NA,NA,0
"2416",2009,"CM","1.1","4045*",0,"M",NA,NA,0
"2417",2010,"CM","1.1","4045*",0,"M",NA,NA,0
"2418",2011,"CM","1.1","4045*",0,"M",NA,NA,0
"2419",2012,"CM","1.1","4045*",0,"M",NA,NA,0
"2420",2013,"CM","1.1","4045*",0,"M",NA,NA,0
"2421",2014,"CM","1.1","4045*",0,"M",NA,NA,0
"2422",2015,"CM","1.1","4045*",0,"M",NA,NA,0
"2423",2016,"CM","1.1","4045*",0,"M",NA,NA,0
"2424",2017,"CM","1.1","4045*",0,"M",NA,NA,0
"2425",2018,"CM","1.1","4045*",2,"M",NA,NA,0
"2426",2019,"CM","1.1","4045*",0,"M",NA,NA,0
"2427",2020,"CM","1.1","4045*",0,"M",NA,NA,0
"2428",2021,"CM","1.1","4045*",0,"M",NA,NA,0
"2429",2022,"CM","1.1","4045*",0,"M",NA,NA,0
"2430",2023,"CM","1.1","4045*",0,"M",NA,NA,0
"2431",1997,"CM","1.3","4053a",NA,"M",3.8,1,1
"2432",1998,"CM","1.3","4053a",NA,"M",3.8,1,1
"2433",1999,"CM","1.3","4053a",90,"M",3.8,1,1
"2434",2000,"CM","1.3","4053a",0,"M",3.8,1,1
"2435",2001,"CM","1.3","4053a",0,"M",3.8,1,1
"2436",2002,"CM","1.3","4053a",0,"M",3.8,1,1
"2437",2003,"CM","1.3","4053a",0,"M",3.8,1,1
"2438",2004,"CM","1.3","4053a",0,"M",3.8,1,1
"2439",2005,"CM","1.3","4053a",0,"M",3.8,1,1
"2440",2006,"CM","1.3","4053a",0,"M",3.8,1,1
"2441",2007,"CM","1.3","4053a",0,"M",3.8,1,1
"2442",2008,"CM","1.3","4053a",55,"M",3.8,1,1
"2443",2009,"CM","1.3","4053a",0,"M",3.8,1,1
"2444",2010,"CM","1.3","4053a",1,"M",3.8,1,1
"2445",2011,"CM","1.3","4053a",4,"M",3.8,1,1
"2446",2012,"CM","1.3","4053a",0,"M",3.8,1,1
"2447",2013,"CM","1.3","4053a",0,"M",3.8,1,1
"2448",2014,"CM","1.3","4053a",0,"M",3.8,1,1
"2449",2015,"CM","1.3","4053a",0,"M",3.8,1,1
"2450",2016,"CM","1.3","4053a",2,"M",3.8,1,1
"2451",2017,"CM","1.3","4053a",0,"M",3.8,1,1
"2452",2018,"CM","1.3","4053a",25,"M",3.8,1,1
"2453",2019,"CM","1.3","4053a",NA,"M",3.8,1,1
"2454",2020,"CM","1.3","4053a",26,"M",3.8,1,1
"2455",2021,"CM","1.3","4053a",0,"M",3.8,1,1
"2456",2022,"CM","1.3","4053a",0,"M",3.8,1,1
"2457",2023,"CM","1.3","4053a",0,"M",3.8,1,1
"2458",1997,"CM","1.3","4059a",NA,"Y",NA,NA,0
"2459",1998,"CM","1.3","4059a",NA,"Y",NA,NA,0
"2460",1999,"CM","1.3","4059a",20,"Y",NA,NA,0
"2461",2000,"CM","1.3","4059a",0,"Y",NA,NA,0
"2462",2001,"CM","1.3","4059a",0,"Y",NA,NA,0
"2463",2002,"CM","1.3","4059a",0,"Y",NA,NA,0
"2464",2003,"CM","1.3","4059a",0,"Y",NA,NA,0
"2465",2004,"CM","1.3","4059a",0,"Y",NA,NA,0
"2466",2005,"CM","1.3","4059a",0,"Y",NA,NA,0
"2467",2006,"CM","1.3","4059a",0,"Y",NA,NA,0
"2468",2007,"CM","1.3","4059a",0,"Y",NA,NA,0
"2469",2008,"CM","1.3","4059a",0,"Y",NA,NA,0
"2470",2009,"CM","1.3","4059a",0,"Y",NA,NA,0
"2471",2010,"CM","1.3","4059a",0,"Y",NA,NA,0
"2472",2011,"CM","1.3","4059a",0,"Y",NA,NA,0
"2473",2012,"CM","1.3","4059a",0,"Y",NA,NA,0
"2474",2013,"CM","1.3","4059a",0,"Y",NA,NA,0
"2475",2014,"CM","1.3","4059a",0,"Y",NA,NA,0
"2476",2015,"CM","1.3","4059a",0,"Y",NA,NA,0
"2477",2016,"CM","1.3","4059a",0,"Y",NA,NA,0
"2478",2017,"CM","1.3","4059a",0,"Y",NA,NA,0
"2479",2018,"CM","1.3","4059a",0,"Y",NA,NA,0
"2480",2019,"CM","1.3","4059a",0,"Y",NA,NA,0
"2481",2020,"CM","1.3","4059a",0,"Y",NA,NA,0
"2482",2021,"CM","1.3","4059a",0,"Y",NA,NA,0
"2483",2022,"CM","1.3","4059a",0,"Y",NA,NA,0
"2484",2023,"CM","1.3","4059a",0,"Y",NA,NA,0
"2485",1997,"CM","1.3","4060a",NA,"Y",NA,NA,0
"2486",1998,"CM","1.3","4060a",NA,"Y",NA,NA,0
"2487",1999,"CM","1.3","4060a",3,"Y",NA,NA,0
"2488",2000,"CM","1.3","4060a",0,"Y",NA,NA,0
"2489",2001,"CM","1.3","4060a",0,"Y",NA,NA,0
"2490",2002,"CM","1.3","4060a",0,"Y",NA,NA,0
"2491",2003,"CM","1.3","4060a",0,"Y",NA,NA,0
"2492",2004,"CM","1.3","4060a",10,"Y",NA,NA,0
"2493",2005,"CM","1.3","4060a",1,"Y",NA,NA,0
"2494",2006,"CM","1.3","4060a",1,"Y",NA,NA,0
"2495",2007,"CM","1.3","4060a",0,"Y",NA,NA,0
"2496",2008,"CM","1.3","4060a",11,"Y",NA,NA,0
"2497",2009,"CM","1.3","4060a",0,"Y",NA,NA,0
"2498",2010,"CM","1.3","4060a",0,"Y",NA,NA,0
"2499",2011,"CM","1.3","4060a",0,"Y",NA,NA,0
"2500",2012,"CM","1.3","4060a",0,"Y",NA,NA,0
"2501",2013,"CM","1.3","4060a",0,"Y",NA,NA,0
"2502",2014,"CM","1.3","4060a",0,"Y",NA,NA,0
"2503",2015,"CM","1.3","4060a",0,"Y",NA,NA,0
"2504",2016,"CM","1.3","4060a",0,"Y",NA,NA,0
"2505",2017,"CM","1.3","4060a",0,"Y",NA,NA,0
"2506",2018,"CM","1.3","4060a",0,"Y",NA,NA,0
"2507",2019,"CM","1.3","4060a",0,"Y",NA,NA,0
"2508",2020,"CM","1.3","4060a",0,"Y",NA,NA,0
"2509",2021,"CM","1.3","4060a",0,"Y",NA,NA,0
"2510",2022,"CM","1.3","4060a",0,"Y",NA,NA,0
"2511",2023,"CM","1.3","4060a",0,"Y",NA,NA,0
"2512",1997,"CM","1.4","4067a*",NA,"Y",NA,NA,0
"2513",1998,"CM","1.4","4067a*",NA,"Y",NA,NA,0
"2514",1999,"CM","1.4","4067a*",0,"Y",NA,NA,0
"2515",2000,"CM","1.4","4067a*",0,"Y",NA,NA,0
"2516",2001,"CM","1.4","4067a*",0,"Y",NA,NA,0
"2517",2002,"CM","1.4","4067a*",0,"Y",NA,NA,0
"2518",2003,"CM","1.4","4067a*",0,"Y",NA,NA,0
"2519",2004,"CM","1.4","4067a*",0,"Y",NA,NA,0
"2520",2005,"CM","1.4","4067a*",0,"Y",NA,NA,0
"2521",2006,"CM","1.4","4067a*",0,"Y",NA,NA,0
"2522",2007,"CM","1.4","4067a*",0,"Y",NA,NA,0
"2523",2008,"CM","1.4","4067a*",35,"Y",NA,NA,0
"2524",2009,"CM","1.4","4067a*",0,"Y",NA,NA,0
"2525",2010,"CM","1.4","4067a*",0,"Y",NA,NA,0
"2526",2011,"CM","1.4","4067a*",0,"Y",NA,NA,0
"2527",2012,"CM","1.4","4067a*",0,"Y",NA,NA,0
"2528",2013,"CM","1.4","4067a*",0,"Y",NA,NA,0
"2529",2014,"CM","1.4","4067a*",0,"Y",NA,NA,0
"2530",2015,"CM","1.4","4067a*",0,"Y",NA,NA,0
"2531",2016,"CM","1.4","4067a*",0,"Y",NA,NA,0
"2532",2017,"CM","1.4","4067a*",0,"Y",NA,NA,0
"2533",2018,"CM","1.4","4067a*",0,"Y",NA,NA,0
"2534",2019,"CM","1.4","4067a*",0,"Y",NA,NA,0
"2535",2020,"CM","1.4","4067a*",NA,"Y",NA,NA,0
"2536",2021,"CM","1.4","4067a*",NA,"Y",NA,NA,0
"2537",2022,"CM","1.4","4067a*",0,"Y",NA,NA,0
"2538",2023,"CM","1.4","4067a*",NA,"Y",NA,NA,0
"2539",1997,"CM","1.4","4068a*",NA,"Y",NA,NA,0
"2540",1998,"CM","1.4","4068a*",NA,"Y",NA,NA,0
"2541",1999,"CM","1.4","4068a*",0,"Y",NA,NA,0
"2542",2000,"CM","1.4","4068a*",0,"Y",NA,NA,0
"2543",2001,"CM","1.4","4068a*",0,"Y",NA,NA,0
"2544",2002,"CM","1.4","4068a*",0,"Y",NA,NA,0
"2545",2003,"CM","1.4","4068a*",0,"Y",NA,NA,0
"2546",2004,"CM","1.4","4068a*",0,"Y",NA,NA,0
"2547",2005,"CM","1.4","4068a*",0,"Y",NA,NA,0
"2548",2006,"CM","1.4","4068a*",0,"Y",NA,NA,0
"2549",2007,"CM","1.4","4068a*",0,"Y",NA,NA,0
"2550",2008,"CM","1.4","4068a*",0,"Y",NA,NA,0
"2551",2009,"CM","1.4","4068a*",0,"Y",NA,NA,0
"2552",2010,"CM","1.4","4068a*",0,"Y",NA,NA,0
"2553",2011,"CM","1.4","4068a*",0,"Y",NA,NA,0
"2554",2012,"CM","1.4","4068a*",0,"Y",NA,NA,0
"2555",2013,"CM","1.4","4068a*",0,"Y",NA,NA,0
"2556",2014,"CM","1.4","4068a*",0,"Y",NA,NA,0
"2557",2015,"CM","1.4","4068a*",0,"Y",NA,NA,0
"2558",2016,"CM","1.4","4068a*",0,"Y",NA,NA,0
"2559",2017,"CM","1.4","4068a*",0,"Y",NA,NA,0
"2560",2018,"CM","1.4","4068a*",0,"Y",NA,NA,0
"2561",2019,"CM","1.4","4068a*",0,"Y",NA,NA,0
"2562",2020,"CM","1.4","4068a*",0,"Y",NA,NA,0
"2563",2021,"CM","1.4","4068a*",0,"Y",NA,NA,0
"2564",2022,"CM","1.4","4068a*",0,"Y",NA,NA,0
"2565",2023,"CM","1.4","4068a*",0,"Y",NA,NA,0
"2566",1997,"CM","1.4","4069c",NA,"Y",NA,NA,0
"2567",1998,"CM","1.4","4069c",NA,"Y",NA,NA,0
"2568",1999,"CM","1.4","4069c",10,"Y",NA,NA,0
"2569",2000,"CM","1.4","4069c",0,"Y",NA,NA,0
"2570",2001,"CM","1.4","4069c",0,"Y",NA,NA,0
"2571",2002,"CM","1.4","4069c",0,"Y",NA,NA,0
"2572",2003,"CM","1.4","4069c",0,"Y",NA,NA,0
"2573",2004,"CM","1.4","4069c",0,"Y",NA,NA,0
"2574",2005,"CM","1.4","4069c",0,"Y",NA,NA,0
"2575",2006,"CM","1.4","4069c",0,"Y",NA,NA,0
"2576",2007,"CM","1.4","4069c",0,"Y",NA,NA,0
"2577",2008,"CM","1.4","4069c",5,"Y",NA,NA,0
"2578",2009,"CM","1.4","4069c",0,"Y",NA,NA,0
"2579",2010,"CM","1.4","4069c",0,"Y",NA,NA,0
"2580",2011,"CM","1.4","4069c",0,"Y",NA,NA,0
"2581",2012,"CM","1.4","4069c",0,"Y",NA,NA,0
"2582",2013,"CM","1.4","4069c",0,"Y",NA,NA,0
"2583",2014,"CM","1.4","4069c",0,"Y",NA,NA,0
"2584",2015,"CM","1.4","4069c",0,"Y",NA,NA,0
"2585",2016,"CM","1.4","4069c",0,"Y",NA,NA,0
"2586",2017,"CM","1.4","4069c",0,"Y",NA,NA,0
"2587",2018,"CM","1.4","4069c",2,"Y",NA,NA,0
"2588",2019,"CM","1.4","4069c",0,"Y",NA,NA,0
"2589",2020,"CM","1.4","4069c",11,"Y",NA,NA,0
"2590",2021,"CM","1.4","4069c",0,"Y",NA,NA,0
"2591",2022,"CM","1.4","4069c",0,"Y",NA,NA,0
"2592",2023,"CM","1.4","4069c",0,"M",NA,NA,0
"2593",1997,"CM","1.4","4071a",NA,"Y",NA,NA,0
"2594",1998,"CM","1.4","4071a",NA,"Y",NA,NA,0
"2595",1999,"CM","1.4","4071a",0,"Y",NA,NA,0
"2596",2000,"CM","1.4","4071a",0,"Y",NA,NA,0
"2597",2001,"CM","1.4","4071a",0,"Y",NA,NA,0
"2598",2002,"CM","1.4","4071a",0,"Y",NA,NA,0
"2599",2003,"CM","1.4","4071a",0,"Y",NA,NA,0
"2600",2004,"CM","1.4","4071a",0,"Y",NA,NA,0
"2601",2005,"CM","1.4","4071a",0,"Y",NA,NA,0
"2602",2006,"CM","1.4","4071a",0,"Y",NA,NA,0
"2603",2007,"CM","1.4","4071a",0,"Y",NA,NA,0
"2604",2008,"CM","1.4","4071a",1,"Y",NA,NA,0
"2605",2009,"CM","1.4","4071a",0,"Y",NA,NA,0
"2606",2010,"CM","1.4","4071a",0,"Y",NA,NA,0
"2607",2011,"CM","1.4","4071a",0,"Y",NA,NA,0
"2608",2012,"CM","1.4","4071a",0,"Y",NA,NA,0
"2609",2013,"CM","1.4","4071a",0,"Y",NA,NA,0
"2610",2014,"CM","1.4","4071a",0,"Y",NA,NA,0
"2611",2015,"CM","1.4","4071a",0,"Y",NA,NA,0
"2612",2016,"CM","1.4","4071a",0,"Y",NA,NA,0
"2613",2017,"CM","1.4","4071a",0,"Y",NA,NA,0
"2614",2018,"CM","1.4","4071a",0,"Y",NA,NA,0
"2615",2019,"CM","1.4","4071a",0,"J",NA,NA,0
"2616",2020,"CM","1.4","4071a",0,"J",NA,NA,0
"2617",2021,"CM","1.4","4071a",0,"Y",NA,NA,0
"2618",2022,"CM","1.4","4071a",0,"Y",NA,NA,0
"2619",2023,"CM","1.4","4071a",0,"Y",NA,NA,0
"2620",1997,"CM","1.4","4072a",NA,"M",NA,NA,0
"2621",1998,"CM","1.4","4072a",NA,"M",NA,NA,0
"2622",1999,"CM","1.4","4072a",35,"M",NA,NA,0
"2623",2000,"CM","1.4","4072a",0,"M",NA,NA,0
"2624",2001,"CM","1.4","4072a",0,"M",NA,NA,0
"2625",2002,"CM","1.4","4072a",0,"M",NA,NA,0
"2626",2003,"CM","1.4","4072a",0,"M",NA,NA,0
"2627",2004,"CM","1.4","4072a",0,"M",NA,NA,0
"2628",2005,"CM","1.4","4072a",0,"M",NA,NA,0
"2629",2006,"CM","1.4","4072a",0,"M",NA,NA,0
"2630",2007,"CM","1.4","4072a",0,"M",NA,NA,0
"2631",2008,"CM","1.4","4072a",55,"M",NA,NA,0
"2632",2009,"CM","1.4","4072a",0,"M",NA,NA,0
"2633",2010,"CM","1.4","4072a",0,"M",NA,NA,0
"2634",2011,"CM","1.4","4072a",0,"M",NA,NA,0
"2635",2012,"CM","1.4","4072a",0,"M",NA,NA,0
"2636",2013,"CM","1.4","4072a",0,"M",NA,NA,0
"2637",2014,"CM","1.4","4072a",0,"M",NA,NA,0
"2638",2015,"CM","1.4","4072a",0,"M",NA,NA,0
"2639",2016,"CM","1.4","4072a",5,"M",NA,NA,0
"2640",2017,"CM","1.4","4072a",0,"M",NA,NA,0
"2641",2018,"CM","1.4","4072a",10,"M",NA,NA,0
"2642",2019,"CM","1.4","4072a",0,"M",NA,NA,0
"2643",2020,"CM","1.4","4072a",2,"M",NA,NA,0
"2644",2021,"CM","1.4","4072a",0,"M",NA,NA,0
"2645",2022,"CM","1.4","4072a",0,"M",NA,NA,0
"2646",2023,"CM","1.4","4072a",0,"M",NA,NA,0
"2647",1997,"CM","1.4","4072b",NA,"Y",NA,NA,0
"2648",1998,"CM","1.4","4072b",NA,"Y",NA,NA,0
"2649",1999,"CM","1.4","4072b",8,"Y",NA,NA,0
"2650",2000,"CM","1.4","4072b",0,"Y",NA,NA,0
"2651",2001,"CM","1.4","4072b",0,"Y",NA,NA,0
"2652",2002,"CM","1.4","4072b",0,"Y",NA,NA,0
"2653",2003,"CM","1.4","4072b",0,"Y",NA,NA,0
"2654",2004,"CM","1.4","4072b",0,"Y",NA,NA,0
"2655",2005,"CM","1.4","4072b",0,"Y",NA,NA,0
"2656",2006,"CM","1.4","4072b",0,"Y",NA,NA,0
"2657",2007,"CM","1.4","4072b",0,"Y",NA,NA,0
"2658",2008,"CM","1.4","4072b",1,"Y",NA,NA,0
"2659",2009,"CM","1.4","4072b",0,"Y",NA,NA,0
"2660",2010,"CM","1.4","4072b",0,"Y",NA,NA,0
"2661",2011,"CM","1.4","4072b",0,"Y",NA,NA,0
"2662",2012,"CM","1.4","4072b",0,"Y",NA,NA,0
"2663",2013,"CM","1.4","4072b",0,"Y",NA,NA,0
"2664",2014,"CM","1.4","4072b",0,"Y",NA,NA,0
"2665",2015,"CM","1.4","4072b",0,"Y",NA,NA,0
"2666",2016,"CM","1.4","4072b",0,"Y",NA,NA,0
"2667",2017,"CM","1.4","4072b",0,"Y",NA,NA,0
"2668",2018,"CM","1.4","4072b",0,"Y",NA,NA,0
"2669",2019,"CM","1.4","4072b",0,"Y",NA,NA,0
"2670",2020,"CM","1.4","4072b",2,"Y",NA,NA,0
"2671",2021,"CM","1.4","4072b",0,"Y",NA,NA,0
"2672",2022,"CM","1.4","4072b",0,"Y",NA,NA,0
"2673",2023,"CM","1.4","4072b",0,"Y",NA,NA,0
"2674",1997,"CM","1.4","4074*",NA,"Y",NA,NA,0
"2675",1998,"CM","1.4","4074*",NA,"Y",NA,NA,0
"2676",1999,"CM","1.4","4074*",80,"Y",NA,NA,0
"2677",2000,"CM","1.4","4074*",0,"Y",NA,NA,0
"2678",2001,"CM","1.4","4074*",1,"Y",NA,NA,0
"2679",2002,"CM","1.4","4074*",0,"Y",NA,NA,0
"2680",2003,"CM","1.4","4074*",0,"Y",NA,NA,0
"2681",2004,"CM","1.4","4074*",16,"Y",NA,NA,0
"2682",2005,"CM","1.4","4074*",3,"Y",NA,NA,0
"2683",2006,"CM","1.4","4074*",3,"Y",NA,NA,0
"2684",2007,"CM","1.4","4074*",0,"Y",NA,NA,0
"2685",2008,"CM","1.4","4074*",70,"Y",NA,NA,0
"2686",2009,"CM","1.4","4074*",0,"Y",NA,NA,0
"2687",2010,"CM","1.4","4074*",1,"Y",NA,NA,0
"2688",2011,"CM","1.4","4074*",0,"Y",NA,NA,0
"2689",2012,"CM","1.4","4074*",0,"Y",NA,NA,0
"2690",2013,"CM","1.4","4074*",0,"Y",NA,NA,0
"2691",2014,"CM","1.4","4074*",0,"Y",NA,NA,0
"2692",2015,"CM","1.4","4074*",0,"Y",NA,NA,0
"2693",2016,"CM","1.4","4074*",28,"Y",NA,NA,0
"2694",2017,"CM","1.4","4074*",0,"Y",NA,NA,0
"2695",2018,"CM","1.4","4074*",8,"Y",NA,NA,0
"2696",2019,"CM","1.4","4074*",0,"M",NA,NA,0
"2697",2020,"CM","1.4","4074*",25,"M",NA,NA,0
"2698",2021,"CM","1.4","4074*",0,"M",NA,NA,0
"2699",2022,"CM","1.4","4074*",0,"M",NA,NA,0
"2700",2023,"CM","1.4","4074*",0,"M",NA,NA,0
"2701",1997,"CM","1.4","4074a*",NA,"Y",NA,NA,0
"2702",1998,"CM","1.4","4074a*",NA,"Y",NA,NA,0
"2703",1999,"CM","1.4","4074a*",8,"Y",NA,NA,0
"2704",2000,"CM","1.4","4074a*",0,"Y",NA,NA,0
"2705",2001,"CM","1.4","4074a*",0,"Y",NA,NA,0
"2706",2002,"CM","1.4","4074a*",0,"Y",NA,NA,0
"2707",2003,"CM","1.4","4074a*",0,"Y",NA,NA,0
"2708",2004,"CM","1.4","4074a*",1,"Y",NA,NA,0
"2709",2005,"CM","1.4","4074a*",0,"Y",NA,NA,0
"2710",2006,"CM","1.4","4074a*",0,"Y",NA,NA,0
"2711",2007,"CM","1.4","4074a*",0,"Y",NA,NA,0
"2712",2008,"CM","1.4","4074a*",30,"Y",NA,NA,0
"2713",2009,"CM","1.4","4074a*",0,"Y",NA,NA,0
"2714",2010,"CM","1.4","4074a*",0,"Y",NA,NA,0
"2715",2011,"CM","1.4","4074a*",0,"Y",NA,NA,0
"2716",2012,"CM","1.4","4074a*",0,"Y",NA,NA,0
"2717",2013,"CM","1.4","4074a*",0,"Y",NA,NA,0
"2718",2014,"CM","1.4","4074a*",0,"Y",NA,NA,0
"2719",2015,"CM","1.4","4074a*",0,"Y",NA,NA,0
"2720",2016,"CM","1.4","4074a*",2,"Y",NA,NA,0
"2721",2017,"CM","1.4","4074a*",0,"Y",NA,NA,0
"2722",2018,"CM","1.4","4074a*",0,"Y",NA,NA,0
"2723",2019,"CM","1.4","4074a*",0,"Y",NA,NA,0
"2724",2020,"CM","1.4","4074a*",0,"Y",NA,NA,0
"2725",2021,"CM","1.4","4074a*",0,"Y",NA,NA,0
"2726",2022,"CM","1.4","4074a*",0,"Y",NA,NA,0
"2727",2023,"CM","1.4","4074a*",0,"Y",NA,NA,0
"2728",1997,"CM","1.4","4076a",NA,"Y",NA,NA,0
"2729",1998,"CM","1.4","4076a",NA,"Y",NA,NA,0
"2730",1999,"CM","1.4","4076a",25,"Y",NA,NA,0
"2731",2000,"CM","1.4","4076a",0,"Y",NA,NA,0
"2732",2001,"CM","1.4","4076a",0,"Y",NA,NA,0
"2733",2002,"CM","1.4","4076a",0,"Y",NA,NA,0
"2734",2003,"CM","1.4","4076a",0,"Y",NA,NA,0
"2735",2004,"CM","1.4","4076a",6,"Y",NA,NA,0
"2736",2005,"CM","1.4","4076a",0,"Y",NA,NA,0
"2737",2006,"CM","1.4","4076a",0,"Y",NA,NA,0
"2738",2007,"CM","1.4","4076a",0,"Y",NA,NA,0
"2739",2008,"CM","1.4","4076a",20,"Y",NA,NA,0
"2740",2009,"CM","1.4","4076a",0,"Y",NA,NA,0
"2741",2010,"CM","1.4","4076a",0,"Y",NA,NA,0
"2742",2011,"CM","1.4","4076a",0,"Y",NA,NA,0
"2743",2012,"CM","1.4","4076a",0,"Y",NA,NA,0
"2744",2013,"CM","1.4","4076a",0,"Y",NA,NA,0
"2745",2014,"CM","1.4","4076a",0,"Y",NA,NA,0
"2746",2015,"CM","1.4","4076a",0,"Y",NA,NA,0
"2747",2016,"CM","1.4","4076a",7,"Y",NA,NA,0
"2748",2017,"CM","1.4","4076a",0,"Y",NA,NA,0
"2749",2018,"CM","1.4","4076a",4,"Y",NA,NA,0
"2750",2019,"CM","1.4","4076a",0,"Y",NA,NA,0
"2751",2020,"CM","1.4","4076a",1,"Y",NA,NA,0
"2752",2021,"CM","1.4","4076a",0,"Y",NA,NA,0
"2753",2022,"CM","1.4","4076a",0,"Y",NA,NA,0
"2754",2023,"CM","1.4","4076a",0,"Y",NA,NA,0
"2755",1997,"CM","1.4","4076c",NA,"Y",NA,NA,0
"2756",1998,"CM","1.4","4076c",NA,"Y",NA,NA,0
"2757",1999,"CM","1.4","4076c",5,"Y",NA,NA,0
"2758",2000,"CM","1.4","4076c",0,"Y",NA,NA,0
"2759",2001,"CM","1.4","4076c",0,"Y",NA,NA,0
"2760",2002,"CM","1.4","4076c",0,"Y",NA,NA,0
"2761",2003,"CM","1.4","4076c",0,"Y",NA,NA,0
"2762",2004,"CM","1.4","4076c",5,"Y",NA,NA,0
"2763",2005,"CM","1.4","4076c",0,"Y",NA,NA,0
"2764",2006,"CM","1.4","4076c",0,"Y",NA,NA,0
"2765",2007,"CM","1.4","4076c",0,"Y",NA,NA,0
"2766",2008,"CM","1.4","4076c",24,"Y",NA,NA,0
"2767",2009,"CM","1.4","4076c",0,"Y",NA,NA,0
"2768",2010,"CM","1.4","4076c",0,"Y",NA,NA,0
"2769",2011,"CM","1.4","4076c",0,"Y",NA,NA,0
"2770",2012,"CM","1.4","4076c",0,"Y",NA,NA,0
"2771",2013,"CM","1.4","4076c",0,"Y",NA,NA,0
"2772",2014,"CM","1.4","4076c",0,"Y",NA,NA,0
"2773",2015,"CM","1.4","4076c",0,"Y",NA,NA,0
"2774",2016,"CM","1.4","4076c",2,"Y",NA,NA,0
"2775",2017,"CM","1.4","4076c",0,"Y",NA,NA,0
"2776",2018,"CM","1.4","4076c",0,"Y",NA,NA,0
"2777",2019,"CM","1.4","4076c",0,"Y",NA,NA,0
"2778",2020,"CM","1.4","4076c",1,"Y",NA,NA,0
"2779",2021,"CM","1.4","4076c",0,"Y",NA,NA,0
"2780",2022,"CM","1.4","4076c",0,"Y",NA,NA,0
"2781",2023,"CM","1.4","4076c",0,"Y",NA,NA,0
"2782",1997,"CM","1.4","4079a",NA,"Y",NA,NA,0
"2783",1998,"CM","1.4","4079a",NA,"Y",NA,NA,0
"2784",1999,"CM","1.4","4079a",8,"Y",NA,NA,0
"2785",2000,"CM","1.4","4079a",0,"Y",NA,NA,0
"2786",2001,"CM","1.4","4079a",0,"Y",NA,NA,0
"2787",2002,"CM","1.4","4079a",0,"Y",NA,NA,0
"2788",2003,"CM","1.4","4079a",0,"Y",NA,NA,0
"2789",2004,"CM","1.4","4079a",1,"Y",NA,NA,0
"2790",2005,"CM","1.4","4079a",0,"Y",NA,NA,0
"2791",2006,"CM","1.4","4079a",0,"Y",NA,NA,0
"2792",2007,"CM","1.4","4079a",0,"Y",NA,NA,0
"2793",2008,"CM","1.4","4079a",25,"Y",NA,NA,0
"2794",2009,"CM","1.4","4079a",0,"Y",NA,NA,0
"2795",2010,"CM","1.4","4079a",0,"Y",NA,NA,0
"2796",2011,"CM","1.4","4079a",0,"Y",NA,NA,0
"2797",2012,"CM","1.4","4079a",0,"Y",NA,NA,0
"2798",2013,"CM","1.4","4079a",0,"Y",NA,NA,0
"2799",2014,"CM","1.4","4079a",0,"Y",NA,NA,0
"2800",2015,"CM","1.4","4079a",0,"Y",NA,NA,0
"2801",2016,"CM","1.4","4079a",14,"Y",NA,NA,0
"2802",2017,"CM","1.4","4079a",0,"Y",NA,NA,0
"2803",2018,"CM","1.4","4079a",1,"Y",NA,NA,0
"2804",2019,"CM","1.4","4079a",0,"Y",NA,NA,0
"2805",2020,"CM","1.4","4079a",13,"Y",NA,NA,0
"2806",2021,"CM","1.4","4079a",0,"Y",NA,NA,0
"2807",2022,"CM","1.4","4079a",0,"Y",NA,NA,0
"2808",2023,"CM","1.4","4079a",0,"Y",NA,NA,0
"2809",1997,"CM","1.4","4079b",NA,"Y",NA,NA,0
"2810",1998,"CM","1.4","4079b",NA,"Y",NA,NA,0
"2811",1999,"CM","1.4","4079b",40,"Y",NA,NA,0
"2812",2000,"CM","1.4","4079b",0,"Y",NA,NA,0
"2813",2001,"CM","1.4","4079b",0,"Y",NA,NA,0
"2814",2002,"CM","1.4","4079b",0,"Y",NA,NA,0
"2815",2003,"CM","1.4","4079b",0,"Y",NA,NA,0
"2816",2004,"CM","1.4","4079b",15,"Y",NA,NA,0
"2817",2005,"CM","1.4","4079b",1,"Y",NA,NA,0
"2818",2006,"CM","1.4","4079b",1,"Y",NA,NA,0
"2819",2007,"CM","1.4","4079b",0,"Y",NA,NA,0
"2820",2008,"CM","1.4","4079b",0,"Y",NA,NA,0
"2821",2009,"CM","1.4","4079b",0,"Y",NA,NA,0
"2822",2010,"CM","1.4","4079b",0,"Y",NA,NA,0
"2823",2011,"CM","1.4","4079b",0,"Y",NA,NA,0
"2824",2012,"CM","1.4","4079b",0,"Y",NA,NA,0
"2825",2013,"CM","1.4","4079b",0,"Y",NA,NA,0
"2826",2014,"CM","1.4","4079b",0,"Y",NA,NA,0
"2827",2015,"CM","1.4","4079b",0,"Y",NA,NA,0
"2828",2016,"CM","1.4","4079b",1,"Y",NA,NA,0
"2829",2017,"CM","1.4","4079b",0,"Y",NA,NA,0
"2830",2018,"CM","1.4","4079b",0,"Y",NA,NA,0
"2831",2019,"CM","1.4","4079b",0,"Y",NA,NA,0
"2832",2020,"CM","1.4","4079b",9,"Y",NA,NA,0
"2833",2021,"CM","1.4","4079b",0,"Y",NA,NA,0
"2834",2022,"CM","1.4","4079b",0,"Y",NA,NA,0
"2835",2023,"CM","1.4","4079b",0,"Y",NA,NA,0
"2836",1997,"CM","1.4","4081a*",NA,"Y",NA,NA,0
"2837",1998,"CM","1.4","4081a*",NA,"Y",NA,NA,0
"2838",1999,"CM","1.4","4081a*",33,"Y",NA,NA,0
"2839",2000,"CM","1.4","4081a*",0,"Y",NA,NA,0
"2840",2001,"CM","1.4","4081a*",0,"Y",NA,NA,0
"2841",2002,"CM","1.4","4081a*",0,"Y",NA,NA,0
"2842",2003,"CM","1.4","4081a*",0,"Y",NA,NA,0
"2843",2004,"CM","1.4","4081a*",27,"Y",NA,NA,0
"2844",2005,"CM","1.4","4081a*",0,"Y",NA,NA,0
"2845",2006,"CM","1.4","4081a*",0,"Y",NA,NA,0
"2846",2007,"CM","1.4","4081a*",0,"Y",NA,NA,0
"2847",2008,"CM","1.4","4081a*",85,"Y",NA,NA,0
"2848",2009,"CM","1.4","4081a*",0,"Y",NA,NA,0
"2849",2010,"CM","1.4","4081a*",1,"Y",NA,NA,0
"2850",2011,"CM","1.4","4081a*",0,"Y",NA,NA,0
"2851",2012,"CM","1.4","4081a*",0,"Y",NA,NA,0
"2852",2013,"CM","1.4","4081a*",0,"Y",NA,NA,0
"2853",2014,"CM","1.4","4081a*",0,"Y",NA,NA,0
"2854",2015,"CM","1.4","4081a*",0,"Y",NA,NA,0
"2855",2016,"CM","1.4","4081a*",56,"Y",NA,NA,0
"2856",2017,"CM","1.4","4081a*",0,"Y",NA,NA,0
"2857",2018,"CM","1.4","4081a*",11,"Y",NA,NA,0
"2858",2019,"CM","1.4","4081a*",0,"M",NA,NA,0
"2859",2020,"CM","1.4","4081a*",11,"M",NA,NA,0
"2860",2021,"CM","1.4","4081a*",0,"M",NA,NA,0
"2861",2022,"CM","1.4","4081a*",0,"M",NA,NA,0
"2862",2023,"CM","1.4","4081a*",0,"M",NA,NA,0
"2863",1997,"CM","1.4","4083a",NA,"Y",NA,NA,0
"2864",1998,"CM","1.4","4083a",NA,"Y",NA,NA,0
"2865",1999,"CM","1.4","4083a",6,"Y",NA,NA,0
"2866",2000,"CM","1.4","4083a",0,"Y",NA,NA,0
"2867",2001,"CM","1.4","4083a",0,"Y",NA,NA,0
"2868",2002,"CM","1.4","4083a",0,"Y",NA,NA,0
"2869",2003,"CM","1.4","4083a",0,"Y",NA,NA,0
"2870",2004,"CM","1.4","4083a",2,"Y",NA,NA,0
"2871",2005,"CM","1.4","4083a",0,"Y",NA,NA,0
"2872",2006,"CM","1.4","4083a",0,"Y",NA,NA,0
"2873",2007,"CM","1.4","4083a",0,"Y",NA,NA,0
"2874",2008,"CM","1.4","4083a",7,"Y",NA,NA,0
"2875",2009,"CM","1.4","4083a",0,"Y",NA,NA,0
"2876",2010,"CM","1.4","4083a",0,"Y",NA,NA,0
"2877",2011,"CM","1.4","4083a",0,"Y",NA,NA,0
"2878",2012,"CM","1.4","4083a",0,"Y",NA,NA,0
"2879",2013,"CM","1.4","4083a",0,"Y",NA,NA,0
"2880",2014,"CM","1.4","4083a",0,"Y",NA,NA,0
"2881",2015,"CM","1.4","4083a",0,"Y",NA,NA,0
"2882",2016,"CM","1.4","4083a",0,"Y",NA,NA,0
"2883",2017,"CM","1.4","4083a",0,"Y",NA,NA,0
"2884",2018,"CM","1.4","4083a",0,"Y",NA,NA,0
"2885",2019,"CM","1.4","4083a",0,"Y",NA,NA,0
"2886",2020,"CM","1.4","4083a",1,"Y",NA,NA,0
"2887",2021,"CM","1.4","4083a",0,"Y",NA,NA,0
"2888",2022,"CM","1.4","4083a",0,"Y",NA,NA,0
"2889",2023,"CM","1.4","4083a",0,"Y",NA,NA,0
"2890",1997,"CM","1.4","4083c",NA,"Y",NA,NA,0
"2891",1998,"CM","1.4","4083c",NA,"Y",NA,NA,0
"2892",1999,"CM","1.4","4083c",0,"Y",NA,NA,0
"2893",2000,"CM","1.4","4083c",0,"Y",NA,NA,0
"2894",2001,"CM","1.4","4083c",0,"Y",NA,NA,0
"2895",2002,"CM","1.4","4083c",0,"Y",NA,NA,0
"2896",2003,"CM","1.4","4083c",0,"Y",NA,NA,0
"2897",2004,"CM","1.4","4083c",0,"Y",NA,NA,0
"2898",2005,"CM","1.4","4083c",0,"Y",NA,NA,0
"2899",2006,"CM","1.4","4083c",0,"Y",NA,NA,0
"2900",2007,"CM","1.4","4083c",0,"Y",NA,NA,0
"2901",2008,"CM","1.4","4083c",1,"Y",NA,NA,0
"2902",2009,"CM","1.4","4083c",0,"Y",NA,NA,0
"2903",2010,"CM","1.4","4083c",0,"Y",NA,NA,0
"2904",2011,"CM","1.4","4083c",0,"Y",NA,NA,0
"2905",2012,"CM","1.4","4083c",0,"Y",NA,NA,0
"2906",2013,"CM","1.4","4083c",0,"Y",NA,NA,0
"2907",2014,"CM","1.4","4083c",0,"Y",NA,NA,0
"2908",2015,"CM","1.4","4083c",0,"Y",NA,NA,0
"2909",2016,"CM","1.4","4083c",0,"Y",NA,NA,0
"2910",2017,"CM","1.4","4083c",0,"Y",NA,NA,0
"2911",2018,"CM","1.4","4083c",0,"Y",NA,NA,0
"2912",2019,"CM","1.4","4083c",0,"Y",NA,NA,0
"2913",2020,"CM","1.4","4083c",0,"Y",NA,NA,0
"2914",2021,"CM","1.4","4083c",0,"Y",NA,NA,0
"2915",2022,"CM","1.4","4083c",0,"Y",NA,NA,0
"2916",2023,"CM","1.4","4083c",0,"Y",NA,NA,0
"2917",1997,"CM","1.4","4085*",NA,"Y",NA,NA,0
"2918",1998,"CM","1.4","4085*",NA,"Y",NA,NA,0
"2919",1999,"CM","1.4","4085*",37,"Y",NA,NA,0
"2920",2000,"CM","1.4","4085*",0,"Y",NA,NA,0
"2921",2001,"CM","1.4","4085*",0,"Y",NA,NA,0
"2922",2002,"CM","1.4","4085*",0,"Y",NA,NA,0
"2923",2003,"CM","1.4","4085*",0,"Y",NA,NA,0
"2924",2004,"CM","1.4","4085*",47,"Y",NA,NA,0
"2925",2005,"CM","1.4","4085*",0,"Y",NA,NA,0
"2926",2006,"CM","1.4","4085*",0,"Y",NA,NA,0
"2927",2007,"CM","1.4","4085*",0,"Y",NA,NA,0
"2928",2008,"CM","1.4","4085*",38,"Y",NA,NA,0
"2929",2009,"CM","1.4","4085*",0,"Y",NA,NA,0
"2930",2010,"CM","1.4","4085*",0,"Y",NA,NA,0
"2931",2011,"CM","1.4","4085*",0,"Y",NA,NA,0
"2932",2012,"CM","1.4","4085*",0,"Y",NA,NA,0
"2933",2013,"CM","1.4","4085*",0,"Y",NA,NA,0
"2934",2014,"CM","1.4","4085*",0,"Y",NA,NA,0
"2935",2015,"CM","1.4","4085*",0,"Y",NA,NA,0
"2936",2016,"CM","1.4","4085*",7,"Y",NA,NA,0
"2937",2017,"CM","1.4","4085*",0,"Y",NA,NA,0
"2938",2018,"CM","1.4","4085*",3,"Y",NA,NA,0
"2939",2019,"CM","1.4","4085*",0,"Y",NA,NA,0
"2940",2020,"CM","1.4","4085*",5,"Y",NA,NA,0
"2941",2021,"CM","1.4","4085*",0,"Y",NA,NA,0
"2942",2022,"CM","1.4","4085*",0,"Y",NA,NA,0
"2943",2023,"CM","1.4","4085*",0,"Y",NA,NA,0
"2944",1997,"CM","1.4","4086*",NA,"M",NA,NA,0
"2945",1998,"CM","1.4","4086*",NA,"M",NA,NA,0
"2946",1999,"CM","1.4","4086*",7,"M",NA,NA,0
"2947",2000,"CM","1.4","4086*",NA,"M",NA,NA,0
"2948",2001,"CM","1.4","4086*",0,"M",NA,NA,0
"2949",2002,"CM","1.4","4086*",0,"M",NA,NA,0
"2950",2003,"CM","1.4","4086*",0,"M",NA,NA,0
"2951",2004,"CM","1.4","4086*",1,"M",NA,NA,0
"2952",2005,"CM","1.4","4086*",0,"M",NA,NA,0
"2953",2006,"CM","1.4","4086*",0,"M",NA,NA,0
"2954",2007,"CM","1.4","4086*",0,"M",NA,NA,0
"2955",2008,"CM","1.4","4086*",2,"M",NA,NA,0
"2956",2009,"CM","1.4","4086*",0,"M",NA,NA,0
"2957",2010,"CM","1.4","4086*",0,"M",NA,NA,0
"2958",2011,"CM","1.4","4086*",0,"M",NA,NA,0
"2959",2012,"CM","1.4","4086*",0,"M",NA,NA,0
"2960",2013,"CM","1.4","4086*",0,"M",NA,NA,0
"2961",2014,"CM","1.4","4086*",0,"M",NA,NA,0
"2962",2015,"CM","1.4","4086*",0,"M",NA,NA,0
"2963",2016,"CM","1.4","4086*",0,"M",NA,NA,0
"2964",2017,"CM","1.4","4086*",0,"M",NA,NA,0
"2965",2018,"CM","1.4","4086*",0,"M",NA,NA,0
"2966",2019,"CM","1.4","4086*",0,"M",NA,NA,0
"2967",2020,"CM","1.4","4086*",11,"M",NA,NA,0
"2968",2021,"CM","1.4","4086*",0,"M",NA,NA,0
"2969",2022,"CM","1.4","4086*",0,"M",NA,NA,0
"2970",2023,"CM","1.4","4086*",0,"M",NA,NA,0
"2971",1997,"CM","1.4","4087a*",NA,"Y",NA,NA,0
"2972",1998,"CM","1.4","4087a*",NA,"Y",NA,NA,0
"2973",1999,"CM","1.4","4087a*",25,"Y",NA,NA,0
"2974",2000,"CM","1.4","4087a*",0,"Y",NA,NA,0
"2975",2001,"CM","1.4","4087a*",0,"Y",NA,NA,0
"2976",2002,"CM","1.4","4087a*",0,"Y",NA,NA,0
"2977",2003,"CM","1.4","4087a*",0,"Y",NA,NA,0
"2978",2004,"CM","1.4","4087a*",1,"Y",NA,NA,0
"2979",2005,"CM","1.4","4087a*",0,"Y",NA,NA,0
"2980",2006,"CM","1.4","4087a*",0,"Y",NA,NA,0
"2981",2007,"CM","1.4","4087a*",0,"Y",NA,NA,0
"2982",2008,"CM","1.4","4087a*",58,"Y",NA,NA,0
"2983",2009,"CM","1.4","4087a*",0,"Y",NA,NA,0
"2984",2010,"CM","1.4","4087a*",0,"Y",NA,NA,0
"2985",2011,"CM","1.4","4087a*",0,"Y",NA,NA,0
"2986",2012,"CM","1.4","4087a*",0,"Y",NA,NA,0
"2987",2013,"CM","1.4","4087a*",0,"Y",NA,NA,0
"2988",2014,"CM","1.4","4087a*",0,"Y",NA,NA,0
"2989",2015,"CM","1.4","4087a*",0,"Y",NA,NA,0
"2990",2016,"CM","1.4","4087a*",0,"Y",NA,NA,0
"2991",2017,"CM","1.4","4087a*",0,"Y",NA,NA,0
"2992",2018,"CM","1.4","4087a*",0,"Y",NA,NA,0
"2993",2019,"CM","1.4","4087a*",0,"Y",NA,NA,0
"2994",2020,"CM","1.4","4087a*",6,"Y",NA,NA,0
"2995",2021,"CM","1.4","4087a*",0,"Y",NA,NA,0
"2996",2022,"CM","1.4","4087a*",0,"Y",NA,NA,0
"2997",2023,"CM","1.4","4087a*",0,"Y",NA,NA,0
"2998",1997,"CM","1.4","4088a*",NA,"M",NA,NA,0
"2999",1998,"CM","1.4","4088a*",NA,"M",NA,NA,0
"3000",1999,"CM","1.4","4088a*",90,"M",NA,NA,0
"3001",2000,"CM","1.4","4088a*",0,"M",NA,NA,0
"3002",2001,"CM","1.4","4088a*",1,"M",NA,NA,0
"3003",2002,"CM","1.4","4088a*",0,"M",NA,NA,0
"3004",2003,"CM","1.4","4088a*",0,"M",NA,NA,0
"3005",2004,"CM","1.4","4088a*",31,"M",NA,NA,0
"3006",2005,"CM","1.4","4088a*",0,"M",NA,NA,0
"3007",2006,"CM","1.4","4088a*",0,"M",NA,NA,0
"3008",2007,"CM","1.4","4088a*",0,"M",NA,NA,0
"3009",2008,"CM","1.4","4088a*",22,"M",NA,NA,0
"3010",2009,"CM","1.4","4088a*",0,"M",NA,NA,0
"3011",2010,"CM","1.4","4088a*",0,"M",NA,NA,0
"3012",2011,"CM","1.4","4088a*",0,"M",NA,NA,0
"3013",2012,"CM","1.4","4088a*",0,"M",NA,NA,0
"3014",2013,"CM","1.4","4088a*",0,"M",NA,NA,0
"3015",2014,"CM","1.4","4088a*",0,"M",NA,NA,0
"3016",2015,"CM","1.4","4088a*",0,"M",NA,NA,0
"3017",2016,"CM","1.4","4088a*",74,"M",NA,NA,0
"3018",2017,"CM","1.4","4088a*",0,"M",NA,NA,0
"3019",2018,"CM","1.4","4088a*",15,"M",NA,NA,0
"3020",2019,"CM","1.4","4088a*",0,"M",NA,NA,0
"3021",2020,"CM","1.4","4088a*",8,"M",NA,NA,0
"3022",2021,"CM","1.4","4088a*",0,"M",NA,NA,0
"3023",2022,"CM","1.4","4088a*",0,"M",NA,NA,0
"3024",2023,"CM","1.4","4088a*",0,"M",NA,NA,0
"3025",1997,"CM","1.4","4104a*",NA,"Y",NA,NA,0
"3026",1998,"CM","1.4","4104a*",NA,"Y",NA,NA,0
"3027",1999,"CM","1.4","4104a*",12,"Y",NA,NA,0
"3028",2000,"CM","1.4","4104a*",0,"Y",NA,NA,0
"3029",2001,"CM","1.4","4104a*",0,"Y",NA,NA,0
"3030",2002,"CM","1.4","4104a*",0,"Y",NA,NA,0
"3031",2003,"CM","1.4","4104a*",0,"Y",NA,NA,0
"3032",2004,"CM","1.4","4104a*",0,"Y",NA,NA,0
"3033",2005,"CM","1.4","4104a*",0,"Y",NA,NA,0
"3034",2006,"CM","1.4","4104a*",0,"Y",NA,NA,0
"3035",2007,"CM","1.4","4104a*",0,"Y",NA,NA,0
"3036",2008,"CM","1.4","4104a*",2,"Y",NA,NA,0
"3037",2009,"CM","1.4","4104a*",0,"Y",NA,NA,0
"3038",2010,"CM","1.4","4104a*",0,"Y",NA,NA,0
"3039",2011,"CM","1.4","4104a*",0,"Y",NA,NA,0
"3040",2012,"CM","1.4","4104a*",0,"Y",NA,NA,0
"3041",2013,"CM","1.4","4104a*",0,"Y",NA,NA,0
"3042",2014,"CM","1.4","4104a*",0,"Y",NA,NA,0
"3043",2015,"CM","1.4","4104a*",0,"Y",NA,NA,0
"3044",2016,"CM","1.4","4104a*",0,"Y",NA,NA,0
"3045",2017,"CM","1.4","4104a*",0,"Y",NA,NA,0
"3046",2018,"CM","1.4","4104a*",0,"Y",NA,NA,0
"3047",2019,"CM","1.4","4104a*",0,"Y",NA,NA,0
"3048",2020,"CM","1.4","4104a*",4,"Y",NA,NA,0
"3049",2021,"CM","1.4","4104a*",0,"Y",NA,NA,0
"3050",2022,"CM","1.4","4104a*",4,"Y",NA,NA,0
"3051",2023,"CM","1.4","4104a*",0,"Y",NA,NA,0
"3052",1997,"CM","1.4","4105a",NA,"M",NA,NA,0
"3053",1998,"CM","1.4","4105a",NA,"M",NA,NA,0
"3054",1999,"CM","1.4","4105a",3,"M",NA,NA,0
"3055",2000,"CM","1.4","4105a",0,"M",NA,NA,0
"3056",2001,"CM","1.4","4105a",0,"M",NA,NA,0
"3057",2002,"CM","1.4","4105a",0,"M",NA,NA,0
"3058",2003,"CM","1.4","4105a",0,"M",NA,NA,0
"3059",2004,"CM","1.4","4105a",12,"M",NA,NA,0
"3060",2005,"CM","1.4","4105a",0,"M",NA,NA,0
"3061",2006,"CM","1.4","4105a",0,"M",NA,NA,0
"3062",2007,"CM","1.4","4105a",0,"M",NA,NA,0
"3063",2008,"CM","1.4","4105a",15,"M",NA,NA,0
"3064",2009,"CM","1.4","4105a",0,"M",NA,NA,0
"3065",2010,"CM","1.4","4105a",0,"M",NA,NA,0
"3066",2011,"CM","1.4","4105a",0,"M",NA,NA,0
"3067",2012,"CM","1.4","4105a",0,"M",NA,NA,0
"3068",2013,"CM","1.4","4105a",0,"M",NA,NA,0
"3069",2014,"CM","1.4","4105a",0,"M",NA,NA,0
"3070",2015,"CM","1.4","4105a",0,"M",NA,NA,0
"3071",2016,"CM","1.4","4105a",0,"M",NA,NA,0
"3072",2017,"CM","1.4","4105a",0,"M",NA,NA,0
"3073",2018,"CM","1.4","4105a",6,"M",NA,NA,0
"3074",2019,"CM","1.4","4105a",0,"M",NA,NA,0
"3075",2020,"CM","1.4","4105a",2,"M",NA,NA,0
"3076",2021,"CM","1.4","4105a",0,"M",NA,NA,0
"3077",2022,"CM","1.4","4105a",0,"M",NA,NA,0
"3078",2023,"CM","1.4","4105a",0,"M",NA,NA,0
"3079",1997,"CM","1.4","4105b",NA,"Y",NA,NA,0
"3080",1998,"CM","1.4","4105b",NA,"Y",NA,NA,0
"3081",1999,"CM","1.4","4105b",2,"Y",NA,NA,0
"3082",2000,"CM","1.4","4105b",0,"Y",NA,NA,0
"3083",2001,"CM","1.4","4105b",0,"Y",NA,NA,0
"3084",2002,"CM","1.4","4105b",0,"Y",NA,NA,0
"3085",2003,"CM","1.4","4105b",0,"Y",NA,NA,0
"3086",2004,"CM","1.4","4105b",7,"Y",NA,NA,0
"3087",2005,"CM","1.4","4105b",0,"Y",NA,NA,0
"3088",2006,"CM","1.4","4105b",0,"Y",NA,NA,0
"3089",2007,"CM","1.4","4105b",0,"Y",NA,NA,0
"3090",2008,"CM","1.4","4105b",23,"Y",NA,NA,0
"3091",2009,"CM","1.4","4105b",0,"Y",NA,NA,0
"3092",2010,"CM","1.4","4105b",0,"Y",NA,NA,0
"3093",2011,"CM","1.4","4105b",0,"Y",NA,NA,0
"3094",2012,"CM","1.4","4105b",0,"Y",NA,NA,0
"3095",2013,"CM","1.4","4105b",0,"Y",NA,NA,0
"3096",2014,"CM","1.4","4105b",0,"Y",NA,NA,0
"3097",2015,"CM","1.4","4105b",0,"Y",NA,NA,0
"3098",2016,"CM","1.4","4105b",0,"Y",NA,NA,0
"3099",2017,"CM","1.4","4105b",0,"Y",NA,NA,0
"3100",2018,"CM","1.4","4105b",0,"Y",NA,NA,0
"3101",2019,"CM","1.4","4105b",0,"Y",NA,NA,0
"3102",2020,"CM","1.4","4105b",0,"Y",NA,NA,0
"3103",2021,"CM","1.4","4105b",0,"Y",NA,NA,0
"3104",2022,"CM","1.4","4105b",0,"Y",NA,NA,0
"3105",2023,"CM","1.4","4105b",0,"Y",NA,NA,0
"3106",1997,"CM","1.4","4105c",NA,"Y",NA,NA,0
"3107",1998,"CM","1.4","4105c",NA,"Y",NA,NA,0
"3108",1999,"CM","1.4","4105c",0,"Y",NA,NA,0
"3109",2000,"CM","1.4","4105c",0,"Y",NA,NA,0
"3110",2001,"CM","1.4","4105c",0,"Y",NA,NA,0
"3111",2002,"CM","1.4","4105c",0,"Y",NA,NA,0
"3112",2003,"CM","1.4","4105c",0,"Y",NA,NA,0
"3113",2004,"CM","1.4","4105c",45,"Y",NA,NA,0
"3114",2005,"CM","1.4","4105c",0,"Y",NA,NA,0
"3115",2006,"CM","1.4","4105c",0,"Y",NA,NA,0
"3116",2007,"CM","1.4","4105c",0,"Y",NA,NA,0
"3117",2008,"CM","1.4","4105c",0,"Y",NA,NA,0
"3118",2009,"CM","1.4","4105c",0,"Y",NA,NA,0
"3119",2010,"CM","1.4","4105c",0,"Y",NA,NA,0
"3120",2011,"CM","1.4","4105c",0,"Y",NA,NA,0
"3121",2012,"CM","1.4","4105c",0,"Y",NA,NA,0
"3122",2013,"CM","1.4","4105c",0,"Y",NA,NA,0
"3123",2014,"CM","1.4","4105c",0,"Y",NA,NA,0
"3124",2015,"CM","1.4","4105c",0,"Y",NA,NA,0
"3125",2016,"CM","1.4","4105c",3,"Y",NA,NA,0
"3126",2017,"CM","1.4","4105c",0,"Y",NA,NA,0
"3127",2018,"CM","1.4","4105c",18,"Y",NA,NA,0
"3128",2019,"CM","1.4","4105c",0,"Y",NA,NA,0
"3129",2020,"CM","1.4","4105c",0,"Y",NA,NA,0
"3130",2021,"CM","1.4","4105c",0,"Y",NA,NA,0
"3131",2022,"CM","1.4","4105c",0,"Y",NA,NA,0
"3132",2023,"CM","1.4","4105c",1,"Y",NA,NA,0
"3133",1997,"CM","1.4","4106a",NA,"Y",NA,NA,0
"3134",1998,"CM","1.4","4106a",NA,"Y",NA,NA,0
"3135",1999,"CM","1.4","4106a",0,"Y",NA,NA,0
"3136",2000,"CM","1.4","4106a",0,"Y",NA,NA,0
"3137",2001,"CM","1.4","4106a",0,"Y",NA,NA,0
"3138",2002,"CM","1.4","4106a",0,"Y",NA,NA,0
"3139",2003,"CM","1.4","4106a",0,"Y",NA,NA,0
"3140",2004,"CM","1.4","4106a",0,"Y",NA,NA,0
"3141",2005,"CM","1.4","4106a",0,"Y",NA,NA,0
"3142",2006,"CM","1.4","4106a",0,"Y",NA,NA,0
"3143",2007,"CM","1.4","4106a",0,"Y",NA,NA,0
"3144",2008,"CM","1.4","4106a",1,"Y",NA,NA,0
"3145",2009,"CM","1.4","4106a",0,"Y",NA,NA,0
"3146",2010,"CM","1.4","4106a",0,"Y",NA,NA,0
"3147",2011,"CM","1.4","4106a",1,"Y",NA,NA,0
"3148",2012,"CM","1.4","4106a",0,"Y",NA,NA,0
"3149",2013,"CM","1.4","4106a",0,"Y",NA,NA,0
"3150",2014,"CM","1.4","4106a",0,"Y",NA,NA,0
"3151",2015,"CM","1.4","4106a",0,"Y",NA,NA,0
"3152",2016,"CM","1.4","4106a",1,"Y",NA,NA,0
"3153",2017,"CM","1.4","4106a",0,"Y",NA,NA,0
"3154",2018,"CM","1.4","4106a",0,"Y",NA,NA,0
"3155",2019,"CM","1.4","4106a",0,"Y",NA,NA,0
"3156",2020,"CM","1.4","4106a",2,"Y",NA,NA,0
"3157",2021,"CM","1.4","4106a",0,"Y",NA,NA,0
"3158",2022,"CM","1.4","4106a",0,"Y",NA,NA,0
"3159",2023,"CM","1.4","4106a",0,"Y",NA,NA,0
"3160",1997,"CM","2.1","4109b",NA,"Y",NA,NA,0
"3161",1998,"CM","2.1","4109b",NA,"Y",NA,NA,0
"3162",1999,"CM","2.1","4109b",13,"Y",NA,NA,0
"3163",2000,"CM","2.1","4109b",0,"Y",NA,NA,0
"3164",2001,"CM","2.1","4109b",0,"Y",NA,NA,0
"3165",2002,"CM","2.1","4109b",0,"Y",NA,NA,0
"3166",2003,"CM","2.1","4109b",0,"Y",NA,NA,0
"3167",2004,"CM","2.1","4109b",0,"Y",NA,NA,0
"3168",2005,"CM","2.1","4109b",0,"Y",NA,NA,0
"3169",2006,"CM","2.1","4109b",0,"Y",NA,NA,0
"3170",2007,"CM","2.1","4109b",0,"Y",NA,NA,0
"3171",2008,"CM","2.1","4109b",1,"Y",NA,NA,0
"3172",2009,"CM","2.1","4109b",0,"Y",NA,NA,0
"3173",2010,"CM","2.1","4109b",0,"Y",NA,NA,0
"3174",2011,"CM","2.1","4109b",0,"Y",NA,NA,0
"3175",2012,"CM","2.1","4109b",0,"Y",NA,NA,0
"3176",2013,"CM","2.1","4109b",0,"Y",NA,NA,0
"3177",2014,"CM","2.1","4109b",0,"Y",NA,NA,0
"3178",2015,"CM","2.1","4109b",0,"Y",NA,NA,0
"3179",2016,"CM","2.1","4109b",NA,"Y",NA,NA,0
"3180",2017,"CM","2.1","4109b",NA,"Y",NA,NA,0
"3181",2018,"CM","2.1","4109b",NA,"Y",NA,NA,0
"3182",2019,"CM","2.1","4109b",0,"Y",NA,NA,0
"3183",2020,"CM","2.1","4109b",NA,"Y",NA,NA,0
"3184",2021,"CM","2.1","4109b",NA,"Y",NA,NA,0
"3185",2022,"CM","2.1","4109b",NA,"Y",NA,NA,0
"3186",2023,"CM","2.1","4109b",NA,"Y",NA,NA,0
"3187",1997,"CM","2.1","4109e",NA,"Y",NA,NA,0
"3188",1998,"CM","2.1","4109e",NA,"Y",NA,NA,0
"3189",1999,"CM","2.1","4109e",0,"Y",NA,NA,0
"3190",2000,"CM","2.1","4109e",0,"Y",NA,NA,0
"3191",2001,"CM","2.1","4109e",0,"Y",NA,NA,0
"3192",2002,"CM","2.1","4109e",0,"Y",NA,NA,0
"3193",2003,"CM","2.1","4109e",0,"Y",NA,NA,0
"3194",2004,"CM","2.1","4109e",0,"Y",NA,NA,0
"3195",2005,"CM","2.1","4109e",0,"Y",NA,NA,0
"3196",2006,"CM","2.1","4109e",0,"Y",NA,NA,0
"3197",2007,"CM","2.1","4109e",0,"Y",NA,NA,0
"3198",2008,"CM","2.1","4109e",14,"Y",NA,NA,0
"3199",2009,"CM","2.1","4109e",0,"Y",NA,NA,0
"3200",2010,"CM","2.1","4109e",0,"Y",NA,NA,0
"3201",2011,"CM","2.1","4109e",0,"Y",NA,NA,0
"3202",2012,"CM","2.1","4109e",0,"Y",NA,NA,0
"3203",2013,"CM","2.1","4109e",0,"Y",NA,NA,0
"3204",2014,"CM","2.1","4109e",0,"Y",NA,NA,0
"3205",2015,"CM","2.1","4109e",0,"Y",NA,NA,0
"3206",2016,"CM","2.1","4109e",0,"Y",NA,NA,0
"3207",2017,"CM","2.1","4109e",0,"Y",NA,NA,0
"3208",2018,"CM","2.1","4109e",0,"Y",NA,NA,0
"3209",2019,"CM","2.1","4109e",0,"Y",NA,NA,0
"3210",2020,"CM","2.1","4109e",2,"Y",NA,NA,0
"3211",2021,"CM","2.1","4109e",NA,"Y",NA,NA,0
"3212",2022,"CM","2.1","4109e",0,"Y",NA,NA,0
"3213",2023,"CM","2.1","4109e",0,"Y",NA,NA,0
"3214",1997,"CM","2.1","4119a",NA,"Y",NA,NA,0
"3215",1998,"CM","2.1","4119a",NA,"Y",NA,NA,0
"3216",1999,"CM","2.1","4119a",15,"Y",NA,NA,0
"3217",2000,"CM","2.1","4119a",0,"Y",NA,NA,0
"3218",2001,"CM","2.1","4119a",0,"Y",NA,NA,0
"3219",2002,"CM","2.1","4119a",0,"Y",NA,NA,0
"3220",2003,"CM","2.1","4119a",0,"Y",NA,NA,0
"3221",2004,"CM","2.1","4119a",8,"Y",NA,NA,0
"3222",2005,"CM","2.1","4119a",83,"Y",NA,NA,0
"3223",2006,"CM","2.1","4119a",0,"Y",NA,NA,0
"3224",2007,"CM","2.1","4119a",0,"Y",NA,NA,0
"3225",2008,"CM","2.1","4119a",75,"Y",NA,NA,0
"3226",2009,"CM","2.1","4119a",0,"Y",NA,NA,0
"3227",2010,"CM","2.1","4119a",0,"Y",NA,NA,0
"3228",2011,"CM","2.1","4119a",3,"Y",NA,NA,0
"3229",2012,"CM","2.1","4119a",0,"Y",NA,NA,0
"3230",2013,"CM","2.1","4119a",0,"Y",NA,NA,0
"3231",2014,"CM","2.1","4119a",0,"Y",NA,NA,0
"3232",2015,"CM","2.1","4119a",0,"Y",NA,NA,0
"3233",2016,"CM","2.1","4119a",0,"Y",NA,NA,0
"3234",2017,"CM","2.1","4119a",0,"Y",NA,NA,0
"3235",2018,"CM","2.1","4119a",1,"Y",NA,NA,0
"3236",2019,"CM","2.1","4119a",0,"M",NA,NA,0
"3237",2020,"CM","2.1","4119a",10,"M",NA,NA,0
"3238",2021,"CM","2.1","4119a",0,"M",NA,NA,0
"3239",2022,"CM","2.1","4119a",0,"M",NA,NA,0
"3240",2023,"CM","2.1","4119a",0,"M",NA,NA,0
"3241",2019,"CM","2.1","4120a",0,"J",NA,NA,0
"3242",2020,"CM","2.1","4120a",NA,"J",NA,NA,0
"3243",2021,"CM","2.1","4120a",0,"J",NA,NA,0
"3244",2022,"CM","2.1","4120a",0,"J",NA,NA,0
"3245",2023,"CM","2.1","4120a",0,"J",NA,NA,0
"3246",1997,"CM","2.1","4128e",NA,"M",NA,NA,0
"3247",1998,"CM","2.1","4128e",NA,"M",NA,NA,0
"3248",1999,"CM","2.1","4128e",20,"M",NA,NA,0
"3249",2000,"CM","2.1","4128e",0,"M",NA,NA,0
"3250",2001,"CM","2.1","4128e",0,"M",NA,NA,0
"3251",2002,"CM","2.1","4128e",0,"M",NA,NA,0
"3252",2003,"CM","2.1","4128e",0,"M",NA,NA,0
"3253",2004,"CM","2.1","4128e",6,"M",NA,NA,0
"3254",2005,"CM","2.1","4128e",0,"M",NA,NA,0
"3255",2006,"CM","2.1","4128e",0,"M",NA,NA,0
"3256",2007,"CM","2.1","4128e",0,"M",NA,NA,0
"3257",2008,"CM","2.1","4128e",42,"M",NA,NA,0
"3258",2009,"CM","2.1","4128e",0,"M",NA,NA,0
"3259",2010,"CM","2.1","4128e",0,"M",NA,NA,0
"3260",2011,"CM","2.1","4128e",0,"M",NA,NA,0
"3261",2012,"CM","2.1","4128e",0,"M",NA,NA,0
"3262",2013,"CM","2.1","4128e",0,"M",NA,NA,0
"3263",2014,"CM","2.1","4128e",0,"M",NA,NA,0
"3264",2015,"CM","2.1","4128e",0,"M",NA,NA,0
"3265",2016,"CM","2.1","4128e",0,"M",NA,NA,0
"3266",2017,"CM","2.1","4128e",0,"M",NA,NA,0
"3267",2018,"CM","2.1","4128e",18,"M",NA,NA,0
"3268",2019,"CM","2.1","4128e",0,"M",NA,NA,0
"3269",2020,"CM","2.1","4128e",0,"M",NA,NA,0
"3270",2021,"CM","2.1","4128e",0,"M",NA,NA,0
"3271",2022,"CM","2.1","4128e",0,"M",NA,NA,0
"3272",2023,"CM","2.1","4128e",0,"M",NA,NA,0
"3273",1997,"CM","2.1","4130b",NA,"Y",NA,NA,0
"3274",1998,"CM","2.1","4130b",NA,"Y",NA,NA,0
"3275",1999,"CM","2.1","4130b",2,"Y",NA,NA,0
"3276",2000,"CM","2.1","4130b",0,"Y",NA,NA,0
"3277",2001,"CM","2.1","4130b",0,"Y",NA,NA,0
"3278",2002,"CM","2.1","4130b",0,"Y",NA,NA,0
"3279",2003,"CM","2.1","4130b",0,"Y",NA,NA,0
"3280",2004,"CM","2.1","4130b",8,"Y",NA,NA,0
"3281",2005,"CM","2.1","4130b",3,"Y",NA,NA,0
"3282",2006,"CM","2.1","4130b",0,"Y",NA,NA,0
"3283",2007,"CM","2.1","4130b",0,"Y",NA,NA,0
"3284",2008,"CM","2.1","4130b",11,"Y",NA,NA,0
"3285",2009,"CM","2.1","4130b",0,"Y",NA,NA,0
"3286",2010,"CM","2.1","4130b",0,"Y",NA,NA,0
"3287",2011,"CM","2.1","4130b",0,"Y",NA,NA,0
"3288",2012,"CM","2.1","4130b",0,"Y",NA,NA,0
"3289",2013,"CM","2.1","4130b",0,"Y",NA,NA,0
"3290",2014,"CM","2.1","4130b",0,"Y",NA,NA,0
"3291",2015,"CM","2.1","4130b",0,"Y",NA,NA,0
"3292",2016,"CM","2.1","4130b",0,"Y",NA,NA,0
"3293",2017,"CM","2.1","4130b",0,"Y",NA,NA,0
"3294",2018,"CM","2.1","4130b",0,"Y",NA,NA,0
"3295",2019,"CM","2.1","4130b",0,"Y",NA,NA,0
"3296",2020,"CM","2.1","4130b",0,"Y",NA,NA,0
"3297",2021,"CM","2.1","4130b",0,"Y",NA,NA,0
"3298",2022,"CM","2.1","4130b",0,"Y",NA,NA,0
"3299",2023,"CM","2.1","4130b",0,"Y",NA,NA,0
"3300",1997,"CM","2.1","4130e",NA,"Y",NA,NA,0
"3301",1998,"CM","2.1","4130e",NA,"Y",NA,NA,0
"3302",1999,"CM","2.1","4130e",0,"Y",NA,NA,0
"3303",2000,"CM","2.1","4130e",0,"Y",NA,NA,0
"3304",2001,"CM","2.1","4130e",0,"Y",NA,NA,0
"3305",2002,"CM","2.1","4130e",0,"Y",NA,NA,0
"3306",2003,"CM","2.1","4130e",0,"Y",NA,NA,0
"3307",2004,"CM","2.1","4130e",2,"Y",NA,NA,0
"3308",2005,"CM","2.1","4130e",2,"Y",NA,NA,0
"3309",2006,"CM","2.1","4130e",0,"Y",NA,NA,0
"3310",2007,"CM","2.1","4130e",0,"Y",NA,NA,0
"3311",2008,"CM","2.1","4130e",13,"Y",NA,NA,0
"3312",2009,"CM","2.1","4130e",0,"Y",NA,NA,0
"3313",2010,"CM","2.1","4130e",0,"Y",NA,NA,0
"3314",2011,"CM","2.1","4130e",0,"Y",NA,NA,0
"3315",2012,"CM","2.1","4130e",0,"Y",NA,NA,0
"3316",2013,"CM","2.1","4130e",0,"Y",NA,NA,0
"3317",2014,"CM","2.1","4130e",0,"Y",NA,NA,0
"3318",2015,"CM","2.1","4130e",0,"Y",NA,NA,0
"3319",2016,"CM","2.1","4130e",0,"Y",NA,NA,0
"3320",2017,"CM","2.1","4130e",0,"Y",NA,NA,0
"3321",2018,"CM","2.1","4130e",0,"Y",NA,NA,0
"3322",2019,"CM","2.1","4130e",0,"Y",NA,NA,0
"3323",2020,"CM","2.1","4130e",0,"Y",NA,NA,0
"3324",2021,"CM","2.1","4130e",0,"Y",NA,NA,0
"3325",2022,"CM","2.1","4130e",0,"Y",NA,NA,0
"3326",2023,"CM","2.1","4130e",0,"Y",NA,NA,0
"3327",1997,"CM","2.1","4131c",NA,"Y",1.9,1,1
"3328",1998,"CM","2.1","4131c",NA,"Y",1.9,1,1
"3329",1999,"CM","2.1","4131c",0,"Y",1.9,1,1
"3330",2000,"CM","2.1","4131c",0,"Y",1.9,1,1
"3331",2001,"CM","2.1","4131c",0,"Y",1.9,1,1
"3332",2002,"CM","2.1","4131c",0,"Y",1.9,1,1
"3333",2003,"CM","2.1","4131c",0,"Y",1.9,1,1
"3334",2004,"CM","2.1","4131c",0,"Y",1.9,1,1
"3335",2005,"CM","2.1","4131c",0,"Y",1.9,1,1
"3336",2006,"CM","2.1","4131c",0,"Y",1.9,1,1
"3337",2007,"CM","2.1","4131c",0,"Y",1.9,1,1
"3338",2008,"CM","2.1","4131c",0,"Y",1.9,1,1
"3339",2009,"CM","2.1","4131c",0,"Y",1.9,1,1
"3340",2010,"CM","2.1","4131c",0,"Y",1.9,1,1
"3341",2011,"CM","2.1","4131c",0,"Y",1.9,1,1
"3342",2012,"CM","2.1","4131c",0,"Y",1.9,1,1
"3343",2013,"CM","2.1","4131c",0,"Y",1.9,1,1
"3344",2014,"CM","2.1","4131c",0,"Y",1.9,1,1
"3345",2015,"CM","2.1","4131c",0,"Y",1.9,1,1
"3346",2016,"CM","2.1","4131c",0,"Y",1.9,1,1
"3347",2017,"CM","2.1","4131c",0,"Y",1.9,1,1
"3348",2018,"CM","2.1","4131c",0,"Y",1.9,1,1
"3349",2019,"CM","2.1","4131c",0,"Y",1.9,1,1
"3350",2020,"CM","2.1","4131c",0,"Y",1.9,1,1
"3351",2021,"CM","2.1","4131c",0,"Y",1.9,1,1
"3352",2022,"CM","2.1","4131c",NA,"Y",1.9,1,1
"3353",2023,"CM","2.1","4131c",0,"Y",1.9,1,1
"3354",1997,"CM","2.1","4132c",NA,"Y",NA,NA,0
"3355",1998,"CM","2.1","4132c",NA,"Y",NA,NA,0
"3356",1999,"CM","2.1","4132c",0,"Y",NA,NA,0
"3357",2000,"CM","2.1","4132c",0,"Y",NA,NA,0
"3358",2001,"CM","2.1","4132c",0,"Y",NA,NA,0
"3359",2002,"CM","2.1","4132c",0,"Y",NA,NA,0
"3360",2003,"CM","2.1","4132c",0,"Y",NA,NA,0
"3361",2004,"CM","2.1","4132c",0,"Y",NA,NA,0
"3362",2005,"CM","2.1","4132c",3,"Y",NA,NA,0
"3363",2006,"CM","2.1","4132c",0,"Y",NA,NA,0
"3364",2007,"CM","2.1","4132c",0,"Y",NA,NA,0
"3365",2008,"CM","2.1","4132c",0,"Y",NA,NA,0
"3366",2009,"CM","2.1","4132c",0,"Y",NA,NA,0
"3367",2010,"CM","2.1","4132c",0,"Y",NA,NA,0
"3368",2011,"CM","2.1","4132c",0,"Y",NA,NA,0
"3369",2012,"CM","2.1","4132c",0,"Y",NA,NA,0
"3370",2013,"CM","2.1","4132c",0,"Y",NA,NA,0
"3371",2014,"CM","2.1","4132c",0,"Y",NA,NA,0
"3372",2015,"CM","2.1","4132c",0,"Y",NA,NA,0
"3373",2016,"CM","2.1","4132c",0,"Y",NA,NA,0
"3374",2017,"CM","2.1","4132c",0,"Y",NA,NA,0
"3375",2018,"CM","2.1","4132c",0,"Y",NA,NA,0
"3376",2019,"CM","2.1","4132c",0,"Y",NA,NA,0
"3377",2020,"CM","2.1","4132c",0,"Y",NA,NA,0
"3378",2021,"CM","2.1","4132c",0,"Y",NA,NA,0
"3379",2022,"CM","2.1","4132c",0,"Y",NA,NA,0
"3380",2023,"CM","2.1","4132c",0,"Y",NA,NA,0
"3381",1997,"CM","2.1","4134b",NA,"Y",NA,NA,0
"3382",1998,"CM","2.1","4134b",NA,"Y",NA,NA,0
"3383",1999,"CM","2.1","4134b",22,"Y",NA,NA,0
"3384",2000,"CM","2.1","4134b",0,"Y",NA,NA,0
"3385",2001,"CM","2.1","4134b",0,"Y",NA,NA,0
"3386",2002,"CM","2.1","4134b",0,"Y",NA,NA,0
"3387",2003,"CM","2.1","4134b",0,"Y",NA,NA,0
"3388",2004,"CM","2.1","4134b",1,"Y",NA,NA,0
"3389",2005,"CM","2.1","4134b",10,"Y",NA,NA,0
"3390",2006,"CM","2.1","4134b",0,"Y",NA,NA,0
"3391",2007,"CM","2.1","4134b",0,"Y",NA,NA,0
"3392",2008,"CM","2.1","4134b",4,"Y",NA,NA,0
"3393",2009,"CM","2.1","4134b",0,"Y",NA,NA,0
"3394",2010,"CM","2.1","4134b",0,"Y",NA,NA,0
"3395",2011,"CM","2.1","4134b",0,"Y",NA,NA,0
"3396",2012,"CM","2.1","4134b",0,"Y",NA,NA,0
"3397",2013,"CM","2.1","4134b",0,"Y",NA,NA,0
"3398",2014,"CM","2.1","4134b",0,"Y",NA,NA,0
"3399",2015,"CM","2.1","4134b",0,"Y",NA,NA,0
"3400",2016,"CM","2.1","4134b",0,"Y",NA,NA,0
"3401",2017,"CM","2.1","4134b",0,"Y",NA,NA,0
"3402",2018,"CM","2.1","4134b",0,"Y",NA,NA,0
"3403",2019,"CM","2.1","4134b",0,"Y",NA,NA,0
"3404",2020,"CM","2.1","4134b",0,"Y",NA,NA,0
"3405",2021,"CM","2.1","4134b",0,"Y",NA,NA,0
"3406",2022,"CM","2.1","4134b",0,"Y",NA,NA,0
"3407",2023,"CM","2.1","4134b",0,"Y",NA,NA,0
"3408",1997,"CM","2.1","4136b",NA,"Y",3.1,1,1
"3409",1998,"CM","2.1","4136b",NA,"Y",3.1,1,1
"3410",1999,"CM","2.1","4136b",4,"Y",3.1,1,1
"3411",2000,"CM","2.1","4136b",0,"Y",3.1,1,1
"3412",2001,"CM","2.1","4136b",1,"Y",3.1,1,1
"3413",2002,"CM","2.1","4136b",0,"Y",3.1,1,1
"3414",2003,"CM","2.1","4136b",0,"Y",3.1,1,1
"3415",2004,"CM","2.1","4136b",31,"Y",3.1,1,1
"3416",2005,"CM","2.1","4136b",78,"Y",3.1,1,1
"3417",2006,"CM","2.1","4136b",2,"Y",3.1,1,1
"3418",2007,"CM","2.1","4136b",0,"Y",3.1,1,1
"3419",2008,"CM","2.1","4136b",92,"Y",3.1,1,1
"3420",2009,"CM","2.1","4136b",0,"Y",3.1,1,1
"3421",2010,"CM","2.1","4136b",1,"Y",3.1,1,1
"3422",2011,"CM","2.1","4136b",0,"Y",3.1,1,1
"3423",2012,"CM","2.1","4136b",0,"Y",3.1,1,1
"3424",2013,"CM","2.1","4136b",0,"Y",3.1,1,1
"3425",2014,"CM","2.1","4136b",0,"Y",3.1,1,1
"3426",2015,"CM","2.1","4136b",0,"Y",3.1,1,1
"3427",2016,"CM","2.1","4136b",0,"Y",3.1,1,1
"3428",2017,"CM","2.1","4136b",0,"Y",3.1,1,1
"3429",2018,"CM","2.1","4136b",5,"Y",3.1,1,1
"3430",2019,"CM","2.1","4136b",0,"Y",3.1,1,1
"3431",2020,"CM","2.1","4136b",86,"Y",3.1,1,1
"3432",2021,"CM","2.1","4136b",0,"Y",3.1,1,1
"3433",2022,"CM","2.1","4136b",0,"Y",3.1,1,1
"3434",2023,"CM","2.1","4136b",0,"Y",3.1,1,1
"3435",1997,"CM","2.1","4138a",NA,"M",NA,NA,0
"3436",1998,"CM","2.1","4138a",NA,"M",NA,NA,0
"3437",1999,"CM","2.1","4138a",17,"M",NA,NA,0
"3438",2000,"CM","2.1","4138a",0,"M",NA,NA,0
"3439",2001,"CM","2.1","4138a",0,"M",NA,NA,0
"3440",2002,"CM","2.1","4138a",0,"M",NA,NA,0
"3441",2003,"CM","2.1","4138a",0,"M",NA,NA,0
"3442",2004,"CM","2.1","4138a",0,"M",NA,NA,0
"3443",2005,"CM","2.1","4138a",3,"M",NA,NA,0
"3444",2006,"CM","2.1","4138a",0,"M",NA,NA,0
"3445",2007,"CM","2.1","4138a",0,"M",NA,NA,0
"3446",2008,"CM","2.1","4138a",2,"M",NA,NA,0
"3447",2009,"CM","2.1","4138a",0,"M",NA,NA,0
"3448",2010,"CM","2.1","4138a",0,"M",NA,NA,0
"3449",2011,"CM","2.1","4138a",0,"M",NA,NA,0
"3450",2012,"CM","2.1","4138a",0,"M",NA,NA,0
"3451",2013,"CM","2.1","4138a",0,"M",NA,NA,0
"3452",2014,"CM","2.1","4138a",0,"M",NA,NA,0
"3453",2015,"CM","2.1","4138a",0,"M",NA,NA,0
"3454",2016,"CM","2.1","4138a",0,"M",NA,NA,0
"3455",2017,"CM","2.1","4138a",0,"M",NA,NA,0
"3456",2018,"CM","2.1","4138a",3,"M",NA,NA,0
"3457",2019,"CM","2.1","4138a",0,"M",NA,NA,0
"3458",2020,"CM","2.1","4138a",2,"M",NA,NA,0
"3459",2021,"CM","2.1","4138a",1,"M",NA,NA,0
"3460",2022,"CM","2.1","4138a",0,"M",NA,NA,0
"3461",2023,"CM","2.1","4138a",0,"M",NA,NA,0
"3462",1997,"CM","2.2","4145a",NA,"Y",NA,NA,0
"3463",1998,"CM","2.2","4145a",NA,"Y",NA,NA,0
"3464",1999,"CM","2.2","4145a",0,"Y",NA,NA,0
"3465",2000,"CM","2.2","4145a",0,"Y",NA,NA,0
"3466",2001,"CM","2.2","4145a",0,"Y",NA,NA,0
"3467",2002,"CM","2.2","4145a",0,"Y",NA,NA,0
"3468",2003,"CM","2.2","4145a",0,"Y",NA,NA,0
"3469",2004,"CM","2.2","4145a",30,"Y",NA,NA,0
"3470",2005,"CM","2.2","4145a",14,"Y",NA,NA,0
"3471",2006,"CM","2.2","4145a",1,"Y",NA,NA,0
"3472",2007,"CM","2.2","4145a",0,"Y",NA,NA,0
"3473",2008,"CM","2.2","4145a",70,"Y",NA,NA,0
"3474",2009,"CM","2.2","4145a",0,"Y",NA,NA,0
"3475",2010,"CM","2.2","4145a",1,"Y",NA,NA,0
"3476",2011,"CM","2.2","4145a",0,"Y",NA,NA,0
"3477",2012,"CM","2.2","4145a",0,"Y",NA,NA,0
"3478",2013,"CM","2.2","4145a",0,"Y",NA,NA,0
"3479",2014,"CM","2.2","4145a",0,"Y",NA,NA,0
"3480",2015,"CM","2.2","4145a",0,"Y",NA,NA,0
"3481",2016,"CM","2.2","4145a",4,"Y",NA,NA,0
"3482",2017,"CM","2.2","4145a",0,"Y",NA,NA,0
"3483",2018,"CM","2.2","4145a",4,"Y",NA,NA,0
"3484",2019,"CM","2.2","4145a",0,"Y",NA,NA,0
"3485",2020,"CM","2.2","4145a",32,"Y",NA,NA,0
"3486",2021,"CM","2.2","4145a",0,"Y",NA,NA,0
"3487",2022,"CM","2.2","4145a",0,"Y",NA,NA,0
"3488",2023,"CM","2.2","4145a",0,"Y",NA,NA,0
"3489",1997,"CM","2.2","4148a",NA,"Y",NA,NA,0
"3490",1998,"CM","2.2","4148a",NA,"Y",NA,NA,0
"3491",1999,"CM","2.2","4148a",0,"Y",NA,NA,0
"3492",2000,"CM","2.2","4148a",0,"Y",NA,NA,0
"3493",2001,"CM","2.2","4148a",0,"Y",NA,NA,0
"3494",2002,"CM","2.2","4148a",0,"Y",NA,NA,0
"3495",2003,"CM","2.2","4148a",0,"Y",NA,NA,0
"3496",2004,"CM","2.2","4148a",0,"Y",NA,NA,0
"3497",2005,"CM","2.2","4148a",1,"Y",NA,NA,0
"3498",2006,"CM","2.2","4148a",0,"Y",NA,NA,0
"3499",2007,"CM","2.2","4148a",0,"Y",NA,NA,0
"3500",2008,"CM","2.2","4148a",1,"Y",NA,NA,0
"3501",2009,"CM","2.2","4148a",0,"Y",NA,NA,0
"3502",2010,"CM","2.2","4148a",0,"Y",NA,NA,0
"3503",2011,"CM","2.2","4148a",0,"Y",NA,NA,0
"3504",2012,"CM","2.2","4148a",0,"Y",NA,NA,0
"3505",2013,"CM","2.2","4148a",0,"Y",NA,NA,0
"3506",2014,"CM","2.2","4148a",0,"Y",NA,NA,0
"3507",2015,"CM","2.2","4148a",0,"Y",NA,NA,0
"3508",2016,"CM","2.2","4148a",0,"Y",NA,NA,0
"3509",2017,"CM","2.2","4148a",0,"Y",NA,NA,0
"3510",2018,"CM","2.2","4148a",0,"Y",NA,NA,0
"3511",2019,"CM","2.2","4148a",0,"Y",NA,NA,0
"3512",2020,"CM","2.2","4148a",0,"Y",NA,NA,0
"3513",2021,"CM","2.2","4148a",0,"Y",NA,NA,0
"3514",2022,"CM","2.2","4148a",0,"Y",NA,NA,0
"3515",2023,"CM","2.2","4148a",0,"Y",NA,NA,0
"3516",1997,"CM","2.2","4151a",NA,"Y",NA,NA,0
"3517",1998,"CM","2.2","4151a",NA,"Y",NA,NA,0
"3518",1999,"CM","2.2","4151a",0,"Y",NA,NA,0
"3519",2000,"CM","2.2","4151a",0,"Y",NA,NA,0
"3520",2001,"CM","2.2","4151a",0,"Y",NA,NA,0
"3521",2002,"CM","2.2","4151a",0,"Y",NA,NA,0
"3522",2003,"CM","2.2","4151a",0,"Y",NA,NA,0
"3523",2004,"CM","2.2","4151a",0,"Y",NA,NA,0
"3524",2005,"CM","2.2","4151a",2,"Y",NA,NA,0
"3525",2006,"CM","2.2","4151a",0,"Y",NA,NA,0
"3526",2007,"CM","2.2","4151a",0,"Y",NA,NA,0
"3527",2008,"CM","2.2","4151a",5,"Y",NA,NA,0
"3528",2009,"CM","2.2","4151a",0,"Y",NA,NA,0
"3529",2010,"CM","2.2","4151a",0,"Y",NA,NA,0
"3530",2011,"CM","2.2","4151a",2,"Y",NA,NA,0
"3531",2012,"CM","2.2","4151a",0,"Y",NA,NA,0
"3532",2013,"CM","2.2","4151a",0,"Y",NA,NA,0
"3533",2014,"CM","2.2","4151a",0,"Y",NA,NA,0
"3534",2015,"CM","2.2","4151a",0,"Y",NA,NA,0
"3535",2016,"CM","2.2","4151a",2,"Y",NA,NA,0
"3536",2017,"CM","2.2","4151a",0,"Y",NA,NA,0
"3537",2018,"CM","2.2","4151a",1,"Y",NA,NA,0
"3538",2019,"CM","2.2","4151a",0,"Y",NA,NA,0
"3539",2020,"CM","2.2","4151a",27,"Y",NA,NA,0
"3540",2021,"CM","2.2","4151a",0,"Y",NA,NA,0
"3541",2022,"CM","2.2","4151a",0,"Y",NA,NA,0
"3542",2023,"CM","2.2","4151a",0,"Y",NA,NA,0
"3543",1997,"CM","2.2","4163d",NA,"Y",2.2,1,1
"3544",1998,"CM","2.2","4163d",NA,"Y",2.2,1,1
"3545",1999,"CM","2.2","4163d",0,"Y",2.2,1,1
"3546",2000,"CM","2.2","4163d",0,"Y",2.2,1,1
"3547",2001,"CM","2.2","4163d",0,"Y",2.2,1,1
"3548",2002,"CM","2.2","4163d",0,"Y",2.2,1,1
"3549",2003,"CM","2.2","4163d",0,"Y",2.2,1,1
"3550",2004,"CM","2.2","4163d",4,"Y",2.2,1,1
"3551",2005,"CM","2.2","4163d",41,"Y",2.2,1,1
"3552",2006,"CM","2.2","4163d",0,"Y",2.2,1,1
"3553",2007,"CM","2.2","4163d",0,"Y",2.2,1,1
"3554",2008,"CM","2.2","4163d",48,"Y",2.2,1,1
"3555",2009,"CM","2.2","4163d",0,"Y",2.2,1,1
"3556",2010,"CM","2.2","4163d",0,"Y",2.2,1,1
"3557",2011,"CM","2.2","4163d",0,"Y",2.2,1,1
"3558",2012,"CM","2.2","4163d",0,"Y",2.2,1,1
"3559",2013,"CM","2.2","4163d",0,"Y",2.2,1,1
"3560",2014,"CM","2.2","4163d",0,"Y",2.2,1,1
"3561",2015,"CM","2.2","4163d",0,"Y",2.2,1,1
"3562",2016,"CM","2.2","4163d",8,"Y",2.2,1,1
"3563",2017,"CM","2.2","4163d",0,"Y",2.2,1,1
"3564",2018,"CM","2.2","4163d",5,"Y",2.2,1,1
"3565",2019,"CM","2.2","4163d",0,"Y",2.2,1,1
"3566",2020,"CM","2.2","4163d",3,"Y",2.2,1,1
"3567",2021,"CM","2.2","4163d",0,"Y",2.2,1,1
"3568",2022,"CM","2.2","4163d",0,"Y",2.2,1,1
"3569",2023,"CM","2.2","4163d",0,"Y",2.2,1,1
"3570",1997,"CM","2.2","4169a",NA,"Y",NA,NA,0
"3571",1998,"CM","2.2","4169a",NA,"Y",NA,NA,0
"3572",1999,"CM","2.2","4169a",0,"Y",NA,NA,0
"3573",2000,"CM","2.2","4169a",0,"Y",NA,NA,0
"3574",2001,"CM","2.2","4169a",0,"Y",NA,NA,0
"3575",2002,"CM","2.2","4169a",0,"Y",NA,NA,0
"3576",2003,"CM","2.2","4169a",0,"Y",NA,NA,0
"3577",2004,"CM","2.2","4169a",4,"Y",NA,NA,0
"3578",2005,"CM","2.2","4169a",2,"Y",NA,NA,0
"3579",2006,"CM","2.2","4169a",0,"Y",NA,NA,0
"3580",2007,"CM","2.2","4169a",0,"Y",NA,NA,0
"3581",2008,"CM","2.2","4169a",17,"Y",NA,NA,0
"3582",2009,"CM","2.2","4169a",0,"Y",NA,NA,0
"3583",2010,"CM","2.2","4169a",0,"Y",NA,NA,0
"3584",2011,"CM","2.2","4169a",0,"Y",NA,NA,0
"3585",2012,"CM","2.2","4169a",0,"Y",NA,NA,0
"3586",2013,"CM","2.2","4169a",0,"Y",NA,NA,0
"3587",2014,"CM","2.2","4169a",0,"Y",NA,NA,0
"3588",2015,"CM","2.2","4169a",0,"Y",NA,NA,0
"3589",2016,"CM","2.2","4169a",0,"Y",NA,NA,0
"3590",2017,"CM","2.2","4169a",0,"Y",NA,NA,0
"3591",2018,"CM","2.2","4169a",0,"Y",NA,NA,0
"3592",2019,"CM","2.2","4169a",3,"Y",NA,NA,0
"3593",2020,"CM","2.2","4169a",4,"Y",NA,NA,0
"3594",2021,"CM","2.2","4169a",2,"Y",NA,NA,0
"3595",2022,"CM","2.2","4169a",0,"Y",NA,NA,0
"3596",2023,"CM","2.2","4169a",0,"Y",NA,NA,0
"3597",1997,"CM","2.2","4169c",NA,"Y",NA,NA,0
"3598",1998,"CM","2.2","4169c",NA,"Y",NA,NA,0
"3599",1999,"CM","2.2","4169c",0,"Y",NA,NA,0
"3600",2000,"CM","2.2","4169c",0,"Y",NA,NA,0
"3601",2001,"CM","2.2","4169c",0,"Y",NA,NA,0
"3602",2002,"CM","2.2","4169c",0,"Y",NA,NA,0
"3603",2003,"CM","2.2","4169c",0,"Y",NA,NA,0
"3604",2004,"CM","2.2","4169c",9,"Y",NA,NA,0
"3605",2005,"CM","2.2","4169c",3,"Y",NA,NA,0
"3606",2006,"CM","2.2","4169c",0,"Y",NA,NA,0
"3607",2007,"CM","2.2","4169c",0,"Y",NA,NA,0
"3608",2008,"CM","2.2","4169c",0,"Y",NA,NA,0
"3609",2009,"CM","2.2","4169c",0,"Y",NA,NA,0
"3610",2010,"CM","2.2","4169c",0,"Y",NA,NA,0
"3611",2011,"CM","2.2","4169c",0,"Y",NA,NA,0
"3612",2012,"CM","2.2","4169c",0,"Y",NA,NA,0
"3613",2013,"CM","2.2","4169c",0,"Y",NA,NA,0
"3614",2014,"CM","2.2","4169c",0,"Y",NA,NA,0
"3615",2015,"CM","2.2","4169c",0,"Y",NA,NA,0
"3616",2016,"CM","2.2","4169c",0,"Y",NA,NA,0
"3617",2017,"CM","2.2","4169c",0,"Y",NA,NA,0
"3618",2018,"CM","2.2","4169c",0,"Y",NA,NA,0
"3619",2019,"CM","2.2","4169c",0,"Y",NA,NA,0
"3620",2020,"CM","2.2","4169c",4,"Y",NA,NA,0
"3621",2021,"CM","2.2","4169c",0,"Y",NA,NA,0
"3622",2022,"CM","2.2","4169c",0,"Y",NA,NA,0
"3623",2023,"CM","2.2","4169c",0,"Y",NA,NA,0
"3624",1997,"CM","2.3","4174a",NA,"Y",NA,NA,0
"3625",1998,"CM","2.3","4174a",NA,"Y",NA,NA,0
"3626",1999,"CM","2.3","4174a",0,"Y",NA,NA,0
"3627",2000,"CM","2.3","4174a",0,"Y",NA,NA,0
"3628",2001,"CM","2.3","4174a",0,"Y",NA,NA,0
"3629",2002,"CM","2.3","4174a",0,"Y",NA,NA,0
"3630",2003,"CM","2.3","4174a",0,"Y",NA,NA,0
"3631",2004,"CM","2.3","4174a",0,"Y",NA,NA,0
"3632",2005,"CM","2.3","4174a",0,"Y",NA,NA,0
"3633",2006,"CM","2.3","4174a",0,"Y",NA,NA,0
"3634",2007,"CM","2.3","4174a",0,"Y",NA,NA,0
"3635",2008,"CM","2.3","4174a",0,"Y",NA,NA,0
"3636",2009,"CM","2.3","4174a",0,"Y",NA,NA,0
"3637",2010,"CM","2.3","4174a",0,"Y",NA,NA,0
"3638",2011,"CM","2.3","4174a",0,"Y",NA,NA,0
"3639",2012,"CM","2.3","4174a",0,"Y",NA,NA,0
"3640",2013,"CM","2.3","4174a",0,"Y",NA,NA,0
"3641",2014,"CM","2.3","4174a",0,"Y",NA,NA,0
"3642",2015,"CM","2.3","4174a",0,"Y",NA,NA,0
"3643",2016,"CM","2.3","4174a",0,"Y",NA,NA,0
"3644",2017,"CM","2.3","4174a",0,"Y",NA,NA,0
"3645",2018,"CM","2.3","4174a",0,"Y",NA,NA,0
"3646",2019,"CM","2.3","4174a",0,"Y",NA,NA,0
"3647",2020,"CM","2.3","4174a",0,"Y",NA,NA,0
"3648",2021,"CM","2.3","4174a",0,"Y",NA,NA,0
"3649",2022,"CM","2.3","4174a",0,"Y",NA,NA,0
"3650",2023,"CM","2.3","4174a",0,"Y",NA,NA,0
"3651",1997,"CM","2.3","4174c",NA,"Y",NA,NA,0
"3652",1998,"CM","2.3","4174c",NA,"Y",NA,NA,0
"3653",1999,"CM","2.3","4174c",0,"Y",NA,NA,0
"3654",2000,"CM","2.3","4174c",0,"Y",NA,NA,0
"3655",2001,"CM","2.3","4174c",0,"Y",NA,NA,0
"3656",2002,"CM","2.3","4174c",0,"Y",NA,NA,0
"3657",2003,"CM","2.3","4174c",0,"Y",NA,NA,0
"3658",2004,"CM","2.3","4174c",0,"Y",NA,NA,0
"3659",2005,"CM","2.3","4174c",0,"Y",NA,NA,0
"3660",2006,"CM","2.3","4174c",0,"Y",NA,NA,0
"3661",2007,"CM","2.3","4174c",0,"Y",NA,NA,0
"3662",2008,"CM","2.3","4174c",4,"Y",NA,NA,0
"3663",2009,"CM","2.3","4174c",0,"Y",NA,NA,0
"3664",2010,"CM","2.3","4174c",0,"Y",NA,NA,0
"3665",2011,"CM","2.3","4174c",0,"Y",NA,NA,0
"3666",2012,"CM","2.3","4174c",0,"Y",NA,NA,0
"3667",2013,"CM","2.3","4174c",0,"Y",NA,NA,0
"3668",2014,"CM","2.3","4174c",0,"Y",NA,NA,0
"3669",2015,"CM","2.3","4174c",0,"Y",NA,NA,0
"3670",2016,"CM","2.3","4174c",0,"Y",NA,NA,0
"3671",2017,"CM","2.3","4174c",0,"Y",NA,NA,0
"3672",2018,"CM","2.3","4174c",0,"Y",NA,NA,0
"3673",2019,"CM","2.3","4174c",NA,"Y",NA,NA,0
"3674",2020,"CM","2.3","4174c",NA,"Y",NA,NA,0
"3675",2021,"CM","2.3","4174c",NA,"Y",NA,NA,0
"3676",2022,"CM","2.3","4174c",NA,"Y",NA,NA,0
"3677",2023,"CM","2.3","4174c",NA,"Y",NA,NA,0
"3678",1997,"CM","2.3","4174d",NA,"Y",NA,NA,0
"3679",1998,"CM","2.3","4174d",NA,"Y",NA,NA,0
"3680",1999,"CM","2.3","4174d",0,"Y",NA,NA,0
"3681",2000,"CM","2.3","4174d",0,"Y",NA,NA,0
"3682",2001,"CM","2.3","4174d",0,"Y",NA,NA,0
"3683",2002,"CM","2.3","4174d",0,"Y",NA,NA,0
"3684",2003,"CM","2.3","4174d",0,"Y",NA,NA,0
"3685",2004,"CM","2.3","4174d",0,"Y",NA,NA,0
"3686",2005,"CM","2.3","4174d",0,"Y",NA,NA,0
"3687",2006,"CM","2.3","4174d",0,"Y",NA,NA,0
"3688",2007,"CM","2.3","4174d",0,"Y",NA,NA,0
"3689",2008,"CM","2.3","4174d",2,"Y",NA,NA,0
"3690",2009,"CM","2.3","4174d",0,"Y",NA,NA,0
"3691",2010,"CM","2.3","4174d",0,"Y",NA,NA,0
"3692",2011,"CM","2.3","4174d",0,"Y",NA,NA,0
"3693",2012,"CM","2.3","4174d",0,"Y",NA,NA,0
"3694",2013,"CM","2.3","4174d",0,"Y",NA,NA,0
"3695",2014,"CM","2.3","4174d",0,"Y",NA,NA,0
"3696",2015,"CM","2.3","4174d",0,"Y",NA,NA,0
"3697",2016,"CM","2.3","4174d",19,"Y",NA,NA,0
"3698",2017,"CM","2.3","4174d",0,"Y",NA,NA,0
"3699",2018,"CM","2.3","4174d",0,"Y",NA,NA,0
"3700",2019,"CM","2.3","4174d",NA,"Y",NA,NA,0
"3701",2020,"CM","2.3","4174d",NA,"Y",NA,NA,0
"3702",2021,"CM","2.3","4174d",NA,"Y",NA,NA,0
"3703",2022,"CM","2.3","4174d",NA,"Y",NA,NA,0
"3704",2023,"CM","2.3","4174d",NA,"Y",NA,NA,0
"3705",1997,"CM","2.3","4175a",NA,"Y",NA,NA,0
"3706",1998,"CM","2.3","4175a",NA,"Y",NA,NA,0
"3707",1999,"CM","2.3","4175a",0,"Y",NA,NA,0
"3708",2000,"CM","2.3","4175a",0,"Y",NA,NA,0
"3709",2001,"CM","2.3","4175a",0,"Y",NA,NA,0
"3710",2002,"CM","2.3","4175a",0,"Y",NA,NA,0
"3711",2003,"CM","2.3","4175a",0,"Y",NA,NA,0
"3712",2004,"CM","2.3","4175a",60,"Y",NA,NA,0
"3713",2005,"CM","2.3","4175a",2,"Y",NA,NA,0
"3714",2006,"CM","2.3","4175a",2,"Y",NA,NA,0
"3715",2007,"CM","2.3","4175a",0,"Y",NA,NA,0
"3716",2008,"CM","2.3","4175a",185,"Y",NA,NA,0
"3717",2009,"CM","2.3","4175a",0,"Y",NA,NA,0
"3718",2010,"CM","2.3","4175a",1,"Y",NA,NA,0
"3719",2011,"CM","2.3","4175a",5,"Y",NA,NA,0
"3720",2012,"CM","2.3","4175a",0,"Y",NA,NA,0
"3721",2013,"CM","2.3","4175a",0,"Y",NA,NA,0
"3722",2014,"CM","2.3","4175a",0,"Y",NA,NA,0
"3723",2015,"CM","2.3","4175a",0,"Y",NA,NA,0
"3724",2016,"CM","2.3","4175a",0,"Y",NA,NA,0
"3725",2017,"CM","2.3","4175a",0,"Y",NA,NA,0
"3726",2018,"CM","2.3","4175a",5,"Y",NA,NA,0
"3727",2019,"CM","2.3","4175a",0,"M",NA,NA,0
"3728",2020,"CM","2.3","4175a",33,"M",NA,NA,0
"3729",2021,"CM","2.3","4175a",0,"M",NA,NA,0
"3730",2022,"CM","2.3","4175a",0,"M",NA,NA,0
"3731",2023,"CM","2.3","4175a",0,"M",NA,NA,0
"3732",1997,"CM","2.3","4177a",NA,"M",NA,NA,0
"3733",1998,"CM","2.3","4177a",NA,"M",NA,NA,0
"3734",1999,"CM","2.3","4177a",22,"M",NA,NA,0
"3735",2000,"CM","2.3","4177a",0,"M",NA,NA,0
"3736",2001,"CM","2.3","4177a",0,"M",NA,NA,0
"3737",2002,"CM","2.3","4177a",0,"M",NA,NA,0
"3738",2003,"CM","2.3","4177a",0,"M",NA,NA,0
"3739",2004,"CM","2.3","4177a",121,"M",NA,NA,0
"3740",2005,"CM","2.3","4177a",44,"M",NA,NA,0
"3741",2006,"CM","2.3","4177a",3,"M",NA,NA,0
"3742",2007,"CM","2.3","4177a",0,"M",NA,NA,0
"3743",2008,"CM","2.3","4177a",64,"M",NA,NA,0
"3744",2009,"CM","2.3","4177a",0,"M",NA,NA,0
"3745",2010,"CM","2.3","4177a",1,"M",NA,NA,0
"3746",2011,"CM","2.3","4177a",29,"M",NA,NA,0
"3747",2012,"CM","2.3","4177a",0,"M",NA,NA,0
"3748",2013,"CM","2.3","4177a",0,"M",NA,NA,0
"3749",2014,"CM","2.3","4177a",0,"M",NA,NA,0
"3750",2015,"CM","2.3","4177a",0,"M",NA,NA,0
"3751",2016,"CM","2.3","4177a",7,"M",NA,NA,0
"3752",2017,"CM","2.3","4177a",0,"M",NA,NA,0
"3753",2018,"CM","2.3","4177a",15,"M",NA,NA,0
"3754",2019,"CM","2.3","4177a",0,"M",NA,NA,0
"3755",2020,"CM","2.3","4177a",32,"M",NA,NA,0
"3756",2021,"CM","2.3","4177a",0,"M",NA,NA,0
"3757",2022,"CM","2.3","4177a",0,"M",NA,NA,0
"3758",2023,"CM","2.3","4177a",0,"M",NA,NA,0
"3759",1997,"CM","2.3","4187b",NA,"Y",NA,NA,0
"3760",1998,"CM","2.3","4187b",NA,"Y",NA,NA,0
"3761",1999,"CM","2.3","4187b",0,"Y",NA,NA,0
"3762",2000,"CM","2.3","4187b",0,"Y",NA,NA,0
"3763",2001,"CM","2.3","4187b",0,"Y",NA,NA,0
"3764",2002,"CM","2.3","4187b",0,"Y",NA,NA,0
"3765",2003,"CM","2.3","4187b",0,"Y",NA,NA,0
"3766",2004,"CM","2.3","4187b",14,"Y",NA,NA,0
"3767",2005,"CM","2.3","4187b",0,"Y",NA,NA,0
"3768",2006,"CM","2.3","4187b",0,"Y",NA,NA,0
"3769",2007,"CM","2.3","4187b",0,"Y",NA,NA,0
"3770",2008,"CM","2.3","4187b",69,"Y",NA,NA,0
"3771",2009,"CM","2.3","4187b",0,"Y",NA,NA,0
"3772",2010,"CM","2.3","4187b",1,"Y",NA,NA,0
"3773",2011,"CM","2.3","4187b",0,"Y",NA,NA,0
"3774",2012,"CM","2.3","4187b",0,"Y",NA,NA,0
"3775",2013,"CM","2.3","4187b",0,"Y",NA,NA,0
"3776",2014,"CM","2.3","4187b",0,"Y",NA,NA,0
"3777",2015,"CM","2.3","4187b",0,"Y",NA,NA,0
"3778",2016,"CM","2.3","4187b",0,"Y",NA,NA,0
"3779",2017,"CM","2.3","4187b",0,"Y",NA,NA,0
"3780",2018,"CM","2.3","4187b",0,"Y",NA,NA,0
"3781",2019,"CM","2.3","4187b",0,"Y",NA,NA,0
"3782",2020,"CM","2.3","4187b",3,"Y",NA,NA,0
"3783",2021,"CM","2.3","4187b",0,"Y",NA,NA,0
"3784",2022,"CM","2.3","4187b",0,"Y",NA,NA,0
"3785",2023,"CM","2.3","4187b",0,"Y",NA,NA,0
"3786",1997,"CM","2.3","4188a",NA,"Y",NA,NA,0
"3787",1998,"CM","2.3","4188a",NA,"Y",NA,NA,0
"3788",1999,"CM","2.3","4188a",35,"Y",NA,NA,0
"3789",2000,"CM","2.3","4188a",0,"Y",NA,NA,0
"3790",2001,"CM","2.3","4188a",0,"Y",NA,NA,0
"3791",2002,"CM","2.3","4188a",0,"Y",NA,NA,0
"3792",2003,"CM","2.3","4188a",0,"Y",NA,NA,0
"3793",2004,"CM","2.3","4188a",50,"Y",NA,NA,0
"3794",2005,"CM","2.3","4188a",9,"Y",NA,NA,0
"3795",2006,"CM","2.3","4188a",1,"Y",NA,NA,0
"3796",2007,"CM","2.3","4188a",0,"Y",NA,NA,0
"3797",2008,"CM","2.3","4188a",2,"Y",NA,NA,0
"3798",2009,"CM","2.3","4188a",0,"Y",NA,NA,0
"3799",2010,"CM","2.3","4188a",0,"Y",NA,NA,0
"3800",2011,"CM","2.3","4188a",0,"Y",NA,NA,0
"3801",2012,"CM","2.3","4188a",0,"Y",NA,NA,0
"3802",2013,"CM","2.3","4188a",0,"Y",NA,NA,0
"3803",2014,"CM","2.3","4188a",0,"Y",NA,NA,0
"3804",2015,"CM","2.3","4188a",0,"Y",NA,NA,0
"3805",2016,"CM","2.3","4188a",2,"Y",NA,NA,0
"3806",2017,"CM","2.3","4188a",0,"Y",NA,NA,0
"3807",2018,"CM","2.3","4188a",0,"Y",NA,NA,0
"3808",2019,"CM","2.3","4188a",0,"Y",NA,NA,0
"3809",2020,"CM","2.3","4188a",0,"Y",NA,NA,0
"3810",2021,"CM","2.3","4188a",0,"Y",NA,NA,0
"3811",2022,"CM","2.3","4188a",0,"Y",NA,NA,0
"3812",2023,"CM","2.3","4188a",0,"Y",NA,NA,0
"3813",1997,"CM","2.3","4188b",NA,"M",NA,NA,0
"3814",1998,"CM","2.3","4188b",NA,"M",NA,NA,0
"3815",1999,"CM","2.3","4188b",11,"M",NA,NA,0
"3816",2000,"CM","2.3","4188b",0,"M",NA,NA,0
"3817",2001,"CM","2.3","4188b",0,"M",NA,NA,0
"3818",2002,"CM","2.3","4188b",0,"M",NA,NA,0
"3819",2003,"CM","2.3","4188b",0,"M",NA,NA,0
"3820",2004,"CM","2.3","4188b",1,"M",NA,NA,0
"3821",2005,"CM","2.3","4188b",4,"M",NA,NA,0
"3822",2006,"CM","2.3","4188b",0,"M",NA,NA,0
"3823",2007,"CM","2.3","4188b",0,"M",NA,NA,0
"3824",2008,"CM","2.3","4188b",40,"M",NA,NA,0
"3825",2009,"CM","2.3","4188b",0,"M",NA,NA,0
"3826",2010,"CM","2.3","4188b",0,"M",NA,NA,0
"3827",2011,"CM","2.3","4188b",0,"M",NA,NA,0
"3828",2012,"CM","2.3","4188b",0,"M",NA,NA,0
"3829",2013,"CM","2.3","4188b",0,"M",NA,NA,0
"3830",2014,"CM","2.3","4188b",0,"M",NA,NA,0
"3831",2015,"CM","2.3","4188b",0,"M",NA,NA,0
"3832",2016,"CM","2.3","4188b",20,"M",NA,NA,0
"3833",2017,"CM","2.3","4188b",0,"M",NA,NA,0
"3834",2018,"CM","2.3","4188b",14,"M",NA,NA,0
"3835",2019,"CM","2.3","4188b",0,"M",NA,NA,0
"3836",2020,"CM","2.3","4188b",0,"M",NA,NA,0
"3837",2021,"CM","2.3","4188b",0,"M",NA,NA,0
"3838",2022,"CM","2.3","4188b",0,"M",NA,NA,0
"3839",2023,"CM","2.3","4188b",0,"M",NA,NA,0
"3840",1997,"CM","2.4","4195c",NA,"Y",NA,NA,0
"3841",1998,"CM","2.4","4195c",NA,"Y",NA,NA,0
"3842",1999,"CM","2.4","4195c",0,"Y",NA,NA,0
"3843",2000,"CM","2.4","4195c",0,"Y",NA,NA,0
"3844",2001,"CM","2.4","4195c",0,"Y",NA,NA,0
"3845",2002,"CM","2.4","4195c",0,"Y",NA,NA,0
"3846",2003,"CM","2.4","4195c",0,"Y",NA,NA,0
"3847",2004,"CM","2.4","4195c",0,"Y",NA,NA,0
"3848",2005,"CM","2.4","4195c",0,"Y",NA,NA,0
"3849",2006,"CM","2.4","4195c",0,"Y",NA,NA,0
"3850",2007,"CM","2.4","4195c",0,"Y",NA,NA,0
"3851",2008,"CM","2.4","4195c",1,"Y",NA,NA,0
"3852",2009,"CM","2.4","4195c",0,"Y",NA,NA,0
"3853",2010,"CM","2.4","4195c",0,"Y",NA,NA,0
"3854",2011,"CM","2.4","4195c",0,"Y",NA,NA,0
"3855",2012,"CM","2.4","4195c",0,"Y",NA,NA,0
"3856",2013,"CM","2.4","4195c",0,"Y",NA,NA,0
"3857",2014,"CM","2.4","4195c",0,"Y",NA,NA,0
"3858",2015,"CM","2.4","4195c",0,"Y",NA,NA,0
"3859",2016,"CM","2.4","4195c",2,"Y",NA,NA,0
"3860",2017,"CM","2.4","4195c",0,"Y",NA,NA,0
"3861",2018,"CM","2.4","4195c",0,"Y",NA,NA,0
"3862",2019,"CM","2.4","4195c",0,"Y",NA,NA,0
"3863",2020,"CM","2.4","4195c",0,"Y",NA,NA,0
"3864",2021,"CM","2.4","4195c",0,"Y",NA,NA,0
"3865",2022,"CM","2.4","4195c",0,"Y",NA,NA,0
"3866",2023,"CM","2.4","4195c",0,"Y",NA,NA,0
"3867",1997,"CM","2.4","4198b",NA,"Y",NA,NA,0
"3868",1998,"CM","2.4","4198b",NA,"Y",NA,NA,0
"3869",1999,"CM","2.4","4198b",0,"Y",NA,NA,0
"3870",2000,"CM","2.4","4198b",0,"Y",NA,NA,0
"3871",2001,"CM","2.4","4198b",0,"Y",NA,NA,0
"3872",2002,"CM","2.4","4198b",0,"Y",NA,NA,0
"3873",2003,"CM","2.4","4198b",0,"Y",NA,NA,0
"3874",2004,"CM","2.4","4198b",6,"Y",NA,NA,0
"3875",2005,"CM","2.4","4198b",3,"Y",NA,NA,0
"3876",2006,"CM","2.4","4198b",0,"Y",NA,NA,0
"3877",2007,"CM","2.4","4198b",0,"Y",NA,NA,0
"3878",2008,"CM","2.4","4198b",12,"Y",NA,NA,0
"3879",2009,"CM","2.4","4198b",0,"Y",NA,NA,0
"3880",2010,"CM","2.4","4198b",0,"Y",NA,NA,0
"3881",2011,"CM","2.4","4198b",2,"Y",NA,NA,0
"3882",2012,"CM","2.4","4198b",0,"Y",NA,NA,0
"3883",2013,"CM","2.4","4198b",0,"Y",NA,NA,0
"3884",2014,"CM","2.4","4198b",0,"Y",NA,NA,0
"3885",2015,"CM","2.4","4198b",0,"Y",NA,NA,0
"3886",2016,"CM","2.4","4198b",3,"Y",NA,NA,0
"3887",2017,"CM","2.4","4198b",0,"Y",NA,NA,0
"3888",2018,"CM","2.4","4198b",2,"Y",NA,NA,0
"3889",2019,"CM","2.4","4198b",0,"Y",NA,NA,0
"3890",2020,"CM","2.4","4198b",11,"Y",NA,NA,0
"3891",2021,"CM","2.4","4198b",0,"Y",NA,NA,0
"3892",2022,"CM","2.4","4198b",NA,"Y",NA,NA,0
"3893",2023,"CM","2.4","4198b",NA,"Y",NA,NA,0
"3894",1997,"CM","2.4","4204a",NA,"Y",NA,NA,0
"3895",1998,"CM","2.4","4204a",NA,"Y",NA,NA,0
"3896",1999,"CM","2.4","4204a",0,"Y",NA,NA,0
"3897",2000,"CM","2.4","4204a",0,"Y",NA,NA,0
"3898",2001,"CM","2.4","4204a",1,"Y",NA,NA,0
"3899",2002,"CM","2.4","4204a",0,"Y",NA,NA,0
"3900",2003,"CM","2.4","4204a",0,"Y",NA,NA,0
"3901",2004,"CM","2.4","4204a",13,"Y",NA,NA,0
"3902",2005,"CM","2.4","4204a",25,"Y",NA,NA,0
"3903",2006,"CM","2.4","4204a",0,"Y",NA,NA,0
"3904",2007,"CM","2.4","4204a",0,"Y",NA,NA,0
"3905",2008,"CM","2.4","4204a",42,"Y",NA,NA,0
"3906",2009,"CM","2.4","4204a",0,"Y",NA,NA,0
"3907",2010,"CM","2.4","4204a",0,"Y",NA,NA,0
"3908",2011,"CM","2.4","4204a",1,"Y",NA,NA,0
"3909",2012,"CM","2.4","4204a",0,"Y",NA,NA,0
"3910",2013,"CM","2.4","4204a",0,"Y",NA,NA,0
"3911",2014,"CM","2.4","4204a",0,"Y",NA,NA,0
"3912",2015,"CM","2.4","4204a",0,"Y",NA,NA,0
"3913",2016,"CM","2.4","4204a",5,"Y",NA,NA,0
"3914",2017,"CM","2.4","4204a",0,"Y",NA,NA,0
"3915",2018,"CM","2.4","4204a",3,"Y",NA,NA,0
"3916",2019,"CM","2.4","4204a",0,"Y",NA,NA,0
"3917",2020,"CM","2.4","4204a",6,"Y",NA,NA,0
"3918",2021,"CM","2.4","4204a",2,"Y",NA,NA,0
"3919",2022,"CM","2.4","4204a",NA,"Y",NA,NA,0
"3920",2023,"CM","2.4","4204a",0,"Y",NA,NA,0
"3921",1997,"CM","2.4","4207a",NA,"M",NA,NA,0
"3922",1998,"CM","2.4","4207a",NA,"M",NA,NA,0
"3923",1999,"CM","2.4","4207a",0,"M",NA,NA,0
"3924",2000,"CM","2.4","4207a",0,"M",NA,NA,0
"3925",2001,"CM","2.4","4207a",0,"M",NA,NA,0
"3926",2002,"CM","2.4","4207a",0,"M",NA,NA,0
"3927",2003,"CM","2.4","4207a",0,"M",NA,NA,0
"3928",2004,"CM","2.4","4207a",40,"M",NA,NA,0
"3929",2005,"CM","2.4","4207a",11,"M",NA,NA,0
"3930",2006,"CM","2.4","4207a",1,"M",NA,NA,0
"3931",2007,"CM","2.4","4207a",0,"M",NA,NA,0
"3932",2008,"CM","2.4","4207a",35,"M",NA,NA,0
"3933",2009,"CM","2.4","4207a",0,"M",NA,NA,0
"3934",2010,"CM","2.4","4207a",0,"M",NA,NA,0
"3935",2011,"CM","2.4","4207a",0,"M",NA,NA,0
"3936",2012,"CM","2.4","4207a",0,"M",NA,NA,0
"3937",2013,"CM","2.4","4207a",0,"M",NA,NA,0
"3938",2014,"CM","2.4","4207a",0,"M",NA,NA,0
"3939",2015,"CM","2.4","4207a",0,"M",NA,NA,0
"3940",2016,"CM","2.4","4207a",3,"M",NA,NA,0
"3941",2017,"CM","2.4","4207a",0,"M",NA,NA,0
"3942",2018,"CM","2.4","4207a",12,"M",NA,NA,0
"3943",2019,"CM","2.4","4207a",NA,"M",NA,NA,0
"3944",2020,"CM","2.4","4207a",NA,"M",NA,NA,0
"3945",2021,"CM","2.4","4207a",NA,"M",NA,NA,0
"3946",2022,"CM","2.4","4207a",NA,"M",NA,NA,0
"3947",2023,"CM","2.4","4207a",NA,"M",NA,NA,0
"3948",1997,"CM","2.4","4212a",NA,"Y",NA,NA,0
"3949",1998,"CM","2.4","4212a",NA,"Y",NA,NA,0
"3950",1999,"CM","2.4","4212a",15,"Y",NA,NA,0
"3951",2000,"CM","2.4","4212a",0,"Y",NA,NA,0
"3952",2001,"CM","2.4","4212a",0,"Y",NA,NA,0
"3953",2002,"CM","2.4","4212a",0,"Y",NA,NA,0
"3954",2003,"CM","2.4","4212a",0,"Y",NA,NA,0
"3955",2004,"CM","2.4","4212a",40,"Y",NA,NA,0
"3956",2005,"CM","2.4","4212a",12,"Y",NA,NA,0
"3957",2006,"CM","2.4","4212a",1,"Y",NA,NA,0
"3958",2007,"CM","2.4","4212a",0,"Y",NA,NA,0
"3959",2008,"CM","2.4","4212a",5,"Y",NA,NA,0
"3960",2009,"CM","2.4","4212a",0,"Y",NA,NA,0
"3961",2010,"CM","2.4","4212a",0,"Y",NA,NA,0
"3962",2011,"CM","2.4","4212a",0,"Y",NA,NA,0
"3963",2012,"CM","2.4","4212a",0,"Y",NA,NA,0
"3964",2013,"CM","2.4","4212a",0,"Y",NA,NA,0
"3965",2014,"CM","2.4","4212a",0,"Y",NA,NA,0
"3966",2015,"CM","2.4","4212a",0,"Y",NA,NA,0
"3967",2016,"CM","2.4","4212a",10,"Y",NA,NA,0
"3968",2017,"CM","2.4","4212a",0,"Y",NA,NA,0
"3969",2018,"CM","2.4","4212a",4,"Y",NA,NA,0
"3970",2019,"CM","2.4","4212a",0,"Y",NA,NA,0
"3971",2020,"CM","2.4","4212a",12,"Y",NA,NA,0
"3972",2021,"CM","2.4","4212a",0,"Y",NA,NA,0
"3973",2022,"CM","2.4","4212a",0,"Y",NA,NA,0
"3974",2023,"CM","2.4","4212a",0,"Y",NA,NA,0
"3975",1997,"CM","4.1","4221a",NA,"M",NA,NA,0
"3976",1998,"CM","4.1","4221a",NA,"M",NA,NA,0
"3977",1999,"CM","4.1","4221a",107,"M",NA,NA,0
"3978",2000,"CM","4.1","4221a",0,"M",NA,NA,0
"3979",2001,"CM","4.1","4221a",0,"M",NA,NA,0
"3980",2002,"CM","4.1","4221a",0,"M",NA,NA,0
"3981",2003,"CM","4.1","4221a",0,"M",NA,NA,0
"3982",2004,"CM","4.1","4221a",4,"M",NA,NA,0
"3983",2005,"CM","4.1","4221a",52,"M",NA,NA,0
"3984",2006,"CM","4.1","4221a",0,"M",NA,NA,0
"3985",2007,"CM","4.1","4221a",0,"M",NA,NA,0
"3986",2008,"CM","4.1","4221a",190,"M",NA,NA,0
"3987",2009,"CM","4.1","4221a",0,"M",NA,NA,0
"3988",2010,"CM","4.1","4221a",1,"M",NA,NA,0
"3989",2011,"CM","4.1","4221a",6,"M",NA,NA,0
"3990",2012,"CM","4.1","4221a",0,"M",NA,NA,0
"3991",2013,"CM","4.1","4221a",0,"M",NA,NA,0
"3992",2014,"CM","4.1","4221a",0,"M",NA,NA,0
"3993",2015,"CM","4.1","4221a",0,"M",NA,NA,0
"3994",2016,"CM","4.1","4221a",3,"M",NA,NA,0
"3995",2017,"CM","4.1","4221a",0,"M",NA,NA,0
"3996",2018,"CM","4.1","4221a",11,"M",NA,NA,0
"3997",2019,"CM","4.1","4221a",0,"M",NA,NA,0
"3998",2020,"CM","4.1","4221a",14,"M",NA,NA,0
"3999",2021,"CM","4.1","4221a",0,"M",NA,NA,0
"4000",2022,"CM","4.1","4221a",0,"M",NA,NA,0
"4001",2023,"CM","4.1","4221a",0,"M",NA,NA,0
"4002",1997,"CM","4.1","4221e",NA,"Y",NA,NA,0
"4003",1998,"CM","4.1","4221e",NA,"Y",NA,NA,0
"4004",1999,"CM","4.1","4221e",40,"Y",NA,NA,0
"4005",2000,"CM","4.1","4221e",0,"Y",NA,NA,0
"4006",2001,"CM","4.1","4221e",0,"Y",NA,NA,0
"4007",2002,"CM","4.1","4221e",0,"Y",NA,NA,0
"4008",2003,"CM","4.1","4221e",0,"Y",NA,NA,0
"4009",2004,"CM","4.1","4221e",15,"Y",NA,NA,0
"4010",2005,"CM","4.1","4221e",28,"Y",NA,NA,0
"4011",2006,"CM","4.1","4221e",0,"Y",NA,NA,0
"4012",2007,"CM","4.1","4221e",0,"Y",NA,NA,0
"4013",2008,"CM","4.1","4221e",95,"Y",NA,NA,0
"4014",2009,"CM","4.1","4221e",0,"Y",NA,NA,0
"4015",2010,"CM","4.1","4221e",1,"Y",NA,NA,0
"4016",2011,"CM","4.1","4221e",7,"Y",NA,NA,0
"4017",2012,"CM","4.1","4221e",0,"Y",NA,NA,0
"4018",2013,"CM","4.1","4221e",0,"Y",NA,NA,0
"4019",2014,"CM","4.1","4221e",0,"Y",NA,NA,0
"4020",2015,"CM","4.1","4221e",0,"Y",NA,NA,0
"4021",2016,"CM","4.1","4221e",0,"Y",NA,NA,0
"4022",2017,"CM","4.1","4221e",0,"Y",NA,NA,0
"4023",2018,"CM","4.1","4221e",2,"Y",NA,NA,0
"4024",2019,"CM","4.1","4221e",0,"Y",NA,NA,0
"4025",2020,"CM","4.1","4221e",5,"Y",NA,NA,0
"4026",2021,"CM","4.1","4221e",0,"Y",NA,NA,0
"4027",2022,"CM","4.1","4221e",0,"Y",NA,NA,0
"4028",2023,"CM","4.1","4221e",0,"Y",NA,NA,0
"4029",1997,"CM","4.1","4223a",NA,"Y",2.6,1,1
"4030",1998,"CM","4.1","4223a",NA,"Y",2.6,1,1
"4031",1999,"CM","4.1","4223a",17,"Y",2.6,1,1
"4032",2000,"CM","4.1","4223a",0,"Y",2.6,1,1
"4033",2001,"CM","4.1","4223a",0,"Y",2.6,1,1
"4034",2002,"CM","4.1","4223a",0,"Y",2.6,1,1
"4035",2003,"CM","4.1","4223a",0,"Y",2.6,1,1
"4036",2004,"CM","4.1","4223a",0,"Y",2.6,1,1
"4037",2005,"CM","4.1","4223a",0,"Y",2.6,1,1
"4038",2006,"CM","4.1","4223a",0,"Y",2.6,1,1
"4039",2007,"CM","4.1","4223a",0,"Y",2.6,1,1
"4040",2008,"CM","4.1","4223a",125,"Y",2.6,1,1
"4041",2009,"CM","4.1","4223a",0,"Y",2.6,1,1
"4042",2010,"CM","4.1","4223a",0,"Y",2.6,1,1
"4043",2011,"CM","4.1","4223a",0,"Y",2.6,1,1
"4044",2012,"CM","4.1","4223a",0,"Y",2.6,1,1
"4045",2013,"CM","4.1","4223a",0,"Y",2.6,1,1
"4046",2014,"CM","4.1","4223a",0,"Y",2.6,1,1
"4047",2015,"CM","4.1","4223a",0,"Y",2.6,1,1
"4048",2016,"CM","4.1","4223a",0,"Y",2.6,1,1
"4049",2017,"CM","4.1","4223a",0,"Y",2.6,1,1
"4050",2018,"CM","4.1","4223a",0,"Y",2.6,1,1
"4051",2019,"CM","4.1","4223a",0,"Y",2.6,1,1
"4052",2020,"CM","4.1","4223a",NA,"Y",2.6,1,1
"4053",2021,"CM","4.1","4223a",0,"Y",2.6,1,1
"4054",2022,"CM","4.1","4223a",0,"Y",2.6,1,1
"4055",2023,"CM","4.1","4223a",0,"Y",2.6,1,1
"4056",1997,"CM","4.1","4227*",NA,"M",NA,NA,0
"4057",1998,"CM","4.1","4227*",NA,"M",NA,NA,0
"4058",1999,"CM","4.1","4227*",32,"M",NA,NA,0
"4059",2000,"CM","4.1","4227*",0,"M",NA,NA,0
"4060",2001,"CM","4.1","4227*",0,"M",NA,NA,0
"4061",2002,"CM","4.1","4227*",0,"M",NA,NA,0
"4062",2003,"CM","4.1","4227*",0,"M",NA,NA,0
"4063",2004,"CM","4.1","4227*",0,"M",NA,NA,0
"4064",2005,"CM","4.1","4227*",0,"M",NA,NA,0
"4065",2006,"CM","4.1","4227*",0,"M",NA,NA,0
"4066",2007,"CM","4.1","4227*",0,"M",NA,NA,0
"4067",2008,"CM","4.1","4227*",2,"M",NA,NA,0
"4068",2009,"CM","4.1","4227*",0,"M",NA,NA,0
"4069",2010,"CM","4.1","4227*",0,"M",NA,NA,0
"4070",2011,"CM","4.1","4227*",0,"M",NA,NA,0
"4071",2012,"CM","4.1","4227*",0,"M",NA,NA,0
"4072",2013,"CM","4.1","4227*",0,"M",NA,NA,0
"4073",2014,"CM","4.1","4227*",0,"M",NA,NA,0
"4074",2015,"CM","4.1","4227*",0,"M",NA,NA,0
"4075",2016,"CM","4.1","4227*",0,"M",NA,NA,0
"4076",2017,"CM","4.1","4227*",0,"M",NA,NA,0
"4077",2018,"CM","4.1","4227*",0,"M",NA,NA,0
"4078",2019,"CM","4.1","4227*",0,"M",NA,NA,0
"4079",2020,"CM","4.1","4227*",0,"M",NA,NA,0
"4080",2021,"CM","4.1","4227*",0,"M",NA,NA,0
"4081",2022,"CM","4.1","4227*",0,"M",NA,NA,0
"4082",2023,"CM","4.1","4227*",0,"M",NA,NA,0
"4083",1997,"CM","4.1","4228a",NA,"Y",NA,NA,0
"4084",1998,"CM","4.1","4228a",NA,"Y",NA,NA,0
"4085",1999,"CM","4.1","4228a",1,"Y",NA,NA,0
"4086",2000,"CM","4.1","4228a",0,"Y",NA,NA,0
"4087",2001,"CM","4.1","4228a",0,"Y",NA,NA,0
"4088",2002,"CM","4.1","4228a",0,"Y",NA,NA,0
"4089",2003,"CM","4.1","4228a",0,"Y",NA,NA,0
"4090",2004,"CM","4.1","4228a",2,"Y",NA,NA,0
"4091",2005,"CM","4.1","4228a",0,"Y",NA,NA,0
"4092",2006,"CM","4.1","4228a",0,"Y",NA,NA,0
"4093",2007,"CM","4.1","4228a",0,"Y",NA,NA,0
"4094",2008,"CM","4.1","4228a",0,"Y",NA,NA,0
"4095",2009,"CM","4.1","4228a",0,"Y",NA,NA,0
"4096",2010,"CM","4.1","4228a",0,"Y",NA,NA,0
"4097",2011,"CM","4.1","4228a",0,"Y",NA,NA,0
"4098",2012,"CM","4.1","4228a",0,"Y",NA,NA,0
"4099",2013,"CM","4.1","4228a",0,"Y",NA,NA,0
"4100",2014,"CM","4.1","4228a",0,"Y",NA,NA,0
"4101",2015,"CM","4.1","4228a",0,"Y",NA,NA,0
"4102",2016,"CM","4.1","4228a",0,"Y",NA,NA,0
"4103",2017,"CM","4.1","4228a",0,"Y",NA,NA,0
"4104",2018,"CM","4.1","4228a",0,"Y",NA,NA,0
"4105",2019,"CM","4.1","4228a",0,"Y",NA,NA,0
"4106",2020,"CM","4.1","4228a",0,"Y",NA,NA,0
"4107",2021,"CM","4.1","4228a",0,"Y",NA,NA,0
"4108",2022,"CM","4.1","4228a",0,"Y",NA,NA,0
"4109",2023,"CM","4.1","4228a",0,"Y",NA,NA,0
"4110",1997,"CM","4.1","4228b",NA,"Y",NA,NA,0
"4111",1998,"CM","4.1","4228b",NA,"Y",NA,NA,0
"4112",1999,"CM","4.1","4228b",0,"Y",NA,NA,0
"4113",2000,"CM","4.1","4228b",0,"Y",NA,NA,0
"4114",2001,"CM","4.1","4228b",0,"Y",NA,NA,0
"4115",2002,"CM","4.1","4228b",0,"Y",NA,NA,0
"4116",2003,"CM","4.1","4228b",0,"Y",NA,NA,0
"4117",2004,"CM","4.1","4228b",5,"Y",NA,NA,0
"4118",2005,"CM","4.1","4228b",6,"Y",NA,NA,0
"4119",2006,"CM","4.1","4228b",0,"Y",NA,NA,0
"4120",2007,"CM","4.1","4228b",0,"Y",NA,NA,0
"4121",2008,"CM","4.1","4228b",27,"Y",NA,NA,0
"4122",2009,"CM","4.1","4228b",0,"Y",NA,NA,0
"4123",2010,"CM","4.1","4228b",1,"Y",NA,NA,0
"4124",2011,"CM","4.1","4228b",0,"Y",NA,NA,0
"4125",2012,"CM","4.1","4228b",0,"Y",NA,NA,0
"4126",2013,"CM","4.1","4228b",0,"Y",NA,NA,0
"4127",2014,"CM","4.1","4228b",0,"Y",NA,NA,0
"4128",2015,"CM","4.1","4228b",0,"Y",NA,NA,0
"4129",2016,"CM","4.1","4228b",0,"Y",NA,NA,0
"4130",2017,"CM","4.1","4228b",0,"Y",NA,NA,0
"4131",2018,"CM","4.1","4228b",0,"Y",NA,NA,0
"4132",2019,"CM","4.1","4228b",0,"Y",NA,NA,0
"4133",2020,"CM","4.1","4228b",0,"Y",NA,NA,0
"4134",2021,"CM","4.1","4228b",0,"Y",NA,NA,0
"4135",2022,"CM","4.1","4228b",0,"Y",NA,NA,0
"4136",2023,"CM","4.1","4228b",0,"Y",NA,NA,0
"4137",1997,"CM","4.1","4231b",NA,"Y",NA,NA,0
"4138",1998,"CM","4.1","4231b",NA,"Y",NA,NA,0
"4139",1999,"CM","4.1","4231b",0,"Y",NA,NA,0
"4140",2000,"CM","4.1","4231b",0,"Y",NA,NA,0
"4141",2001,"CM","4.1","4231b",0,"Y",NA,NA,0
"4142",2002,"CM","4.1","4231b",0,"Y",NA,NA,0
"4143",2003,"CM","4.1","4231b",0,"Y",NA,NA,0
"4144",2004,"CM","4.1","4231b",0,"Y",NA,NA,0
"4145",2005,"CM","4.1","4231b",14,"Y",NA,NA,0
"4146",2006,"CM","4.1","4231b",0,"Y",NA,NA,0
"4147",2007,"CM","4.1","4231b",0,"Y",NA,NA,0
"4148",2008,"CM","4.1","4231b",44,"Y",NA,NA,0
"4149",2009,"CM","4.1","4231b",0,"Y",NA,NA,0
"4150",2010,"CM","4.1","4231b",0,"Y",NA,NA,0
"4151",2011,"CM","4.1","4231b",0,"Y",NA,NA,0
"4152",2012,"CM","4.1","4231b",0,"Y",NA,NA,0
"4153",2013,"CM","4.1","4231b",0,"Y",NA,NA,0
"4154",2014,"CM","4.1","4231b",0,"Y",NA,NA,0
"4155",2015,"CM","4.1","4231b",0,"Y",NA,NA,0
"4156",2016,"CM","4.1","4231b",0,"Y",NA,NA,0
"4157",2017,"CM","4.1","4231b",0,"Y",NA,NA,0
"4158",2018,"CM","4.1","4231b",3,"Y",NA,NA,0
"4159",2019,"CM","4.1","4231b",0,"Y",NA,NA,0
"4160",2020,"CM","4.1","4231b",5,"Y",NA,NA,0
"4161",2021,"CM","4.1","4231b",0,"Y",NA,NA,0
"4162",2022,"CM","4.1","4231b",0,"Y",NA,NA,0
"4163",2023,"CM","4.1","4231b",0,"Y",NA,NA,0
"4164",1997,"CM","4.1","4235a",NA,"Y",NA,NA,0
"4165",1998,"CM","4.1","4235a",NA,"Y",NA,NA,0
"4166",1999,"CM","4.1","4235a",0,"Y",NA,NA,0
"4167",2000,"CM","4.1","4235a",0,"Y",NA,NA,0
"4168",2001,"CM","4.1","4235a",0,"Y",NA,NA,0
"4169",2002,"CM","4.1","4235a",0,"Y",NA,NA,0
"4170",2003,"CM","4.1","4235a",0,"Y",NA,NA,0
"4171",2004,"CM","4.1","4235a",0,"Y",NA,NA,0
"4172",2005,"CM","4.1","4235a",1,"Y",NA,NA,0
"4173",2006,"CM","4.1","4235a",0,"Y",NA,NA,0
"4174",2007,"CM","4.1","4235a",0,"Y",NA,NA,0
"4175",2008,"CM","4.1","4235a",4,"Y",NA,NA,0
"4176",2009,"CM","4.1","4235a",0,"Y",NA,NA,0
"4177",2010,"CM","4.1","4235a",0,"Y",NA,NA,0
"4178",2011,"CM","4.1","4235a",0,"Y",NA,NA,0
"4179",2012,"CM","4.1","4235a",0,"Y",NA,NA,0
"4180",2013,"CM","4.1","4235a",0,"Y",NA,NA,0
"4181",2014,"CM","4.1","4235a",0,"Y",NA,NA,0
"4182",2015,"CM","4.1","4235a",0,"Y",NA,NA,0
"4183",2016,"CM","4.1","4235a",0,"Y",NA,NA,0
"4184",2017,"CM","4.1","4235a",0,"Y",NA,NA,0
"4185",2018,"CM","4.1","4235a",0,"Y",NA,NA,0
"4186",2019,"CM","4.1","4235a",0,"Y",NA,NA,0
"4187",2020,"CM","4.1","4235a",0,"Y",NA,NA,0
"4188",2021,"CM","4.1","4235a",0,"Y",NA,NA,0
"4189",2022,"CM","4.1","4235a",0,"Y",NA,NA,0
"4190",2023,"CM","4.1","4235a",0,"Y",NA,NA,0
"4191",1997,"CM","4.1","4236a",NA,"Y",NA,NA,0
"4192",1998,"CM","4.1","4236a",NA,"Y",NA,NA,0
"4193",1999,"CM","4.1","4236a",0,"Y",NA,NA,0
"4194",2000,"CM","4.1","4236a",0,"Y",NA,NA,0
"4195",2001,"CM","4.1","4236a",0,"Y",NA,NA,0
"4196",2002,"CM","4.1","4236a",0,"Y",NA,NA,0
"4197",2003,"CM","4.1","4236a",0,"Y",NA,NA,0
"4198",2004,"CM","4.1","4236a",0,"Y",NA,NA,0
"4199",2005,"CM","4.1","4236a",0,"Y",NA,NA,0
"4200",2006,"CM","4.1","4236a",0,"Y",NA,NA,0
"4201",2007,"CM","4.1","4236a",0,"Y",NA,NA,0
"4202",2008,"CM","4.1","4236a",0,"Y",NA,NA,0
"4203",2009,"CM","4.1","4236a",0,"Y",NA,NA,0
"4204",2010,"CM","4.1","4236a",0,"Y",NA,NA,0
"4205",2011,"CM","4.1","4236a",0,"Y",NA,NA,0
"4206",2012,"CM","4.1","4236a",0,"Y",NA,NA,0
"4207",2013,"CM","4.1","4236a",0,"Y",NA,NA,0
"4208",2014,"CM","4.1","4236a",0,"Y",NA,NA,0
"4209",2015,"CM","4.1","4236a",0,"Y",NA,NA,0
"4210",2016,"CM","4.1","4236a",0,"Y",NA,NA,0
"4211",2017,"CM","4.1","4236a",0,"Y",NA,NA,0
"4212",2018,"CM","4.1","4236a",0,"Y",NA,NA,0
"4213",2019,"CM","4.1","4236a",0,"Y",NA,NA,0
"4214",2020,"CM","4.1","4236a",0,"Y",NA,NA,0
"4215",2021,"CM","4.1","4236a",0,"Y",NA,NA,0
"4216",2022,"CM","4.1","4236a",0,"Y",NA,NA,0
"4217",2023,"CM","4.1","4236a",0,"Y",NA,NA,0
"4218",1997,"CM","4.1","4238e",NA,"Y",NA,NA,0
"4219",1998,"CM","4.1","4238e",NA,"Y",NA,NA,0
"4220",1999,"CM","4.1","4238e",0,"Y",NA,NA,0
"4221",2000,"CM","4.1","4238e",0,"Y",NA,NA,0
"4222",2001,"CM","4.1","4238e",0,"Y",NA,NA,0
"4223",2002,"CM","4.1","4238e",0,"Y",NA,NA,0
"4224",2003,"CM","4.1","4238e",0,"Y",NA,NA,0
"4225",2004,"CM","4.1","4238e",0,"Y",NA,NA,0
"4226",2005,"CM","4.1","4238e",0,"Y",NA,NA,0
"4227",2006,"CM","4.1","4238e",0,"Y",NA,NA,0
"4228",2007,"CM","4.1","4238e",0,"Y",NA,NA,0
"4229",2008,"CM","4.1","4238e",0,"Y",NA,NA,0
"4230",2009,"CM","4.1","4238e",0,"Y",NA,NA,0
"4231",2010,"CM","4.1","4238e",0,"Y",NA,NA,0
"4232",2011,"CM","4.1","4238e",0,"Y",NA,NA,0
"4233",2012,"CM","4.1","4238e",0,"Y",NA,NA,0
"4234",2013,"CM","4.1","4238e",0,"Y",NA,NA,0
"4235",2014,"CM","4.1","4238e",0,"Y",NA,NA,0
"4236",2015,"CM","4.1","4238e",0,"Y",NA,NA,0
"4237",2016,"CM","4.1","4238e",0,"Y",NA,NA,0
"4238",2017,"CM","4.1","4238e",0,"Y",NA,NA,0
"4239",2018,"CM","4.1","4238e",0,"Y",NA,NA,0
"4240",2019,"CM","4.1","4238e",NA,"Y",NA,NA,0
"4241",2020,"CM","4.1","4238e",NA,"Y",NA,NA,0
"4242",2021,"CM","4.1","4238e",0,"Y",NA,NA,0
"4243",2022,"CM","4.1","4238e",NA,"Y",NA,NA,0
"4244",2023,"CM","4.1","4238e",0,"Y",NA,NA,0
"4245",1997,"CM","4.1","4239b",NA,"Y",2.4,1,1
"4246",1998,"CM","4.1","4239b",NA,"Y",2.4,1,1
"4247",1999,"CM","4.1","4239b",0,"Y",2.4,1,1
"4248",2000,"CM","4.1","4239b",0,"Y",2.4,1,1
"4249",2001,"CM","4.1","4239b",0,"Y",2.4,1,1
"4250",2002,"CM","4.1","4239b",0,"Y",2.4,1,1
"4251",2003,"CM","4.1","4239b",0,"Y",2.4,1,1
"4252",2004,"CM","4.1","4239b",13,"Y",2.4,1,1
"4253",2005,"CM","4.1","4239b",21,"Y",2.4,1,1
"4254",2006,"CM","4.1","4239b",6,"Y",2.4,1,1
"4255",2007,"CM","4.1","4239b",0,"Y",2.4,1,1
"4256",2008,"CM","4.1","4239b",58,"Y",2.4,1,1
"4257",2009,"CM","4.1","4239b",0,"Y",2.4,1,1
"4258",2010,"CM","4.1","4239b",0,"Y",2.4,1,1
"4259",2011,"CM","4.1","4239b",8,"Y",2.4,1,1
"4260",2012,"CM","4.1","4239b",0,"Y",2.4,1,1
"4261",2013,"CM","4.1","4239b",0,"Y",2.4,1,1
"4262",2014,"CM","4.1","4239b",0,"Y",2.4,1,1
"4263",2015,"CM","4.1","4239b",0,"Y",2.4,1,1
"4264",2016,"CM","4.1","4239b",13,"Y",2.4,1,1
"4265",2017,"CM","4.1","4239b",0,"Y",2.4,1,1
"4266",2018,"CM","4.1","4239b",0,"Y",2.4,1,1
"4267",2019,"CM","4.1","4239b",0,"Y",2.4,1,1
"4268",2020,"CM","4.1","4239b",25,"Y",2.4,1,1
"4269",2021,"CM","4.1","4239b",0,"Y",2.4,1,1
"4270",2022,"CM","4.1","4239b",0,"Y",2.4,1,1
"4271",2023,"CM","4.1","4239b",0,"Y",2.4,1,1
"4272",1997,"CM","4.1","4245b",NA,"Y",NA,NA,0
"4273",1998,"CM","4.1","4245b",NA,"Y",NA,NA,0
"4274",1999,"CM","4.1","4245b",0,"Y",NA,NA,0
"4275",2000,"CM","4.1","4245b",0,"Y",NA,NA,0
"4276",2001,"CM","4.1","4245b",0,"Y",NA,NA,0
"4277",2002,"CM","4.1","4245b",0,"Y",NA,NA,0
"4278",2003,"CM","4.1","4245b",0,"Y",NA,NA,0
"4279",2004,"CM","4.1","4245b",7,"Y",NA,NA,0
"4280",2005,"CM","4.1","4245b",13,"Y",NA,NA,0
"4281",2006,"CM","4.1","4245b",0,"Y",NA,NA,0
"4282",2007,"CM","4.1","4245b",0,"Y",NA,NA,0
"4283",2008,"CM","4.1","4245b",19,"Y",NA,NA,0
"4284",2009,"CM","4.1","4245b",0,"Y",NA,NA,0
"4285",2010,"CM","4.1","4245b",0,"Y",NA,NA,0
"4286",2011,"CM","4.1","4245b",0,"Y",NA,NA,0
"4287",2012,"CM","4.1","4245b",0,"Y",NA,NA,0
"4288",2013,"CM","4.1","4245b",0,"Y",NA,NA,0
"4289",2014,"CM","4.1","4245b",0,"Y",NA,NA,0
"4290",2015,"CM","4.1","4245b",0,"Y",NA,NA,0
"4291",2016,"CM","4.1","4245b",6,"Y",NA,NA,0
"4292",2017,"CM","4.1","4245b",0,"Y",NA,NA,0
"4293",2018,"CM","4.1","4245b",3,"Y",NA,NA,0
"4294",2019,"CM","4.1","4245b",0,"Y",NA,NA,0
"4295",2020,"CM","4.1","4245b",29,"Y",NA,NA,0
"4296",2021,"CM","4.1","4245b",0,"Y",NA,NA,0
"4297",2022,"CM","4.1","4245b",0,"Y",NA,NA,0
"4298",2023,"CM","4.1","4245b",0,"Y",NA,NA,0
"4299",1997,"CM","4.2","4248*",NA,"O",NA,NA,0
"4300",1998,"CM","4.2","4248*",NA,"O",NA,NA,0
"4301",1999,"CM","4.2","4248*",230,"O",NA,NA,0
"4302",2000,"CM","4.2","4248*",0,"O",NA,NA,0
"4303",2001,"CM","4.2","4248*",0,"O",NA,NA,0
"4304",2002,"CM","4.2","4248*",0,"O",NA,NA,0
"4305",2003,"CM","4.2","4248*",0,"O",NA,NA,0
"4306",2004,"CM","4.2","4248*",0,"O",NA,NA,0
"4307",2005,"CM","4.2","4248*",15,"O",NA,NA,0
"4308",2006,"CM","4.2","4248*",0,"O",NA,NA,0
"4309",2007,"CM","4.2","4248*",0,"O",NA,NA,0
"4310",2008,"CM","4.2","4248*",16,"O",NA,NA,0
"4311",2009,"CM","4.2","4248*",0,"O",NA,NA,0
"4312",2010,"CM","4.2","4248*",0,"O",NA,NA,0
"4313",2011,"CM","4.2","4248*",2,"O",NA,NA,0
"4314",2012,"CM","4.2","4248*",0,"O",NA,NA,0
"4315",2013,"CM","4.2","4248*",0,"O",NA,NA,0
"4316",2014,"CM","4.2","4248*",0,"O",NA,NA,0
"4317",2015,"CM","4.2","4248*",0,"O",NA,NA,0
"4318",2016,"CM","4.2","4248*",NA,"O",NA,NA,0
"4319",2017,"CM","4.2","4248*",NA,"O",NA,NA,0
"4320",2018,"CM","4.2","4248*",NA,"O",NA,NA,0
"4321",2019,"CM","4.2","4248*",NA,"O",NA,NA,0
"4322",2020,"CM","4.2","4248*",NA,"O",NA,NA,0
"4323",2021,"CM","4.2","4248*",NA,"O",NA,NA,0
"4324",2022,"CM","4.2","4248*",NA,"O",NA,NA,0
"4325",2023,"CM","4.2","4248*",NA,"O",NA,NA,0
"4326",1997,"CM","4.2","4250*",NA,"O",NA,NA,0
"4327",1998,"CM","4.2","4250*",NA,"O",NA,NA,0
"4328",1999,"CM","4.2","4250*",240,"O",NA,NA,0
"4329",2000,"CM","4.2","4250*",0,"O",NA,NA,0
"4330",2001,"CM","4.2","4250*",0,"O",NA,NA,0
"4331",2002,"CM","4.2","4250*",7,"O",NA,NA,0
"4332",2003,"CM","4.2","4250*",0,"O",NA,NA,0
"4333",2004,"CM","4.2","4250*",105,"O",NA,NA,0
"4334",2005,"CM","4.2","4250*",32,"O",NA,NA,0
"4335",2006,"CM","4.2","4250*",0,"O",NA,NA,0
"4336",2007,"CM","4.2","4250*",0,"O",NA,NA,0
"4337",2008,"CM","4.2","4250*",350,"O",NA,NA,0
"4338",2009,"CM","4.2","4250*",0,"O",NA,NA,0
"4339",2010,"CM","4.2","4250*",2,"O",NA,NA,0
"4340",2011,"CM","4.2","4250*",2,"O",NA,NA,0
"4341",2012,"CM","4.2","4250*",0,"O",NA,NA,0
"4342",2013,"CM","4.2","4250*",0,"O",NA,NA,0
"4343",2014,"CM","4.2","4250*",0,"O",NA,NA,0
"4344",2015,"CM","4.2","4250*",0,"O",NA,NA,0
"4345",2016,"CM","4.2","4250*",NA,"O",NA,NA,0
"4346",2017,"CM","4.2","4250*",NA,"O",NA,NA,0
"4347",2018,"CM","4.2","4250*",NA,"O",NA,NA,0
"4348",2019,"CM","4.2","4250*",NA,"O",NA,NA,0
"4349",2020,"CM","4.2","4250*",NA,"O",NA,NA,0
"4350",2021,"CM","4.2","4250*",NA,"O",NA,NA,0
"4351",2022,"CM","4.2","4250*",NA,"O",NA,NA,0
"4352",2023,"CM","4.2","4250*",NA,"O",NA,NA,0
"4353",1997,"CM","4.2","4254*",NA,"Y",NA,NA,0
"4354",1998,"CM","4.2","4254*",NA,"Y",NA,NA,0
"4355",1999,"CM","4.2","4254*",14,"Y",NA,NA,0
"4356",2000,"CM","4.2","4254*",0,"Y",NA,NA,0
"4357",2001,"CM","4.2","4254*",0,"Y",NA,NA,0
"4358",2002,"CM","4.2","4254*",0,"Y",NA,NA,0
"4359",2003,"CM","4.2","4254*",0,"Y",NA,NA,0
"4360",2004,"CM","4.2","4254*",2,"Y",NA,NA,0
"4361",2005,"CM","4.2","4254*",10,"Y",NA,NA,0
"4362",2006,"CM","4.2","4254*",0,"Y",NA,NA,0
"4363",2007,"CM","4.2","4254*",0,"Y",NA,NA,0
"4364",2008,"CM","4.2","4254*",18,"Y",NA,NA,0
"4365",2009,"CM","4.2","4254*",0,"Y",NA,NA,0
"4366",2010,"CM","4.2","4254*",0,"Y",NA,NA,0
"4367",2011,"CM","4.2","4254*",0,"Y",NA,NA,0
"4368",2012,"CM","4.2","4254*",0,"Y",NA,NA,0
"4369",2013,"CM","4.2","4254*",0,"Y",NA,NA,0
"4370",2014,"CM","4.2","4254*",0,"Y",NA,NA,0
"4371",2015,"CM","4.2","4254*",0,"Y",NA,NA,0
"4372",2016,"CM","4.2","4254*",NA,"Y",NA,NA,0
"4373",2017,"CM","4.2","4254*",NA,"Y",NA,NA,0
"4374",2018,"CM","4.2","4254*",NA,"Y",NA,NA,0
"4375",2019,"CM","4.2","4254*",NA,"Y",NA,NA,0
"4376",2020,"CM","4.2","4254*",NA,"Y",NA,NA,0
"4377",2021,"CM","4.2","4254*",NA,"Y",NA,NA,0
"4378",2022,"CM","4.2","4254*",NA,"Y",NA,NA,0
"4379",2023,"CM","4.2","4254*",NA,"Y",NA,NA,0
"4380",1997,"CM","4.2","4254b",NA,"Y",NA,NA,0
"4381",1998,"CM","4.2","4254b",NA,"Y",NA,NA,0
"4382",1999,"CM","4.2","4254b",0,"Y",NA,NA,0
"4383",2000,"CM","4.2","4254b",0,"Y",NA,NA,0
"4384",2001,"CM","4.2","4254b",0,"Y",NA,NA,0
"4385",2002,"CM","4.2","4254b",0,"Y",NA,NA,0
"4386",2003,"CM","4.2","4254b",0,"Y",NA,NA,0
"4387",2004,"CM","4.2","4254b",0,"Y",NA,NA,0
"4388",2005,"CM","4.2","4254b",0,"Y",NA,NA,0
"4389",2006,"CM","4.2","4254b",0,"Y",NA,NA,0
"4390",2007,"CM","4.2","4254b",0,"Y",NA,NA,0
"4391",2008,"CM","4.2","4254b",20,"Y",NA,NA,0
"4392",2009,"CM","4.2","4254b",0,"Y",NA,NA,0
"4393",2010,"CM","4.2","4254b",0,"Y",NA,NA,0
"4394",2011,"CM","4.2","4254b",0,"Y",NA,NA,0
"4395",2012,"CM","4.2","4254b",0,"Y",NA,NA,0
"4396",2013,"CM","4.2","4254b",0,"Y",NA,NA,0
"4397",2014,"CM","4.2","4254b",0,"Y",NA,NA,0
"4398",2015,"CM","4.2","4254b",0,"Y",NA,NA,0
"4399",2016,"CM","4.2","4254b",0,"Y",NA,NA,0
"4400",2017,"CM","4.2","4254b",0,"Y",NA,NA,0
"4401",2018,"CM","4.2","4254b",0,"Y",NA,NA,0
"4402",2019,"CM","4.2","4254b",0,"Y",NA,NA,0
"4403",2020,"CM","4.2","4254b",NA,"Y",NA,NA,0
"4404",2021,"CM","4.2","4254b",NA,"Y",NA,NA,0
"4405",2022,"CM","4.2","4254b",NA,"Y",NA,NA,0
"4406",2023,"CM","4.2","4254b",NA,"Y",NA,NA,0
"4407",1997,"CM","4.2","4254c*",NA,"Y",NA,NA,0
"4408",1998,"CM","4.2","4254c*",NA,"Y",NA,NA,0
"4409",1999,"CM","4.2","4254c*",0,"Y",NA,NA,0
"4410",2000,"CM","4.2","4254c*",0,"Y",NA,NA,0
"4411",2001,"CM","4.2","4254c*",0,"Y",NA,NA,0
"4412",2002,"CM","4.2","4254c*",0,"Y",NA,NA,0
"4413",2003,"CM","4.2","4254c*",0,"Y",NA,NA,0
"4414",2004,"CM","4.2","4254c*",4,"Y",NA,NA,0
"4415",2005,"CM","4.2","4254c*",2,"Y",NA,NA,0
"4416",2006,"CM","4.2","4254c*",2,"Y",NA,NA,0
"4417",2007,"CM","4.2","4254c*",0,"Y",NA,NA,0
"4418",2008,"CM","4.2","4254c*",1,"Y",NA,NA,0
"4419",2009,"CM","4.2","4254c*",0,"Y",NA,NA,0
"4420",2010,"CM","4.2","4254c*",0,"Y",NA,NA,0
"4421",2011,"CM","4.2","4254c*",0,"Y",NA,NA,0
"4422",2012,"CM","4.2","4254c*",0,"Y",NA,NA,0
"4423",2013,"CM","4.2","4254c*",0,"Y",NA,NA,0
"4424",2014,"CM","4.2","4254c*",0,"Y",NA,NA,0
"4425",2015,"CM","4.2","4254c*",0,"Y",NA,NA,0
"4426",2016,"CM","4.2","4254c*",0,"Y",NA,NA,0
"4427",2017,"CM","4.2","4254c*",0,"Y",NA,NA,0
"4428",2018,"CM","4.2","4254c*",0,"Y",NA,NA,0
"4429",2019,"CM","4.2","4254c*",0,"Y",NA,NA,0
"4430",2020,"CM","4.2","4254c*",NA,"Y",NA,NA,0
"4431",2021,"CM","4.2","4254c*",0,"Y",NA,NA,0
"4432",2022,"CM","4.2","4254c*",0,"Y",NA,NA,0
"4433",2023,"CM","4.2","4254c*",0,"Y",NA,NA,0
"4434",1997,"CM","4.2","4262a",NA,"Y",NA,NA,0
"4435",1998,"CM","4.2","4262a",NA,"Y",NA,NA,0
"4436",1999,"CM","4.2","4262a",1,"Y",NA,NA,0
"4437",2000,"CM","4.2","4262a",0,"Y",NA,NA,0
"4438",2001,"CM","4.2","4262a",0,"Y",NA,NA,0
"4439",2002,"CM","4.2","4262a",0,"Y",NA,NA,0
"4440",2003,"CM","4.2","4262a",0,"Y",NA,NA,0
"4441",2004,"CM","4.2","4262a",86,"Y",NA,NA,0
"4442",2005,"CM","4.2","4262a",14,"Y",NA,NA,0
"4443",2006,"CM","4.2","4262a",0,"Y",NA,NA,0
"4444",2007,"CM","4.2","4262a",0,"Y",NA,NA,0
"4445",2008,"CM","4.2","4262a",28,"Y",NA,NA,0
"4446",2009,"CM","4.2","4262a",0,"Y",NA,NA,0
"4447",2010,"CM","4.2","4262a",0,"Y",NA,NA,0
"4448",2011,"CM","4.2","4262a",0,"Y",NA,NA,0
"4449",2012,"CM","4.2","4262a",0,"Y",NA,NA,0
"4450",2013,"CM","4.2","4262a",0,"Y",NA,NA,0
"4451",2014,"CM","4.2","4262a",0,"Y",NA,NA,0
"4452",2015,"CM","4.2","4262a",0,"Y",NA,NA,0
"4453",2016,"CM","4.2","4262a",1,"Y",NA,NA,0
"4454",2017,"CM","4.2","4262a",0,"Y",NA,NA,0
"4455",2018,"CM","4.2","4262a",2,"Y",NA,NA,0
"4456",2019,"CM","4.2","4262a",0,"Y",NA,NA,0
"4457",2020,"CM","4.2","4262a",0,"Y",NA,NA,0
"4458",2021,"CM","4.2","4262a",0,"Y",NA,NA,0
"4459",2022,"CM","4.2","4262a",0,"Y",NA,NA,0
"4460",2023,"CM","4.2","4262a",0,"Y",NA,NA,0
"4461",1997,"CM","4.2","4264a",NA,"Y",2.8,1,1
"4462",1998,"CM","4.2","4264a",NA,"Y",2.8,1,1
"4463",1999,"CM","4.2","4264a",72,"Y",2.8,1,1
"4464",2000,"CM","4.2","4264a",0,"Y",2.8,1,1
"4465",2001,"CM","4.2","4264a",0,"Y",2.8,1,1
"4466",2002,"CM","4.2","4264a",0,"Y",2.8,1,1
"4467",2003,"CM","4.2","4264a",0,"Y",2.8,1,1
"4468",2004,"CM","4.2","4264a",57,"Y",2.8,1,1
"4469",2005,"CM","4.2","4264a",23,"Y",2.8,1,1
"4470",2006,"CM","4.2","4264a",2,"Y",2.8,1,1
"4471",2007,"CM","4.2","4264a",0,"Y",2.8,1,1
"4472",2008,"CM","4.2","4264a",92,"Y",2.8,1,1
"4473",2009,"CM","4.2","4264a",0,"Y",2.8,1,1
"4474",2010,"CM","4.2","4264a",0,"Y",2.8,1,1
"4475",2011,"CM","4.2","4264a",0,"Y",2.8,1,1
"4476",2012,"CM","4.2","4264a",0,"Y",2.8,1,1
"4477",2013,"CM","4.2","4264a",0,"Y",2.8,1,1
"4478",2014,"CM","4.2","4264a",0,"Y",2.8,1,1
"4479",2015,"CM","4.2","4264a",0,"Y",2.8,1,1
"4480",2016,"CM","4.2","4264a",4,"Y",2.8,1,1
"4481",2017,"CM","4.2","4264a",0,"Y",2.8,1,1
"4482",2018,"CM","4.2","4264a",5,"Y",2.8,1,1
"4483",2019,"CM","4.2","4264a",0,"Y",2.8,1,1
"4484",2020,"CM","4.2","4264a",3,"Y",2.8,1,1
"4485",2021,"CM","4.2","4264a",0,"Y",2.8,1,1
"4486",2022,"CM","4.2","4264a",0,"Y",2.8,1,1
"4487",2023,"CM","4.2","4264a",1,"Y",2.8,1,1
"4488",1997,"CM","4.2","4265*",NA,"VO",NA,NA,0
"4489",1998,"CM","4.2","4265*",NA,"VO",NA,NA,0
"4490",1999,"CM","4.2","4265*",390,"VO",NA,NA,0
"4491",2000,"CM","4.2","4265*",0,"VO",NA,NA,0
"4492",2001,"CM","4.2","4265*",0,"VO",NA,NA,0
"4493",2002,"CM","4.2","4265*",0,"VO",NA,NA,0
"4494",2003,"CM","4.2","4265*",0,"VO",NA,NA,0
"4495",2004,"CM","4.2","4265*",176,"VO",NA,NA,0
"4496",2005,"CM","4.2","4265*",124,"VO",NA,NA,0
"4497",2006,"CM","4.2","4265*",0,"VO",NA,NA,0
"4498",2007,"CM","4.2","4265*",0,"VO",NA,NA,0
"4499",2008,"CM","4.2","4265*",NA,"VO",NA,NA,0
"4500",2009,"CM","4.2","4265*",NA,"VO",NA,NA,0
"4501",2010,"CM","4.2","4265*",0,"VO",NA,NA,0
"4502",2011,"CM","4.2","4265*",NA,"O",NA,NA,0
"4503",2012,"CM","4.2","4265*",NA,"VO",NA,NA,0
"4504",2013,"CM","4.2","4265*",NA,"VO",NA,NA,0
"4505",2014,"CM","4.2","4265*",NA,"VO",NA,NA,0
"4506",2015,"CM","4.2","4265*",NA,"VO",NA,NA,0
"4507",2016,"CM","4.2","4265*",NA,"VO",NA,NA,0
"4508",2017,"CM","4.2","4265*",NA,"VO",NA,NA,0
"4509",2018,"CM","4.2","4265*",NA,"VO",NA,NA,0
"4510",2019,"CM","4.2","4265*",NA,"VO",NA,NA,0
"4511",2020,"CM","4.2","4265*",NA,"VO",NA,NA,0
"4512",2021,"CM","4.2","4265*",NA,"VO",NA,NA,0
"4513",2022,"CM","4.2","4265*",NA,"VO",NA,NA,0
"4514",2023,"CM","4.2","4265*",NA,"VO",NA,NA,0
"4515",1997,"CM","4.3","4280a",NA,"M",NA,NA,0
"4516",1998,"CM","4.3","4280a",NA,"M",NA,NA,0
"4517",1999,"CM","4.3","4280a",33,"M",NA,NA,0
"4518",2000,"CM","4.3","4280a",0,"M",NA,NA,0
"4519",2001,"CM","4.3","4280a",0,"M",NA,NA,0
"4520",2002,"CM","4.3","4280a",0,"M",NA,NA,0
"4521",2003,"CM","4.3","4280a",0,"M",NA,NA,0
"4522",2004,"CM","4.3","4280a",32,"M",NA,NA,0
"4523",2005,"CM","4.3","4280a",7,"M",NA,NA,0
"4524",2006,"CM","4.3","4280a",0,"M",NA,NA,0
"4525",2007,"CM","4.3","4280a",0,"M",NA,NA,0
"4526",2008,"CM","4.3","4280a",120,"M",NA,NA,0
"4527",2009,"CM","4.3","4280a",0,"M",NA,NA,0
"4528",2010,"CM","4.3","4280a",1,"M",NA,NA,0
"4529",2011,"CM","4.3","4280a",0,"M",NA,NA,0
"4530",2012,"CM","4.3","4280a",0,"M",NA,NA,0
"4531",2013,"CM","4.3","4280a",0,"M",NA,NA,0
"4532",2014,"CM","4.3","4280a",0,"M",NA,NA,0
"4533",2015,"CM","4.3","4280a",0,"M",NA,NA,0
"4534",2016,"CM","4.3","4280a",3,"M",NA,NA,0
"4535",2017,"CM","4.3","4280a",0,"M",NA,NA,0
"4536",2018,"CM","4.3","4280a",12,"M",NA,NA,0
"4537",2019,"CM","4.3","4280a",0,"M",NA,NA,0
"4538",2020,"CM","4.3","4280a",75,"M",NA,NA,0
"4539",2021,"CM","4.3","4280a",0,"M",NA,NA,0
"4540",2022,"CM","4.3","4280a",0,"M",NA,NA,0
"4541",2023,"CM","4.3","4280a",0,"M",NA,NA,0
"4542",1997,"CM","4.3","4280b",NA,"Y",NA,NA,0
"4543",1998,"CM","4.3","4280b",NA,"Y",NA,NA,0
"4544",1999,"CM","4.3","4280b",0,"Y",NA,NA,0
"4545",2000,"CM","4.3","4280b",0,"Y",NA,NA,0
"4546",2001,"CM","4.3","4280b",0,"Y",NA,NA,0
"4547",2002,"CM","4.3","4280b",0,"Y",NA,NA,0
"4548",2003,"CM","4.3","4280b",0,"Y",NA,NA,0
"4549",2004,"CM","4.3","4280b",0,"Y",NA,NA,0
"4550",2005,"CM","4.3","4280b",0,"Y",NA,NA,0
"4551",2006,"CM","4.3","4280b",0,"Y",NA,NA,0
"4552",2007,"CM","4.3","4280b",0,"Y",NA,NA,0
"4553",2008,"CM","4.3","4280b",7,"Y",NA,NA,0
"4554",2009,"CM","4.3","4280b",0,"Y",NA,NA,0
"4555",2010,"CM","4.3","4280b",0,"Y",NA,NA,0
"4556",2011,"CM","4.3","4280b",0,"Y",NA,NA,0
"4557",2012,"CM","4.3","4280b",0,"Y",NA,NA,0
"4558",2013,"CM","4.3","4280b",0,"Y",NA,NA,0
"4559",2014,"CM","4.3","4280b",0,"Y",NA,NA,0
"4560",2015,"CM","4.3","4280b",0,"Y",NA,NA,0
"4561",2016,"CM","4.3","4280b",0,"Y",NA,NA,0
"4562",2017,"CM","4.3","4280b",0,"Y",NA,NA,0
"4563",2018,"CM","4.3","4280b",0,"Y",NA,NA,0
"4564",2019,"CM","4.3","4280b",0,"Y",NA,NA,0
"4565",2020,"CM","4.3","4280b",8,"Y",NA,NA,0
"4566",2021,"CM","4.3","4280b",0,"Y",NA,NA,0
"4567",2022,"CM","4.3","4280b",0,"Y",NA,NA,0
"4568",2023,"CM","4.3","4280b",0,"Y",NA,NA,0
"4569",1997,"CM","4.3","4284a*",NA,"Y",NA,NA,0
"4570",1998,"CM","4.3","4284a*",NA,"Y",NA,NA,0
"4571",1999,"CM","4.3","4284a*",0,"Y",NA,NA,0
"4572",2000,"CM","4.3","4284a*",0,"Y",NA,NA,0
"4573",2001,"CM","4.3","4284a*",0,"Y",NA,NA,0
"4574",2002,"CM","4.3","4284a*",0,"Y",NA,NA,0
"4575",2003,"CM","4.3","4284a*",0,"Y",NA,NA,0
"4576",2004,"CM","4.3","4284a*",15,"Y",NA,NA,0
"4577",2005,"CM","4.3","4284a*",31,"Y",NA,NA,0
"4578",2006,"CM","4.3","4284a*",0,"Y",NA,NA,0
"4579",2007,"CM","4.3","4284a*",0,"Y",NA,NA,0
"4580",2008,"CM","4.3","4284a*",6,"Y",NA,NA,0
"4581",2009,"CM","4.3","4284a*",0,"Y",NA,NA,0
"4582",2010,"CM","4.3","4284a*",0,"Y",NA,NA,0
"4583",2011,"CM","4.3","4284a*",0,"Y",NA,NA,0
"4584",2012,"CM","4.3","4284a*",0,"Y",NA,NA,0
"4585",2013,"CM","4.3","4284a*",0,"Y",NA,NA,0
"4586",2014,"CM","4.3","4284a*",0,"Y",NA,NA,0
"4587",2015,"CM","4.3","4284a*",0,"Y",NA,NA,0
"4588",2016,"CM","4.3","4284a*",0,"Y",NA,NA,0
"4589",2017,"CM","4.3","4284a*",0,"Y",NA,NA,0
"4590",2018,"CM","4.3","4284a*",0,"Y",NA,NA,0
"4591",2019,"CM","4.3","4284a*",0,"Y",NA,NA,0
"4592",2020,"CM","4.3","4284a*",5,"Y",NA,NA,0
"4593",2021,"CM","4.3","4284a*",0,"Y",NA,NA,0
"4594",2022,"CM","4.3","4284a*",0,"Y",NA,NA,0
"4595",2023,"CM","4.3","4284a*",0,"Y",NA,NA,0
"4596",1997,"CM","4.3","4285a*",NA,"Y",NA,NA,0
"4597",1998,"CM","4.3","4285a*",NA,"Y",NA,NA,0
"4598",1999,"CM","4.3","4285a*",2,"Y",NA,NA,0
"4599",2000,"CM","4.3","4285a*",0,"Y",NA,NA,0
"4600",2001,"CM","4.3","4285a*",0,"Y",NA,NA,0
"4601",2002,"CM","4.3","4285a*",0,"Y",NA,NA,0
"4602",2003,"CM","4.3","4285a*",0,"Y",NA,NA,0
"4603",2004,"CM","4.3","4285a*",11,"Y",NA,NA,0
"4604",2005,"CM","4.3","4285a*",14,"Y",NA,NA,0
"4605",2006,"CM","4.3","4285a*",0,"Y",NA,NA,0
"4606",2007,"CM","4.3","4285a*",0,"Y",NA,NA,0
"4607",2008,"CM","4.3","4285a*",0,"Y",NA,NA,0
"4608",2009,"CM","4.3","4285a*",0,"Y",NA,NA,0
"4609",2010,"CM","4.3","4285a*",0,"Y",NA,NA,0
"4610",2011,"CM","4.3","4285a*",2,"Y",NA,NA,0
"4611",2012,"CM","4.3","4285a*",0,"Y",NA,NA,0
"4612",2013,"CM","4.3","4285a*",0,"Y",NA,NA,0
"4613",2014,"CM","4.3","4285a*",0,"Y",NA,NA,0
"4614",2015,"CM","4.3","4285a*",0,"Y",NA,NA,0
"4615",2016,"CM","4.3","4285a*",1,"Y",NA,NA,0
"4616",2017,"CM","4.3","4285a*",0,"Y",NA,NA,0
"4617",2018,"CM","4.3","4285a*",0,"Y",NA,NA,0
"4618",2019,"CM","4.3","4285a*",0,"Y",NA,NA,0
"4619",2020,"CM","4.3","4285a*",1,"Y",NA,NA,0
"4620",2021,"CM","4.3","4285a*",0,"Y",NA,NA,0
"4621",2022,"CM","4.3","4285a*",0,"Y",NA,NA,0
"4622",2023,"CM","4.3","4285a*",0,"Y",NA,NA,0
"4623",1997,"CM","4.3","4285s*",NA,"M",NA,NA,0
"4624",1998,"CM","4.3","4285s*",NA,"M",NA,NA,0
"4625",1999,"CM","4.3","4285s*",0,"M",NA,NA,0
"4626",2000,"CM","4.3","4285s*",0,"M",NA,NA,0
"4627",2001,"CM","4.3","4285s*",0,"M",NA,NA,0
"4628",2002,"CM","4.3","4285s*",0,"M",NA,NA,0
"4629",2003,"CM","4.3","4285s*",0,"M",NA,NA,0
"4630",2004,"CM","4.3","4285s*",2,"M",NA,NA,0
"4631",2005,"CM","4.3","4285s*",73,"M",NA,NA,0
"4632",2006,"CM","4.3","4285s*",7,"M",NA,NA,0
"4633",2007,"CM","4.3","4285s*",0,"M",NA,NA,0
"4634",2008,"CM","4.3","4285s*",65,"M",NA,NA,0
"4635",2009,"CM","4.3","4285s*",0,"M",NA,NA,0
"4636",2010,"CM","4.3","4285s*",0,"M",NA,NA,0
"4637",2011,"CM","4.3","4285s*",6,"M",NA,NA,0
"4638",2012,"CM","4.3","4285s*",0,"M",NA,NA,0
"4639",2013,"CM","4.3","4285s*",0,"M",NA,NA,0
"4640",2014,"CM","4.3","4285s*",0,"M",NA,NA,0
"4641",2015,"CM","4.3","4285s*",0,"M",NA,NA,0
"4642",2016,"CM","4.3","4285s*",13,"M",NA,NA,0
"4643",2017,"CM","4.3","4285s*",0,"M",NA,NA,0
"4644",2018,"CM","4.3","4285s*",8,"M",NA,NA,0
"4645",2019,"CM","4.3","4285s*",0,"M",NA,NA,0
"4646",2020,"CM","4.3","4285s*",12,"M",NA,NA,0
"4647",2021,"CM","4.3","4285s*",1,"M",NA,NA,0
"4648",2022,"CM","4.3","4285s*",0,"M",NA,NA,0
"4649",2023,"CM","4.3","4285s*",0,"M",NA,NA,0
"4650",1997,"CM","4.4","4289a",NA,"Y",NA,NA,0
"4651",1998,"CM","4.4","4289a",NA,"Y",NA,NA,0
"4652",1999,"CM","4.4","4289a",85,"Y",NA,NA,0
"4653",2000,"CM","4.4","4289a",0,"Y",NA,NA,0
"4654",2001,"CM","4.4","4289a",0,"Y",NA,NA,0
"4655",2002,"CM","4.4","4289a",0,"Y",NA,NA,0
"4656",2003,"CM","4.4","4289a",0,"Y",NA,NA,0
"4657",2004,"CM","4.4","4289a",55,"Y",NA,NA,0
"4658",2005,"CM","4.4","4289a",10,"Y",NA,NA,0
"4659",2006,"CM","4.4","4289a",0,"Y",NA,NA,0
"4660",2007,"CM","4.4","4289a",0,"Y",NA,NA,0
"4661",2008,"CM","4.4","4289a",95,"Y",NA,NA,0
"4662",2009,"CM","4.4","4289a",0,"Y",NA,NA,0
"4663",2010,"CM","4.4","4289a",0,"Y",NA,NA,0
"4664",2011,"CM","4.4","4289a",3,"Y",NA,NA,0
"4665",2012,"CM","4.4","4289a",0,"Y",NA,NA,0
"4666",2013,"CM","4.4","4289a",0,"Y",NA,NA,0
"4667",2014,"CM","4.4","4289a",0,"Y",NA,NA,0
"4668",2015,"CM","4.4","4289a",0,"Y",NA,NA,0
"4669",2016,"CM","4.4","4289a",NA,"Y",NA,NA,0
"4670",2017,"CM","4.4","4289a",NA,"Y",NA,NA,0
"4671",2018,"CM","4.4","4289a",NA,"Y",NA,NA,0
"4672",2019,"CM","4.4","4289a",NA,"Y",NA,NA,0
"4673",2020,"CM","4.4","4289a",NA,"Y",NA,NA,0
"4674",2021,"CM","4.4","4289a",NA,"Y",NA,NA,0
"4675",2022,"CM","4.4","4289a",NA,"Y",NA,NA,0
"4676",2023,"CM","4.4","4289a",NA,"Y",NA,NA,0
"4677",1997,"CM","4.4","4291b",NA,"Y",NA,NA,0
"4678",1998,"CM","4.4","4291b",NA,"Y",NA,NA,0
"4679",1999,"CM","4.4","4291b",82,"Y",NA,NA,0
"4680",2000,"CM","4.4","4291b",0,"Y",NA,NA,0
"4681",2001,"CM","4.4","4291b",0,"Y",NA,NA,0
"4682",2002,"CM","4.4","4291b",0,"Y",NA,NA,0
"4683",2003,"CM","4.4","4291b",0,"Y",NA,NA,0
"4684",2004,"CM","4.4","4291b",208,"Y",NA,NA,0
"4685",2005,"CM","4.4","4291b",20,"Y",NA,NA,0
"4686",2006,"CM","4.4","4291b",0,"Y",NA,NA,0
"4687",2007,"CM","4.4","4291b",0,"Y",NA,NA,0
"4688",2008,"CM","4.4","4291b",175,"Y",NA,NA,0
"4689",2009,"CM","4.4","4291b",0,"Y",NA,NA,0
"4690",2010,"CM","4.4","4291b",0,"Y",NA,NA,0
"4691",2011,"CM","4.4","4291b",0,"Y",NA,NA,0
"4692",2012,"CM","4.4","4291b",0,"Y",NA,NA,0
"4693",2013,"CM","4.4","4291b",0,"Y",NA,NA,0
"4694",2014,"CM","4.4","4291b",0,"Y",NA,NA,0
"4695",2015,"CM","4.4","4291b",0,"Y",NA,NA,0
"4696",2016,"CM","4.4","4291b",0,"Y",NA,NA,0
"4697",2017,"CM","4.4","4291b",0,"Y",NA,NA,0
"4698",2018,"CM","4.4","4291b",3,"Y",NA,NA,0
"4699",2019,"CM","4.4","4291b",0,"Y",NA,NA,0
"4700",2020,"CM","4.4","4291b",16,"Y",NA,NA,0
"4701",2021,"CM","4.4","4291b",0,"Y",NA,NA,0
"4702",2022,"CM","4.4","4291b",0,"Y",NA,NA,0
"4703",2023,"CM","4.4","4291b",3,"Y",NA,NA,0
"4704",1997,"CM","4.4","4294a",NA,"Y",NA,NA,0
"4705",1998,"CM","4.4","4294a",NA,"Y",NA,NA,0
"4706",1999,"CM","4.4","4294a",0,"Y",NA,NA,0
"4707",2000,"CM","4.4","4294a",0,"Y",NA,NA,0
"4708",2001,"CM","4.4","4294a",0,"Y",NA,NA,0
"4709",2002,"CM","4.4","4294a",0,"Y",NA,NA,0
"4710",2003,"CM","4.4","4294a",0,"Y",NA,NA,0
"4711",2004,"CM","4.4","4294a",0,"Y",NA,NA,0
"4712",2005,"CM","4.4","4294a",3,"Y",NA,NA,0
"4713",2006,"CM","4.4","4294a",0,"Y",NA,NA,0
"4714",2007,"CM","4.4","4294a",0,"Y",NA,NA,0
"4715",2008,"CM","4.4","4294a",7,"Y",NA,NA,0
"4716",2009,"CM","4.4","4294a",0,"Y",NA,NA,0
"4717",2010,"CM","4.4","4294a",0,"Y",NA,NA,0
"4718",2011,"CM","4.4","4294a",0,"Y",NA,NA,0
"4719",2012,"CM","4.4","4294a",0,"Y",NA,NA,0
"4720",2013,"CM","4.4","4294a",0,"Y",NA,NA,0
"4721",2014,"CM","4.4","4294a",0,"Y",NA,NA,0
"4722",2015,"CM","4.4","4294a",0,"Y",NA,NA,0
"4723",2016,"CM","4.4","4294a",0,"Y",NA,NA,0
"4724",2017,"CM","4.4","4294a",0,"Y",NA,NA,0
"4725",2018,"CM","4.4","4294a",0,"Y",NA,NA,0
"4726",2019,"CM","4.4","4294a",0,"Y",NA,NA,0
"4727",2020,"CM","4.4","4294a",1,"Y",NA,NA,0
"4728",2021,"CM","4.4","4294a",0,"Y",NA,NA,0
"4729",2022,"CM","4.4","4294a",0,"Y",NA,NA,0
"4730",2023,"CM","4.4","4294a",0,"Y",NA,NA,0
"4731",1997,"CM","4.4","4295a",NA,"M",NA,NA,0
"4732",1998,"CM","4.4","4295a",NA,"M",NA,NA,0
"4733",1999,"CM","4.4","4295a",17,"M",NA,NA,0
"4734",2000,"CM","4.4","4295a",0,"M",NA,NA,0
"4735",2001,"CM","4.4","4295a",0,"M",NA,NA,0
"4736",2002,"CM","4.4","4295a",0,"M",NA,NA,0
"4737",2003,"CM","4.4","4295a",0,"M",NA,NA,0
"4738",2004,"CM","4.4","4295a",32,"M",NA,NA,0
"4739",2005,"CM","4.4","4295a",9,"M",NA,NA,0
"4740",2006,"CM","4.4","4295a",NA,"M",NA,NA,0
"4741",2007,"CM","4.4","4295a",NA,"M",NA,NA,0
"4742",2008,"CM","4.4","4295a",NA,"M",NA,NA,0
"4743",2009,"CM","4.4","4295a",NA,"M",NA,NA,0
"4744",2010,"CM","4.4","4295a",NA,"M",NA,NA,0
"4745",2011,"CM","4.4","4295a",NA,"M",NA,NA,0
"4746",2012,"CM","4.4","4295a",NA,"M",NA,NA,0
"4747",2013,"CM","4.4","4295a",NA,"M",NA,NA,0
"4748",2014,"CM","4.4","4295a",NA,"M",NA,NA,0
"4749",2015,"CM","4.4","4295a",NA,"M",NA,NA,0
"4750",2016,"CM","4.4","4295a",NA,"M",NA,NA,0
"4751",2017,"CM","4.4","4295a",NA,"M",NA,NA,0
"4752",2018,"CM","4.4","4295a",NA,"M",NA,NA,0
"4753",2019,"CM","4.4","4295a",NA,"M",NA,NA,0
"4754",2020,"CM","4.4","4295a",NA,"M",NA,NA,0
"4755",2021,"CM","4.4","4295a",NA,"M",NA,NA,0
"4756",2022,"CM","4.4","4295a",NA,"M",NA,NA,0
"4757",2023,"CM","4.4","4295a",NA,"M",NA,NA,0
"4758",1997,"CM","4.4","4299a",NA,"M",NA,NA,0
"4759",1998,"CM","4.4","4299a",NA,"M",NA,NA,0
"4760",1999,"CM","4.4","4299a",0,"M",NA,NA,0
"4761",2000,"CM","4.4","4299a",0,"M",NA,NA,0
"4762",2001,"CM","4.4","4299a",0,"M",NA,NA,0
"4763",2002,"CM","4.4","4299a",0,"M",NA,NA,0
"4764",2003,"CM","4.4","4299a",0,"M",NA,NA,0
"4765",2004,"CM","4.4","4299a",120,"M",NA,NA,0
"4766",2005,"CM","4.4","4299a",39,"M",NA,NA,0
"4767",2006,"CM","4.4","4299a",0,"M",NA,NA,0
"4768",2007,"CM","4.4","4299a",0,"M",NA,NA,0
"4769",2008,"CM","4.4","4299a",65,"M",NA,NA,0
"4770",2009,"CM","4.4","4299a",0,"M",NA,NA,0
"4771",2010,"CM","4.4","4299a",1,"M",NA,NA,0
"4772",2011,"CM","4.4","4299a",3,"M",NA,NA,0
"4773",2012,"CM","4.4","4299a",0,"M",NA,NA,0
"4774",2013,"CM","4.4","4299a",0,"M",NA,NA,0
"4775",2014,"CM","4.4","4299a",0,"M",NA,NA,0
"4776",2015,"CM","4.4","4299a",0,"M",NA,NA,0
"4777",2016,"CM","4.4","4299a",110,"M",NA,NA,0
"4778",2017,"CM","4.4","4299a",0,"M",NA,NA,0
"4779",2018,"CM","4.4","4299a",25,"M",NA,NA,0
"4780",2019,"CM","4.4","4299a",0,"M",NA,NA,0
"4781",2020,"CM","4.4","4299a",11,"M",NA,NA,0
"4782",2021,"CM","4.4","4299a",3,"M",NA,NA,0
"4783",2022,"CM","4.4","4299a",0,"M",NA,NA,0
"4784",2023,"CM","4.4","4299a",6,"M",NA,NA,0
"4785",1997,"CM","4.4","4299c",NA,"M",NA,NA,0
"4786",1998,"CM","4.4","4299c",NA,"M",NA,NA,0
"4787",1999,"CM","4.4","4299c",2,"M",NA,NA,0
"4788",2000,"CM","4.4","4299c",0,"M",NA,NA,0
"4789",2001,"CM","4.4","4299c",0,"M",NA,NA,0
"4790",2002,"CM","4.4","4299c",0,"M",NA,NA,0
"4791",2003,"CM","4.4","4299c",0,"M",NA,NA,0
"4792",2004,"CM","4.4","4299c",46,"M",NA,NA,0
"4793",2005,"CM","4.4","4299c",77,"M",NA,NA,0
"4794",2006,"CM","4.4","4299c",0,"M",NA,NA,0
"4795",2007,"CM","4.4","4299c",0,"M",NA,NA,0
"4796",2008,"CM","4.4","4299c",3,"M",NA,NA,0
"4797",2009,"CM","4.4","4299c",0,"M",NA,NA,0
"4798",2010,"CM","4.4","4299c",0,"M",NA,NA,0
"4799",2011,"CM","4.4","4299c",0,"M",NA,NA,0
"4800",2012,"CM","4.4","4299c",0,"M",NA,NA,0
"4801",2013,"CM","4.4","4299c",0,"M",NA,NA,0
"4802",2014,"CM","4.4","4299c",0,"M",NA,NA,0
"4803",2015,"CM","4.4","4299c",0,"M",NA,NA,0
"4804",2016,"CM","4.4","4299c",6,"M",NA,NA,0
"4805",2017,"CM","4.4","4299c",0,"M",NA,NA,0
"4806",2018,"CM","4.4","4299c",21,"M",NA,NA,0
"4807",2019,"CM","4.4","4299c",0,"M",NA,NA,0
"4808",2020,"CM","4.4","4299c",9,"M",NA,NA,0
"4809",2021,"CM","4.4","4299c",0,"M",NA,NA,0
"4810",2022,"CM","4.4","4299c",0,"M",NA,NA,0
"4811",2023,"CM","4.4","4299c",5,"M",NA,NA,0
"4812",1997,"CM","3.1","4308b",NA,"Y",NA,NA,0
"4813",1998,"CM","3.1","4308b",NA,"Y",NA,NA,0
"4814",1999,"CM","3.1","4308b",0,"Y",NA,NA,0
"4815",2000,"CM","3.1","4308b",0,"Y",NA,NA,0
"4816",2001,"CM","3.1","4308b",0,"Y",NA,NA,0
"4817",2002,"CM","3.1","4308b",0,"Y",NA,NA,0
"4818",2003,"CM","3.1","4308b",0,"Y",NA,NA,0
"4819",2004,"CM","3.1","4308b",0,"Y",NA,NA,0
"4820",2005,"CM","3.1","4308b",0,"Y",NA,NA,0
"4821",2006,"CM","3.1","4308b",0,"Y",NA,NA,0
"4822",2007,"CM","3.1","4308b",0,"Y",NA,NA,0
"4823",2008,"CM","3.1","4308b",10,"Y",NA,NA,0
"4824",2009,"CM","3.1","4308b",0,"Y",NA,NA,0
"4825",2010,"CM","3.1","4308b",0,"Y",NA,NA,0
"4826",2011,"CM","3.1","4308b",0,"Y",NA,NA,0
"4827",2012,"CM","3.1","4308b",0,"Y",NA,NA,0
"4828",2013,"CM","3.1","4308b",0,"Y",NA,NA,0
"4829",2014,"CM","3.1","4308b",0,"Y",NA,NA,0
"4830",2015,"CM","3.1","4308b",0,"Y",NA,NA,0
"4831",2016,"CM","3.1","4308b",1,"Y",NA,NA,0
"4832",2017,"CM","3.1","4308b",0,"Y",NA,NA,0
"4833",2018,"CM","3.1","4308b",0,"Y",NA,NA,0
"4834",2019,"CM","3.1","4308b",0,"Y",NA,NA,0
"4835",2020,"CM","3.1","4308b",2,"Y",NA,NA,0
"4836",2021,"CM","3.1","4308b",0,"Y",NA,NA,0
"4837",2022,"CM","3.1","4308b",0,"Y",NA,NA,0
"4838",2023,"CM","3.1","4308b",0,"Y",NA,NA,0
"4839",1997,"CM","3.1","4311c",NA,"Y",2.7,1,1
"4840",1998,"CM","3.1","4311c",NA,"Y",2.7,1,1
"4841",1999,"CM","3.1","4311c",0,"Y",2.7,1,1
"4842",2000,"CM","3.1","4311c",0,"Y",2.7,1,1
"4843",2001,"CM","3.1","4311c",0,"Y",2.7,1,1
"4844",2002,"CM","3.1","4311c",0,"Y",2.7,1,1
"4845",2003,"CM","3.1","4311c",0,"Y",2.7,1,1
"4846",2004,"CM","3.1","4311c",0,"Y",2.7,1,1
"4847",2005,"CM","3.1","4311c",0,"Y",2.7,1,1
"4848",2006,"CM","3.1","4311c",0,"Y",2.7,1,1
"4849",2007,"CM","3.1","4311c",0,"Y",2.7,1,1
"4850",2008,"CM","3.1","4311c",22,"Y",2.7,1,1
"4851",2009,"CM","3.1","4311c",0,"Y",2.7,1,1
"4852",2010,"CM","3.1","4311c",0,"Y",2.7,1,1
"4853",2011,"CM","3.1","4311c",2,"Y",2.7,1,1
"4854",2012,"CM","3.1","4311c",0,"Y",2.7,1,1
"4855",2013,"CM","3.1","4311c",0,"Y",2.7,1,1
"4856",2014,"CM","3.1","4311c",0,"Y",2.7,1,1
"4857",2015,"CM","3.1","4311c",0,"Y",2.7,1,1
"4858",2016,"CM","3.1","4311c",0,"Y",2.7,1,1
"4859",2017,"CM","3.1","4311c",0,"Y",2.7,1,1
"4860",2018,"CM","3.1","4311c",0,"Y",2.7,1,1
"4861",2019,"CM","3.1","4311c",1,"Y",2.7,1,1
"4862",2020,"CM","3.1","4311c",6,"Y",2.7,1,1
"4863",2021,"CM","3.1","4311c",0,"Y",2.7,1,1
"4864",2022,"CM","3.1","4311c",0,"Y",2.7,1,1
"4865",2023,"CM","3.1","4311c",0,"Y",2.7,1,1
"4866",1997,"CM","3.1","4311d",NA,"Y",NA,NA,0
"4867",1998,"CM","3.1","4311d",NA,"Y",NA,NA,0
"4868",1999,"CM","3.1","4311d",0,"Y",NA,NA,0
"4869",2000,"CM","3.1","4311d",0,"Y",NA,NA,0
"4870",2001,"CM","3.1","4311d",0,"Y",NA,NA,0
"4871",2002,"CM","3.1","4311d",0,"Y",NA,NA,0
"4872",2003,"CM","3.1","4311d",0,"Y",NA,NA,0
"4873",2004,"CM","3.1","4311d",0,"Y",NA,NA,0
"4874",2005,"CM","3.1","4311d",0,"Y",NA,NA,0
"4875",2006,"CM","3.1","4311d",0,"Y",NA,NA,0
"4876",2007,"CM","3.1","4311d",0,"Y",NA,NA,0
"4877",2008,"CM","3.1","4311d",1,"Y",NA,NA,0
"4878",2009,"CM","3.1","4311d",0,"Y",NA,NA,0
"4879",2010,"CM","3.1","4311d",0,"Y",NA,NA,0
"4880",2011,"CM","3.1","4311d",0,"Y",NA,NA,0
"4881",2012,"CM","3.1","4311d",0,"Y",NA,NA,0
"4882",2013,"CM","3.1","4311d",0,"Y",NA,NA,0
"4883",2014,"CM","3.1","4311d",0,"Y",NA,NA,0
"4884",2015,"CM","3.1","4311d",0,"Y",NA,NA,0
"4885",2016,"CM","3.1","4311d",0,"Y",NA,NA,0
"4886",2017,"CM","3.1","4311d",0,"Y",NA,NA,0
"4887",2018,"CM","3.1","4311d",0,"Y",NA,NA,0
"4888",2019,"CM","3.1","4311d",0,"Y",NA,NA,0
"4889",2020,"CM","3.1","4311d",0,"Y",NA,NA,0
"4890",2021,"CM","3.1","4311d",0,"Y",NA,NA,0
"4891",2022,"CM","3.1","4311d",0,"Y",NA,NA,0
"4892",2023,"CM","3.1","4311d",0,"Y",NA,NA,0
"4893",1997,"CM","3.1","4311g",NA,"Y",NA,NA,0
"4894",1998,"CM","3.1","4311g",NA,"Y",NA,NA,0
"4895",1999,"CM","3.1","4311g",0,"Y",NA,NA,0
"4896",2000,"CM","3.1","4311g",0,"Y",NA,NA,0
"4897",2001,"CM","3.1","4311g",0,"Y",NA,NA,0
"4898",2002,"CM","3.1","4311g",0,"Y",NA,NA,0
"4899",2003,"CM","3.1","4311g",0,"Y",NA,NA,0
"4900",2004,"CM","3.1","4311g",4,"Y",NA,NA,0
"4901",2005,"CM","3.1","4311g",20,"Y",NA,NA,0
"4902",2006,"CM","3.1","4311g",2,"Y",NA,NA,0
"4903",2007,"CM","3.1","4311g",0,"Y",NA,NA,0
"4904",2008,"CM","3.1","4311g",11,"Y",NA,NA,0
"4905",2009,"CM","3.1","4311g",0,"Y",NA,NA,0
"4906",2010,"CM","3.1","4311g",0,"Y",NA,NA,0
"4907",2011,"CM","3.1","4311g",0,"Y",NA,NA,0
"4908",2012,"CM","3.1","4311g",0,"Y",NA,NA,0
"4909",2013,"CM","3.1","4311g",0,"Y",NA,NA,0
"4910",2014,"CM","3.1","4311g",0,"Y",NA,NA,0
"4911",2015,"CM","3.1","4311g",0,"Y",NA,NA,0
"4912",2016,"CM","3.1","4311g",0,"Y",NA,NA,0
"4913",2017,"CM","3.1","4311g",0,"Y",NA,NA,0
"4914",2018,"CM","3.1","4311g",0,"Y",NA,NA,0
"4915",2019,"CM","3.1","4311g",0,"Y",NA,NA,0
"4916",2020,"CM","3.1","4311g",0,"Y",NA,NA,0
"4917",2021,"CM","3.1","4311g",0,"Y",NA,NA,0
"4918",2022,"CM","3.1","4311g",0,"Y",NA,NA,0
"4919",2023,"CM","3.1","4311g",0,"Y",NA,NA,0
"4920",1997,"CM","3.1","4312a",NA,"Y",NA,NA,0
"4921",1998,"CM","3.1","4312a",NA,"Y",NA,NA,0
"4922",1999,"CM","3.1","4312a",15,"Y",NA,NA,0
"4923",2000,"CM","3.1","4312a",0,"Y",NA,NA,0
"4924",2001,"CM","3.1","4312a",0,"Y",NA,NA,0
"4925",2002,"CM","3.1","4312a",0,"Y",NA,NA,0
"4926",2003,"CM","3.1","4312a",0,"Y",NA,NA,0
"4927",2004,"CM","3.1","4312a",0,"Y",NA,NA,0
"4928",2005,"CM","3.1","4312a",23,"Y",NA,NA,0
"4929",2006,"CM","3.1","4312a",0,"Y",NA,NA,0
"4930",2007,"CM","3.1","4312a",0,"Y",NA,NA,0
"4931",2008,"CM","3.1","4312a",2,"Y",NA,NA,0
"4932",2009,"CM","3.1","4312a",0,"Y",NA,NA,0
"4933",2010,"CM","3.1","4312a",0,"Y",NA,NA,0
"4934",2011,"CM","3.1","4312a",0,"Y",NA,NA,0
"4935",2012,"CM","3.1","4312a",0,"Y",NA,NA,0
"4936",2013,"CM","3.1","4312a",0,"Y",NA,NA,0
"4937",2014,"CM","3.1","4312a",0,"Y",NA,NA,0
"4938",2015,"CM","3.1","4312a",0,"Y",NA,NA,0
"4939",2016,"CM","3.1","4312a",8,"Y",NA,NA,0
"4940",2017,"CM","3.1","4312a",0,"Y",NA,NA,0
"4941",2018,"CM","3.1","4312a",8,"Y",NA,NA,0
"4942",2019,"CM","3.1","4312a",0,"Y",NA,NA,0
"4943",2020,"CM","3.1","4312a",12,"Y",NA,NA,0
"4944",2021,"CM","3.1","4312a",0,"Y",NA,NA,0
"4945",2022,"CM","3.1","4312a",0,"Y",NA,NA,0
"4946",2023,"CM","3.1","4312a",0,"Y",NA,NA,0
"4947",1997,"CM","3.1","4314a",NA,"M",NA,NA,0
"4948",1998,"CM","3.1","4314a",NA,"M",NA,NA,0
"4949",1999,"CM","3.1","4314a",34,"M",NA,NA,0
"4950",2000,"CM","3.1","4314a",0,"M",NA,NA,0
"4951",2001,"CM","3.1","4314a",0,"M",NA,NA,0
"4952",2002,"CM","3.1","4314a",0,"M",NA,NA,0
"4953",2003,"CM","3.1","4314a",0,"M",NA,NA,0
"4954",2004,"CM","3.1","4314a",21,"M",NA,NA,0
"4955",2005,"CM","3.1","4314a",89,"M",NA,NA,0
"4956",2006,"CM","3.1","4314a",7,"M",NA,NA,0
"4957",2007,"CM","3.1","4314a",0,"M",NA,NA,0
"4958",2008,"CM","3.1","4314a",28,"M",NA,NA,0
"4959",2009,"CM","3.1","4314a",0,"M",NA,NA,0
"4960",2010,"CM","3.1","4314a",0,"M",NA,NA,0
"4961",2011,"CM","3.1","4314a",10,"M",NA,NA,0
"4962",2012,"CM","3.1","4314a",0,"M",NA,NA,0
"4963",2013,"CM","3.1","4314a",0,"M",NA,NA,0
"4964",2014,"CM","3.1","4314a",0,"M",NA,NA,0
"4965",2015,"CM","3.1","4314a",0,"M",NA,NA,0
"4966",2016,"CM","3.1","4314a",13,"M",NA,NA,0
"4967",2017,"CM","3.1","4314a",0,"M",NA,NA,0
"4968",2018,"CM","3.1","4314a",10,"M",NA,NA,0
"4969",2019,"CM","3.1","4314a",0,"M",NA,NA,0
"4970",2020,"CM","3.1","4314a",5,"M",NA,NA,0
"4971",2021,"CM","3.1","4314a",1,"M",NA,NA,0
"4972",2022,"CM","3.1","4314a",0,"M",NA,NA,0
"4973",2023,"CM","3.1","4314a",0,"M",NA,NA,0
"4974",1997,"CM","3.2","4322a",NA,"Y",NA,NA,0
"4975",1998,"CM","3.2","4322a",NA,"Y",NA,NA,0
"4976",1999,"CM","3.2","4322a",2,"Y",NA,NA,0
"4977",2000,"CM","3.2","4322a",0,"Y",NA,NA,0
"4978",2001,"CM","3.2","4322a",0,"Y",NA,NA,0
"4979",2002,"CM","3.2","4322a",0,"Y",NA,NA,0
"4980",2003,"CM","3.2","4322a",0,"Y",NA,NA,0
"4981",2004,"CM","3.2","4322a",0,"Y",NA,NA,0
"4982",2005,"CM","3.2","4322a",5,"Y",NA,NA,0
"4983",2006,"CM","3.2","4322a",0,"Y",NA,NA,0
"4984",2007,"CM","3.2","4322a",0,"Y",NA,NA,0
"4985",2008,"CM","3.2","4322a",62,"Y",NA,NA,0
"4986",2009,"CM","3.2","4322a",0,"Y",NA,NA,0
"4987",2010,"CM","3.2","4322a",1,"Y",NA,NA,0
"4988",2011,"CM","3.2","4322a",2,"Y",NA,NA,0
"4989",2012,"CM","3.2","4322a",0,"Y",NA,NA,0
"4990",2013,"CM","3.2","4322a",0,"Y",NA,NA,0
"4991",2014,"CM","3.2","4322a",0,"Y",NA,NA,0
"4992",2015,"CM","3.2","4322a",0,"Y",NA,NA,0
"4993",2016,"CM","3.2","4322a",0,"Y",NA,NA,0
"4994",2017,"CM","3.2","4322a",0,"Y",NA,NA,0
"4995",2018,"CM","3.2","4322a",0,"Y",NA,NA,0
"4996",2019,"CM","3.2","4322a",0,"Y",NA,NA,0
"4997",2020,"CM","3.2","4322a",3,"Y",NA,NA,0
"4998",2021,"CM","3.2","4322a",1,"Y",NA,NA,0
"4999",2022,"CM","3.2","4322a",NA,"Y",NA,NA,0
"5000",2023,"CM","3.2","4322a",0,"Y",NA,NA,0
"5001",1997,"CM","3.2","4323c",NA,"Y",NA,NA,0
"5002",1998,"CM","3.2","4323c",NA,"Y",NA,NA,0
"5003",1999,"CM","3.2","4323c",0,"Y",NA,NA,0
"5004",2000,"CM","3.2","4323c",0,"Y",NA,NA,0
"5005",2001,"CM","3.2","4323c",0,"Y",NA,NA,0
"5006",2002,"CM","3.2","4323c",0,"Y",NA,NA,0
"5007",2003,"CM","3.2","4323c",0,"Y",NA,NA,0
"5008",2004,"CM","3.2","4323c",0,"Y",NA,NA,0
"5009",2005,"CM","3.2","4323c",0,"Y",NA,NA,0
"5010",2006,"CM","3.2","4323c",0,"Y",NA,NA,0
"5011",2007,"CM","3.2","4323c",0,"Y",NA,NA,0
"5012",2008,"CM","3.2","4323c",0,"Y",NA,NA,0
"5013",2009,"CM","3.2","4323c",0,"Y",NA,NA,0
"5014",2010,"CM","3.2","4323c",0,"Y",NA,NA,0
"5015",2011,"CM","3.2","4323c",0,"Y",NA,NA,0
"5016",2012,"CM","3.2","4323c",0,"Y",NA,NA,0
"5017",2013,"CM","3.2","4323c",0,"Y",NA,NA,0
"5018",2014,"CM","3.2","4323c",0,"Y",NA,NA,0
"5019",2015,"CM","3.2","4323c",0,"Y",NA,NA,0
"5020",2016,"CM","3.2","4323c",0,"Y",NA,NA,0
"5021",2017,"CM","3.2","4323c",0,"Y",NA,NA,0
"5022",2018,"CM","3.2","4323c",0,"Y",NA,NA,0
"5023",2019,"CM","3.2","4323c",0,"Y",NA,NA,0
"5024",2020,"CM","3.2","4323c",0,"Y",NA,NA,0
"5025",2021,"CM","3.2","4323c",NA,"Y",NA,NA,0
"5026",2022,"CM","3.2","4323c",NA,"Y",NA,NA,0
"5027",2023,"CM","3.2","4323c",0,"Y",NA,NA,0
"5028",1997,"CM","3.2","4325a",NA,"Y",NA,NA,0
"5029",1998,"CM","3.2","4325a",NA,"Y",NA,NA,0
"5030",1999,"CM","3.2","4325a",0,"Y",NA,NA,0
"5031",2000,"CM","3.2","4325a",0,"Y",NA,NA,0
"5032",2001,"CM","3.2","4325a",0,"Y",NA,NA,0
"5033",2002,"CM","3.2","4325a",0,"Y",NA,NA,0
"5034",2003,"CM","3.2","4325a",0,"Y",NA,NA,0
"5035",2004,"CM","3.2","4325a",0,"Y",NA,NA,0
"5036",2005,"CM","3.2","4325a",0,"Y",NA,NA,0
"5037",2006,"CM","3.2","4325a",0,"Y",NA,NA,0
"5038",2007,"CM","3.2","4325a",0,"Y",NA,NA,0
"5039",2008,"CM","3.2","4325a",1,"Y",NA,NA,0
"5040",2009,"CM","3.2","4325a",0,"Y",NA,NA,0
"5041",2010,"CM","3.2","4325a",0,"Y",NA,NA,0
"5042",2011,"CM","3.2","4325a",0,"Y",NA,NA,0
"5043",2012,"CM","3.2","4325a",0,"Y",NA,NA,0
"5044",2013,"CM","3.2","4325a",0,"Y",NA,NA,0
"5045",2014,"CM","3.2","4325a",0,"Y",NA,NA,0
"5046",2015,"CM","3.2","4325a",0,"Y",NA,NA,0
"5047",2016,"CM","3.2","4325a",0,"Y",NA,NA,0
"5048",2017,"CM","3.2","4325a",0,"Y",NA,NA,0
"5049",2018,"CM","3.2","4325a",0,"Y",NA,NA,0
"5050",2019,"CM","3.2","4325a",0,"Y",NA,NA,0
"5051",2020,"CM","3.2","4325a",0,"Y",NA,NA,0
"5052",2021,"CM","3.2","4325a",0,"Y",NA,NA,0
"5053",2022,"CM","3.2","4325a",NA,"Y",NA,NA,0
"5054",2023,"CM","3.2","4325a",0,"Y",NA,NA,0
"5055",1997,"CM","3.2","4328a",NA,"Y",NA,NA,0
"5056",1998,"CM","3.2","4328a",NA,"Y",NA,NA,0
"5057",1999,"CM","3.2","4328a",0,"Y",NA,NA,0
"5058",2000,"CM","3.2","4328a",0,"Y",NA,NA,0
"5059",2001,"CM","3.2","4328a",0,"Y",NA,NA,0
"5060",2002,"CM","3.2","4328a",0,"Y",NA,NA,0
"5061",2003,"CM","3.2","4328a",0,"Y",NA,NA,0
"5062",2004,"CM","3.2","4328a",0,"Y",NA,NA,0
"5063",2005,"CM","3.2","4328a",0,"Y",NA,NA,0
"5064",2006,"CM","3.2","4328a",0,"Y",NA,NA,0
"5065",2007,"CM","3.2","4328a",0,"Y",NA,NA,0
"5066",2008,"CM","3.2","4328a",0,"Y",NA,NA,0
"5067",2009,"CM","3.2","4328a",0,"Y",NA,NA,0
"5068",2010,"CM","3.2","4328a",0,"Y",NA,NA,0
"5069",2011,"CM","3.2","4328a",0,"Y",NA,NA,0
"5070",2012,"CM","3.2","4328a",0,"Y",NA,NA,0
"5071",2013,"CM","3.2","4328a",0,"Y",NA,NA,0
"5072",2014,"CM","3.2","4328a",0,"Y",NA,NA,0
"5073",2015,"CM","3.2","4328a",0,"Y",NA,NA,0
"5074",2016,"CM","3.2","4328a",0,"Y",NA,NA,0
"5075",2017,"CM","3.2","4328a",0,"Y",NA,NA,0
"5076",2018,"CM","3.2","4328a",0,"Y",NA,NA,0
"5077",2019,"CM","3.2","4328a",0,"Y",NA,NA,0
"5078",2020,"CM","3.2","4328a",0,"Y",NA,NA,0
"5079",2021,"CM","3.2","4328a",0,"Y",NA,NA,0
"5080",2022,"CM","3.2","4328a",0,"Y",NA,NA,0
"5081",2023,"CM","3.2","4328a",0,"Y",NA,NA,0
"5082",1997,"CM","3.2","4330a",NA,"Y",NA,NA,0
"5083",1998,"CM","3.2","4330a",NA,"Y",NA,NA,0
"5084",1999,"CM","3.2","4330a",0,"Y",NA,NA,0
"5085",2000,"CM","3.2","4330a",0,"Y",NA,NA,0
"5086",2001,"CM","3.2","4330a",0,"Y",NA,NA,0
"5087",2002,"CM","3.2","4330a",0,"Y",NA,NA,0
"5088",2003,"CM","3.2","4330a",0,"Y",NA,NA,0
"5089",2004,"CM","3.2","4330a",0,"Y",NA,NA,0
"5090",2005,"CM","3.2","4330a",0,"Y",NA,NA,0
"5091",2006,"CM","3.2","4330a",0,"Y",NA,NA,0
"5092",2007,"CM","3.2","4330a",0,"Y",NA,NA,0
"5093",2008,"CM","3.2","4330a",0,"Y",NA,NA,0
"5094",2009,"CM","3.2","4330a",0,"Y",NA,NA,0
"5095",2010,"CM","3.2","4330a",0,"Y",NA,NA,0
"5096",2011,"CM","3.2","4330a",0,"Y",NA,NA,0
"5097",2012,"CM","3.2","4330a",0,"Y",NA,NA,0
"5098",2013,"CM","3.2","4330a",0,"Y",NA,NA,0
"5099",2014,"CM","3.2","4330a",0,"Y",NA,NA,0
"5100",2015,"CM","3.2","4330a",0,"Y",NA,NA,0
"5101",2016,"CM","3.2","4330a",0,"Y",NA,NA,0
"5102",2017,"CM","3.2","4330a",0,"Y",NA,NA,0
"5103",2018,"CM","3.2","4330a",0,"Y",NA,NA,0
"5104",2019,"CM","3.2","4330a",0,"Y",NA,NA,0
"5105",2020,"CM","3.2","4330a",0,"Y",NA,NA,0
"5106",2021,"CM","3.2","4330a",0,"Y",NA,NA,0
"5107",2022,"CM","3.2","4330a",0,"Y",NA,NA,0
"5108",2023,"CM","3.2","4330a",0,"Y",NA,NA,0
"5109",1997,"CM","3.2","4332a",NA,"Y",NA,NA,0
"5110",1998,"CM","3.2","4332a",NA,"Y",NA,NA,0
"5111",1999,"CM","3.2","4332a",0,"Y",NA,NA,0
"5112",2000,"CM","3.2","4332a",0,"Y",NA,NA,0
"5113",2001,"CM","3.2","4332a",0,"Y",NA,NA,0
"5114",2002,"CM","3.2","4332a",0,"Y",NA,NA,0
"5115",2003,"CM","3.2","4332a",0,"Y",NA,NA,0
"5116",2004,"CM","3.2","4332a",0,"Y",NA,NA,0
"5117",2005,"CM","3.2","4332a",2,"Y",NA,NA,0
"5118",2006,"CM","3.2","4332a",0,"Y",NA,NA,0
"5119",2007,"CM","3.2","4332a",0,"Y",NA,NA,0
"5120",2008,"CM","3.2","4332a",2,"Y",NA,NA,0
"5121",2009,"CM","3.2","4332a",0,"Y",NA,NA,0
"5122",2010,"CM","3.2","4332a",0,"Y",NA,NA,0
"5123",2011,"CM","3.2","4332a",0,"Y",NA,NA,0
"5124",2012,"CM","3.2","4332a",0,"Y",NA,NA,0
"5125",2013,"CM","3.2","4332a",0,"Y",NA,NA,0
"5126",2014,"CM","3.2","4332a",0,"Y",NA,NA,0
"5127",2015,"CM","3.2","4332a",0,"Y",NA,NA,0
"5128",2016,"CM","3.2","4332a",0,"Y",NA,NA,0
"5129",2017,"CM","3.2","4332a",0,"Y",NA,NA,0
"5130",2018,"CM","3.2","4332a",0,"Y",NA,NA,0
"5131",2019,"CM","3.2","4332a",NA,"Y",NA,NA,0
"5132",2020,"CM","3.2","4332a",NA,"Y",NA,NA,0
"5133",2021,"CM","3.2","4332a",NA,"Y",NA,NA,0
"5134",2022,"CM","3.2","4332a",NA,"Y",NA,NA,0
"5135",2023,"CM","3.2","4332a",NA,"Y",NA,NA,0
"5136",1997,"CM","3.2","4333a",NA,"Y",NA,NA,0
"5137",1998,"CM","3.2","4333a",NA,"Y",NA,NA,0
"5138",1999,"CM","3.2","4333a",3,"Y",NA,NA,0
"5139",2000,"CM","3.2","4333a",0,"Y",NA,NA,0
"5140",2001,"CM","3.2","4333a",0,"Y",NA,NA,0
"5141",2002,"CM","3.2","4333a",0,"Y",NA,NA,0
"5142",2003,"CM","3.2","4333a",0,"Y",NA,NA,0
"5143",2004,"CM","3.2","4333a",0,"Y",NA,NA,0
"5144",2005,"CM","3.2","4333a",0,"Y",NA,NA,0
"5145",2006,"CM","3.2","4333a",0,"Y",NA,NA,0
"5146",2007,"CM","3.2","4333a",0,"Y",NA,NA,0
"5147",2008,"CM","3.2","4333a",0,"Y",NA,NA,0
"5148",2009,"CM","3.2","4333a",0,"Y",NA,NA,0
"5149",2010,"CM","3.2","4333a",0,"Y",NA,NA,0
"5150",2011,"CM","3.2","4333a",0,"Y",NA,NA,0
"5151",2012,"CM","3.2","4333a",0,"Y",NA,NA,0
"5152",2013,"CM","3.2","4333a",0,"Y",NA,NA,0
"5153",2014,"CM","3.2","4333a",0,"Y",NA,NA,0
"5154",2015,"CM","3.2","4333a",0,"Y",NA,NA,0
"5155",2016,"CM","3.2","4333a",0,"Y",NA,NA,0
"5156",2017,"CM","3.2","4333a",0,"Y",NA,NA,0
"5157",2018,"CM","3.2","4333a",0,"Y",NA,NA,0
"5158",2019,"CM","3.2","4333a",0,"Y",NA,NA,0
"5159",2020,"CM","3.2","4333a",0,"Y",NA,NA,0
"5160",2021,"CM","3.2","4333a",0,"Y",NA,NA,0
"5161",2022,"CM","3.2","4333a",NA,"Y",NA,NA,0
"5162",2023,"CM","3.2","4333a",NA,"Y",NA,NA,0
"5163",1997,"CM","3.2","4333b",NA,"M",NA,NA,0
"5164",1998,"CM","3.2","4333b",NA,"M",NA,NA,0
"5165",1999,"CM","3.2","4333b",0,"M",NA,NA,0
"5166",2000,"CM","3.2","4333b",0,"M",NA,NA,0
"5167",2001,"CM","3.2","4333b",0,"M",NA,NA,0
"5168",2002,"CM","3.2","4333b",0,"M",NA,NA,0
"5169",2003,"CM","3.2","4333b",0,"M",NA,NA,0
"5170",2004,"CM","3.2","4333b",0,"M",NA,NA,0
"5171",2005,"CM","3.2","4333b",0,"M",NA,NA,0
"5172",2006,"CM","3.2","4333b",0,"M",NA,NA,0
"5173",2007,"CM","3.2","4333b",0,"M",NA,NA,0
"5174",2008,"CM","3.2","4333b",0,"M",NA,NA,0
"5175",2009,"CM","3.2","4333b",0,"M",NA,NA,0
"5176",2010,"CM","3.2","4333b",0,"M",NA,NA,0
"5177",2011,"CM","3.2","4333b",0,"M",NA,NA,0
"5178",2012,"CM","3.2","4333b",0,"M",NA,NA,0
"5179",2013,"CM","3.2","4333b",0,"M",NA,NA,0
"5180",2014,"CM","3.2","4333b",0,"M",NA,NA,0
"5181",2015,"CM","3.2","4333b",0,"M",NA,NA,0
"5182",2016,"CM","3.2","4333b",0,"M",NA,NA,0
"5183",2017,"CM","3.2","4333b",0,"M",NA,NA,0
"5184",2018,"CM","3.2","4333b",0,"M",NA,NA,0
"5185",2019,"CM","3.2","4333b",0,"M",NA,NA,0
"5186",2020,"CM","3.2","4333b",0,"M",NA,NA,0
"5187",2021,"CM","3.2","4333b",0,"M",NA,NA,0
"5188",2022,"CM","3.2","4333b",NA,"M",NA,NA,0
"5189",2023,"CM","3.2","4333b",NA,"M",NA,NA,0
"5190",1997,"CM","3.2","4334e",NA,"Y",NA,NA,0
"5191",1998,"CM","3.2","4334e",NA,"Y",NA,NA,0
"5192",1999,"CM","3.2","4334e",0,"Y",NA,NA,0
"5193",2000,"CM","3.2","4334e",0,"Y",NA,NA,0
"5194",2001,"CM","3.2","4334e",0,"Y",NA,NA,0
"5195",2002,"CM","3.2","4334e",0,"Y",NA,NA,0
"5196",2003,"CM","3.2","4334e",0,"Y",NA,NA,0
"5197",2004,"CM","3.2","4334e",0,"Y",NA,NA,0
"5198",2005,"CM","3.2","4334e",0,"Y",NA,NA,0
"5199",2006,"CM","3.2","4334e",0,"Y",NA,NA,0
"5200",2007,"CM","3.2","4334e",0,"Y",NA,NA,0
"5201",2008,"CM","3.2","4334e",2,"Y",NA,NA,0
"5202",2009,"CM","3.2","4334e",0,"Y",NA,NA,0
"5203",2010,"CM","3.2","4334e",0,"Y",NA,NA,0
"5204",2011,"CM","3.2","4334e",0,"Y",NA,NA,0
"5205",2012,"CM","3.2","4334e",0,"Y",NA,NA,0
"5206",2013,"CM","3.2","4334e",0,"Y",NA,NA,0
"5207",2014,"CM","3.2","4334e",0,"Y",NA,NA,0
"5208",2015,"CM","3.2","4334e",0,"Y",NA,NA,0
"5209",2016,"CM","3.2","4334e",0,"Y",NA,NA,0
"5210",2017,"CM","3.2","4334e",0,"Y",NA,NA,0
"5211",2018,"CM","3.2","4334e",0,"Y",NA,NA,0
"5212",2019,"CM","3.2","4334e",0,"Y",NA,NA,0
"5213",2020,"CM","3.2","4334e",0,"Y",NA,NA,0
"5214",2021,"CM","3.2","4334e",0,"Y",NA,NA,0
"5215",2022,"CM","3.2","4334e",NA,"Y",NA,NA,0
"5216",2023,"CM","3.2","4334e",0,"Y",NA,NA,0
"5217",1997,"CM","3.2","4334f",NA,"Y",NA,NA,0
"5218",1998,"CM","3.2","4334f",NA,"Y",NA,NA,0
"5219",1999,"CM","3.2","4334f",0,"Y",NA,NA,0
"5220",2000,"CM","3.2","4334f",0,"Y",NA,NA,0
"5221",2001,"CM","3.2","4334f",0,"Y",NA,NA,0
"5222",2002,"CM","3.2","4334f",0,"Y",NA,NA,0
"5223",2003,"CM","3.2","4334f",0,"Y",NA,NA,0
"5224",2004,"CM","3.2","4334f",0,"Y",NA,NA,0
"5225",2005,"CM","3.2","4334f",0,"Y",NA,NA,0
"5226",2006,"CM","3.2","4334f",0,"Y",NA,NA,0
"5227",2007,"CM","3.2","4334f",0,"Y",NA,NA,0
"5228",2008,"CM","3.2","4334f",2,"Y",NA,NA,0
"5229",2009,"CM","3.2","4334f",0,"Y",NA,NA,0
"5230",2010,"CM","3.2","4334f",0,"Y",NA,NA,0
"5231",2011,"CM","3.2","4334f",0,"Y",NA,NA,0
"5232",2012,"CM","3.2","4334f",0,"Y",NA,NA,0
"5233",2013,"CM","3.2","4334f",0,"Y",NA,NA,0
"5234",2014,"CM","3.2","4334f",0,"Y",NA,NA,0
"5235",2015,"CM","3.2","4334f",0,"Y",NA,NA,0
"5236",2016,"CM","3.2","4334f",0,"Y",NA,NA,0
"5237",2017,"CM","3.2","4334f",0,"Y",NA,NA,0
"5238",2018,"CM","3.2","4334f",0,"Y",NA,NA,0
"5239",2019,"CM","3.2","4334f",0,"Y",NA,NA,0
"5240",2020,"CM","3.2","4334f",NA,"Y",NA,NA,0
"5241",2021,"CM","3.2","4334f",NA,"Y",NA,NA,0
"5242",2022,"CM","3.2","4334f",NA,"Y",NA,NA,0
"5243",2023,"CM","3.2","4334f",NA,"Y",NA,NA,0
"5244",1997,"CM","3.2","4335a",NA,"Y",NA,NA,0
"5245",1998,"CM","3.2","4335a",NA,"Y",NA,NA,0
"5246",1999,"CM","3.2","4335a",4,"Y",NA,NA,0
"5247",2000,"CM","3.2","4335a",0,"Y",NA,NA,0
"5248",2001,"CM","3.2","4335a",0,"Y",NA,NA,0
"5249",2002,"CM","3.2","4335a",0,"Y",NA,NA,0
"5250",2003,"CM","3.2","4335a",0,"Y",NA,NA,0
"5251",2004,"CM","3.2","4335a",5,"Y",NA,NA,0
"5252",2005,"CM","3.2","4335a",13,"Y",NA,NA,0
"5253",2006,"CM","3.2","4335a",9,"Y",NA,NA,0
"5254",2007,"CM","3.2","4335a",0,"Y",NA,NA,0
"5255",2008,"CM","3.2","4335a",36,"Y",NA,NA,0
"5256",2009,"CM","3.2","4335a",0,"Y",NA,NA,0
"5257",2010,"CM","3.2","4335a",0,"Y",NA,NA,0
"5258",2011,"CM","3.2","4335a",3,"Y",NA,NA,0
"5259",2012,"CM","3.2","4335a",0,"Y",NA,NA,0
"5260",2013,"CM","3.2","4335a",0,"Y",NA,NA,0
"5261",2014,"CM","3.2","4335a",0,"Y",NA,NA,0
"5262",2015,"CM","3.2","4335a",0,"Y",NA,NA,0
"5263",2016,"CM","3.2","4335a",4,"Y",NA,NA,0
"5264",2017,"CM","3.2","4335a",0,"Y",NA,NA,0
"5265",2018,"CM","3.2","4335a",4,"Y",NA,NA,0
"5266",2019,"CM","3.2","4335a",0,"Y",NA,NA,0
"5267",2020,"CM","3.2","4335a",8,"Y",NA,NA,0
"5268",2021,"CM","3.2","4335a",0,"Y",NA,NA,0
"5269",2022,"CM","3.2","4335a",0,"Y",NA,NA,0
"5270",2023,"CM","3.2","4335a",0,"Y",NA,NA,0
"5271",1997,"CM","3.3","4336a",NA,"Y",NA,NA,0
"5272",1998,"CM","3.3","4336a",NA,"Y",NA,NA,0
"5273",1999,"CM","3.3","4336a",0,"Y",NA,NA,0
"5274",2000,"CM","3.3","4336a",0,"Y",NA,NA,0
"5275",2001,"CM","3.3","4336a",0,"Y",NA,NA,0
"5276",2002,"CM","3.3","4336a",0,"Y",NA,NA,0
"5277",2003,"CM","3.3","4336a",0,"Y",NA,NA,0
"5278",2004,"CM","3.3","4336a",6,"Y",NA,NA,0
"5279",2005,"CM","3.3","4336a",0,"Y",NA,NA,0
"5280",2006,"CM","3.3","4336a",8,"Y",NA,NA,0
"5281",2007,"CM","3.3","4336a",0,"Y",NA,NA,0
"5282",2008,"CM","3.3","4336a",95,"Y",NA,NA,0
"5283",2009,"CM","3.3","4336a",0,"Y",NA,NA,0
"5284",2010,"CM","3.3","4336a",1,"Y",NA,NA,0
"5285",2011,"CM","3.3","4336a",0,"Y",NA,NA,0
"5286",2012,"CM","3.3","4336a",0,"Y",NA,NA,0
"5287",2013,"CM","3.3","4336a",0,"Y",NA,NA,0
"5288",2014,"CM","3.3","4336a",0,"Y",NA,NA,0
"5289",2015,"CM","3.3","4336a",0,"Y",NA,NA,0
"5290",2016,"CM","3.3","4336a",3,"Y",NA,NA,0
"5291",2017,"CM","3.3","4336a",0,"Y",NA,NA,0
"5292",2018,"CM","3.3","4336a",1,"Y",NA,NA,0
"5293",2019,"CM","3.3","4336a",0,"Y",NA,NA,0
"5294",2020,"CM","3.3","4336a",4,"Y",NA,NA,0
"5295",2021,"CM","3.3","4336a",0,"Y",NA,NA,0
"5296",2022,"CM","3.3","4336a",0,"Y",NA,NA,0
"5297",2023,"CM","3.3","4336a",0,"Y",NA,NA,0
"5298",1997,"CM","3.3","4339a",NA,"Y",NA,NA,0
"5299",1998,"CM","3.3","4339a",NA,"Y",NA,NA,0
"5300",1999,"CM","3.3","4339a",0,"Y",NA,NA,0
"5301",2000,"CM","3.3","4339a",0,"Y",NA,NA,0
"5302",2001,"CM","3.3","4339a",0,"Y",NA,NA,0
"5303",2002,"CM","3.3","4339a",0,"Y",NA,NA,0
"5304",2003,"CM","3.3","4339a",0,"Y",NA,NA,0
"5305",2004,"CM","3.3","4339a",4,"Y",NA,NA,0
"5306",2005,"CM","3.3","4339a",58,"Y",NA,NA,0
"5307",2006,"CM","3.3","4339a",0,"Y",NA,NA,0
"5308",2007,"CM","3.3","4339a",0,"Y",NA,NA,0
"5309",2008,"CM","3.3","4339a",1,"Y",NA,NA,0
"5310",2009,"CM","3.3","4339a",0,"Y",NA,NA,0
"5311",2010,"CM","3.3","4339a",0,"Y",NA,NA,0
"5312",2011,"CM","3.3","4339a",0,"Y",NA,NA,0
"5313",2012,"CM","3.3","4339a",0,"Y",NA,NA,0
"5314",2013,"CM","3.3","4339a",0,"Y",NA,NA,0
"5315",2014,"CM","3.3","4339a",0,"Y",NA,NA,0
"5316",2015,"CM","3.3","4339a",0,"Y",NA,NA,0
"5317",2016,"CM","3.3","4339a",0,"Y",NA,NA,0
"5318",2017,"CM","3.3","4339a",0,"Y",NA,NA,0
"5319",2018,"CM","3.3","4339a",0,"Y",NA,NA,0
"5320",2019,"CM","3.3","4339a",0,"Y",NA,NA,0
"5321",2020,"CM","3.3","4339a",0,"Y",NA,NA,0
"5322",2021,"CM","3.3","4339a",0,"Y",NA,NA,0
"5323",2022,"CM","3.3","4339a",0,"Y",NA,NA,0
"5324",2023,"CM","3.3","4339a",0,"Y",NA,NA,0
"5325",1997,"CM","3.4","4354a",NA,"Y",NA,NA,0
"5326",1998,"CM","3.4","4354a",NA,"Y",NA,NA,0
"5327",1999,"CM","3.4","4354a",21,"Y",NA,NA,0
"5328",2000,"CM","3.4","4354a",0,"Y",NA,NA,0
"5329",2001,"CM","3.4","4354a",0,"Y",NA,NA,0
"5330",2002,"CM","3.4","4354a",0,"Y",NA,NA,0
"5331",2003,"CM","3.4","4354a",0,"Y",NA,NA,0
"5332",2004,"CM","3.4","4354a",5,"Y",NA,NA,0
"5333",2005,"CM","3.4","4354a",24,"Y",NA,NA,0
"5334",2006,"CM","3.4","4354a",0,"Y",NA,NA,0
"5335",2007,"CM","3.4","4354a",0,"Y",NA,NA,0
"5336",2008,"CM","3.4","4354a",28,"Y",NA,NA,0
"5337",2009,"CM","3.4","4354a",0,"Y",NA,NA,0
"5338",2010,"CM","3.4","4354a",0,"Y",NA,NA,0
"5339",2011,"CM","3.4","4354a",0,"Y",NA,NA,0
"5340",2012,"CM","3.4","4354a",0,"Y",NA,NA,0
"5341",2013,"CM","3.4","4354a",0,"Y",NA,NA,0
"5342",2014,"CM","3.4","4354a",0,"Y",NA,NA,0
"5343",2015,"CM","3.4","4354a",0,"Y",NA,NA,0
"5344",2016,"CM","3.4","4354a",15,"Y",NA,NA,0
"5345",2017,"CM","3.4","4354a",0,"Y",NA,NA,0
"5346",2018,"CM","3.4","4354a",0,"Y",NA,NA,0
"5347",2019,"CM","3.4","4354a",0,"Y",NA,NA,0
"5348",2020,"CM","3.4","4354a",19,"Y",NA,NA,0
"5349",2021,"CM","3.4","4354a",0,"M",NA,NA,0
"5350",2022,"CM","3.4","4354a",0,"M",NA,NA,0
"5351",2023,"CM","3.4","4354a",0,"M",NA,NA,0
"5352",1997,"GD","3.3","4713",NA,"M",4.3,1,1
"5353",1998,"GD","3.3","4713",NA,"M",4.3,1,1
"5354",1999,"GD","3.3","4713",0,"M",4.3,1,1
"5355",2000,"GD","3.3","4713",0,"M",4.3,1,1
"5356",2001,"GD","3.3","4713",0,"M",4.3,1,1
"5357",2002,"GD","3.3","4713",0,"M",4.3,1,1
"5358",2003,"GD","3.3","4713",0,"M",4.3,1,1
"5359",2004,"GD","3.3","4713",32,"M",4.3,1,1
"5360",2005,"GD","3.3","4713",146,"M",4.3,1,1
"5361",2006,"GD","3.3","4713",0,"M",4.3,1,1
"5362",2007,"GD","3.3","4713",0,"M",4.3,1,1
"5363",2008,"GD","3.3","4713",13,"M",4.3,1,1
"5364",2009,"GD","3.3","4713",0,"M",4.3,1,1
"5365",2010,"GD","3.3","4713",2,"M",4.3,1,1
"5366",2011,"GD","3.3","4713",0,"M",4.3,1,1
"5367",2012,"GD","3.3","4713",0,"M",4.3,1,1
"5368",2013,"GD","3.3","4713",0,"M",4.3,1,1
"5369",2014,"GD","3.3","4713",21,"M",4.3,1,1
"5370",2015,"GD","3.3","4713",0,"M",4.3,1,1
"5371",2016,"GD","3.3","4713",35,"M",4.3,1,1
"5372",2017,"GD","3.3","4713",0,"M",4.3,1,1
"5373",2018,"GD","3.3","4713",2,"M",4.3,1,1
"5374",2019,"GD","3.3","4713",0,"M",4.3,1,1
"5375",2020,"GD","3.3","4713",0,"M",4.3,1,1
"5376",2021,"GD","3.3","4713",0,"M",4.3,1,1
"5377",2022,"GD","3.3","4713",0,"M",4.3,1,1
"5378",2023,"GD","3.3","4713",0,"M",4.3,1,1
"5379",1997,"GD","3.3","4721",NA,"Y",NA,0,1
"5380",1998,"GD","3.3","4721",NA,"Y",NA,0,1
"5381",1999,"GD","3.3","4721",0,"Y",NA,0,1
"5382",2000,"GD","3.3","4721",0,"Y",NA,0,1
"5383",2001,"GD","3.3","4721",0,"Y",NA,0,1
"5384",2002,"GD","3.3","4721",0,"Y",NA,0,1
"5385",2003,"GD","3.3","4721",0,"Y",NA,0,1
"5386",2004,"GD","3.3","4721",120,"Y",NA,0,1
"5387",2005,"GD","3.3","4721",8,"Y",NA,0,1
"5388",2006,"GD","3.3","4721",0,"Y",NA,0,1
"5389",2007,"GD","3.3","4721",0,"Y",NA,0,1
"5390",2008,"GD","3.3","4721",12,"Y",NA,0,1
"5391",2009,"GD","3.3","4721",0,"Y",NA,0,1
"5392",2010,"GD","3.3","4721",3,"Y",NA,0,1
"5393",2011,"GD","3.3","4721",0,"Y",NA,0,1
"5394",2012,"GD","3.3","4721",0,"Y",NA,0,1
"5395",2013,"GD","3.3","4721",0,"Y",NA,0,1
"5396",2014,"GD","3.3","4721",7,"Y",NA,0,1
"5397",2015,"GD","3.3","4721",6,"Y",NA,0,1
"5398",2016,"GD","3.3","4721",5,"Y",NA,0,1
"5399",2017,"GD","3.3","4721",0,"Y",NA,0,1
"5400",2018,"GD","3.3","4721",2,"Y",NA,0,1
"5401",2019,"GD","3.3","4721",0,"Y",NA,0,1
"5402",2020,"GD","3.3","4721",78,"Y",NA,0,1
"5403",2021,"GD","3.3","4721",0,"M",NA,0,1
"5404",2022,"GD","3.3","4721",0,"M",NA,0,1
"5405",2023,"GD","3.3","4721",NA,"M",NA,0,1
"5406",1997,"GD","3.4","4722",NA,"M",NA,0,1
"5407",1998,"GD","3.4","4722",NA,"M",NA,0,1
"5408",1999,"GD","3.4","4722",0,"M",NA,0,1
"5409",2000,"GD","3.4","4722",0,"M",NA,0,1
"5410",2001,"GD","3.4","4722",0,"M",NA,0,1
"5411",2002,"GD","3.4","4722",0,"M",NA,0,1
"5412",2003,"GD","3.4","4722",0,"M",NA,0,1
"5413",2004,"GD","3.4","4722",15,"M",NA,0,1
"5414",2005,"GD","3.4","4722",12,"M",NA,0,1
"5415",2006,"GD","3.4","4722",0,"M",NA,0,1
"5416",2007,"GD","3.4","4722",0,"M",NA,0,1
"5417",2008,"GD","3.4","4722",0,"M",NA,0,1
"5418",2009,"GD","3.4","4722",0,"M",NA,0,1
"5419",2010,"GD","3.4","4722",4,"M",NA,0,1
"5420",2011,"GD","3.4","4722",0,"M",NA,0,1
"5421",2012,"GD","3.4","4722",0,"M",NA,0,1
"5422",2013,"GD","3.4","4722",0,"M",NA,0,1
"5423",2014,"GD","3.4","4722",4,"M",NA,0,1
"5424",2015,"GD","3.4","4722",6,"M",NA,0,1
"5425",2016,"GD","3.4","4722",16,"M",NA,0,1
"5426",2017,"GD","3.4","4722",0,"M",NA,0,1
"5427",2018,"GD","3.4","4722",0,"M",NA,0,1
"5428",2019,"GD","3.4","4722",0,"M",NA,0,1
"5429",2020,"GD","3.4","4722",1,"M",NA,0,1
"5430",2021,"GD","3.4","4722",0,"M",NA,0,1
"5431",2022,"GD","3.4","4722",NA,"M",NA,0,1
"5432",2023,"GD","3.4","4722",NA,"M",NA,0,1
"5433",1997,"GD","3.2","4895",NA,"M",2.3,1,1
"5434",1998,"GD","3.2","4895",NA,"M",2.3,1,1
"5435",1999,"GD","3.2","4895",0,"M",2.3,1,1
"5436",2000,"GD","3.2","4895",0,"M",2.3,1,1
"5437",2001,"GD","3.2","4895",0,"M",2.3,1,1
"5438",2002,"GD","3.2","4895",0,"M",2.3,1,1
"5439",2003,"GD","3.2","4895",0,"M",2.3,1,1
"5440",2004,"GD","3.2","4895",92,"M",2.3,1,1
"5441",2005,"GD","3.2","4895",26,"M",2.3,1,1
"5442",2006,"GD","3.2","4895",0,"M",2.3,1,1
"5443",2007,"GD","3.2","4895",0,"M",2.3,1,1
"5444",2008,"GD","3.2","4895",3,"M",2.3,1,1
"5445",2009,"GD","3.2","4895",0,"M",2.3,1,1
"5446",2010,"GD","3.2","4895",5,"M",2.3,1,1
"5447",2011,"GD","3.2","4895",0,"M",2.3,1,1
"5448",2012,"GD","3.2","4895",0,"M",2.3,1,1
"5449",2013,"GD","3.2","4895",0,"M",2.3,1,1
"5450",2014,"GD","3.2","4895",1,"M",2.3,1,1
"5451",2015,"GD","3.2","4895",32,"M",2.3,1,1
"5452",2016,"GD","3.2","4895",0,"M",2.3,1,1
"5453",2017,"GD","3.2","4895",0,"M",2.3,1,1
"5454",2018,"GD","3.2","4895",5,"M",2.3,1,1
"5455",2019,"GD","3.2","4895",0,"M",2.3,1,1
"5456",2020,"GD","3.2","4895",8,"M",2.3,1,1
"5457",2021,"GD","3.2","4895",0,"M",2.3,1,1
"5458",2022,"GD","3.2","4895",0,"M",2.3,1,1
"5459",2023,"GD","3.2","4895",0,"M",2.3,1,1
"5460",1997,"GD","3.3","4707*",NA,"Y",3.2,1,1
"5461",1998,"GD","3.3","4707*",NA,"Y",3.2,1,1
"5462",1999,"GD","3.3","4707*",0,"Y",3.2,1,1
"5463",2000,"GD","3.3","4707*",0,"Y",3.2,1,1
"5464",2001,"GD","3.3","4707*",0,"Y",3.2,1,1
"5465",2002,"GD","3.3","4707*",0,"Y",3.2,1,1
"5466",2003,"GD","3.3","4707*",0,"Y",3.2,1,1
"5467",2004,"GD","3.3","4707*",3,"Y",3.2,1,1
"5468",2005,"GD","3.3","4707*",0,"Y",3.2,1,1
"5469",2006,"GD","3.3","4707*",0,"Y",3.2,1,1
"5470",2007,"GD","3.3","4707*",0,"Y",3.2,1,1
"5471",2008,"GD","3.3","4707*",0,"Y",3.2,1,1
"5472",2009,"GD","3.3","4707*",0,"Y",3.2,1,1
"5473",2010,"GD","3.3","4707*",2,"Y",3.2,1,1
"5474",2011,"GD","3.3","4707*",0,"Y",3.2,1,1
"5475",2012,"GD","3.3","4707*",0,"Y",3.2,1,1
"5476",2013,"GD","3.3","4707*",0,"Y",3.2,1,1
"5477",2014,"GD","3.3","4707*",0,"Y",3.2,1,1
"5478",2015,"GD","3.3","4707*",0,"Y",3.2,1,1
"5479",2016,"GD","3.3","4707*",0,"Y",3.2,1,1
"5480",2017,"GD","3.3","4707*",0,"Y",3.2,1,1
"5481",2018,"GD","3.3","4707*",0,"Y",3.2,1,1
"5482",2019,"GD","3.3","4707*",0,"Y",3.2,1,1
"5483",2020,"GD","3.3","4707*",2,"Y",3.2,1,1
"5484",2021,"GD","3.3","4707*",0,"Y",3.2,1,1
"5485",2022,"GD","3.3","4707*",0,"Y",3.2,1,1
"5486",2023,"GD","3.3","4707*",0,"Y",3.2,1,1
"5487",1997,"GD","3.3","4708*",NA,"M",4.1,1,1
"5488",1998,"GD","3.3","4708*",NA,"M",4.1,1,1
"5489",1999,"GD","3.3","4708*",0,"M",4.1,1,1
"5490",2000,"GD","3.3","4708*",0,"M",4.1,1,1
"5491",2001,"GD","3.3","4708*",0,"M",4.1,1,1
"5492",2002,"GD","3.3","4708*",0,"M",4.1,1,1
"5493",2003,"GD","3.3","4708*",0,"M",4.1,1,1
"5494",2004,"GD","3.3","4708*",15,"M",4.1,1,1
"5495",2005,"GD","3.3","4708*",34,"M",4.1,1,1
"5496",2006,"GD","3.3","4708*",0,"M",4.1,1,1
"5497",2007,"GD","3.3","4708*",0,"M",4.1,1,1
"5498",2008,"GD","3.3","4708*",2,"M",4.1,1,1
"5499",2009,"GD","3.3","4708*",0,"M",4.1,1,1
"5500",2010,"GD","3.3","4708*",6,"M",4.1,1,1
"5501",2011,"GD","3.3","4708*",0,"M",4.1,1,1
"5502",2012,"GD","3.3","4708*",0,"M",4.1,1,1
"5503",2013,"GD","3.3","4708*",0,"M",4.1,1,1
"5504",2014,"GD","3.3","4708*",0,"M",4.1,1,1
"5505",2015,"GD","3.3","4708*",24,"M",4.1,1,1
"5506",2016,"GD","3.3","4708*",28,"M",4.1,1,1
"5507",2017,"GD","3.3","4708*",0,"M",4.1,1,1
"5508",2018,"GD","3.3","4708*",3,"M",4.1,1,1
"5509",2019,"GD","3.3","4708*",0,"M",4.1,1,1
"5510",2020,"GD","3.3","4708*",19,"M",4.1,1,1
"5511",2021,"GD","3.3","4708*",2,"M",4.1,1,1
"5512",2022,"GD","3.3","4708*",0,"M",4.1,1,1
"5513",2023,"GD","3.3","4708*",0,"M",4.1,1,1
"5514",1997,"GD","3.3","4720*",NA,"M",3.6,1,1
"5515",1998,"GD","3.3","4720*",NA,"M",3.6,1,1
"5516",1999,"GD","3.3","4720*",0,"M",3.6,1,1
"5517",2000,"GD","3.3","4720*",0,"M",3.6,1,1
"5518",2001,"GD","3.3","4720*",0,"M",3.6,1,1
"5519",2002,"GD","3.3","4720*",0,"M",3.6,1,1
"5520",2003,"GD","3.3","4720*",0,"M",3.6,1,1
"5521",2004,"GD","3.3","4720*",82,"M",3.6,1,1
"5522",2005,"GD","3.3","4720*",75,"M",3.6,1,1
"5523",2006,"GD","3.3","4720*",0,"M",3.6,1,1
"5524",2007,"GD","3.3","4720*",0,"M",3.6,1,1
"5525",2008,"GD","3.3","4720*",8,"M",3.6,1,1
"5526",2009,"GD","3.3","4720*",0,"M",3.6,1,1
"5527",2010,"GD","3.3","4720*",2,"M",3.6,1,1
"5528",2011,"GD","3.3","4720*",0,"M",3.6,1,1
"5529",2012,"GD","3.3","4720*",0,"M",3.6,1,1
"5530",2013,"GD","3.3","4720*",0,"M",3.6,1,1
"5531",2014,"GD","3.3","4720*",54,"M",3.6,1,1
"5532",2015,"GD","3.3","4720*",56,"M",3.6,1,1
"5533",2016,"GD","3.3","4720*",9,"M",3.6,1,1
"5534",2017,"GD","3.3","4720*",0,"M",3.6,1,1
"5535",2018,"GD","3.3","4720*",11,"M",3.6,1,1
"5536",2019,"GD","3.3","4720*",0,"M",3.6,1,1
"5537",2020,"GD","3.3","4720*",4,"M",3.6,1,1
"5538",2021,"GD","3.3","4720*",10,"M",3.6,1,1
"5539",2022,"GD","3.3","4720*",0,"M",3.6,1,1
"5540",2023,"GD","3.3","4720*",0,"M",3.6,1,1
"5541",2019,"GD","4.3","4738*",0,"Y",3,1,1
"5542",2020,"GD","4.3","4738*",0,"Y",3,1,1
"5543",2021,"GD","4.3","4738*",0,"Y",3,1,1
"5544",2022,"GD","4.3","4738*",0,"Y",3,1,1
"5545",2023,"GD","4.3","4738*",0,"Y",3,1,1
"5546",1997,"GD","4.2","4743*",NA,"Y",3.3,1,1
"5547",1998,"GD","4.2","4743*",NA,"Y",3.3,1,1
"5548",1999,"GD","4.2","4743*",0,"Y",3.3,1,1
"5549",2000,"GD","4.2","4743*",0,"Y",3.3,1,1
"5550",2001,"GD","4.2","4743*",0,"Y",3.3,1,1
"5551",2002,"GD","4.2","4743*",0,"Y",3.3,1,1
"5552",2003,"GD","4.2","4743*",0,"Y",3.3,1,1
"5553",2004,"GD","4.2","4743*",0,"Y",3.3,1,1
"5554",2005,"GD","4.2","4743*",1,"Y",3.3,1,1
"5555",2006,"GD","4.2","4743*",0,"Y",3.3,1,1
"5556",2007,"GD","4.2","4743*",0,"Y",3.3,1,1
"5557",2008,"GD","4.2","4743*",0,"Y",3.3,1,1
"5558",2009,"GD","4.2","4743*",0,"Y",3.3,1,1
"5559",2010,"GD","4.2","4743*",1,"Y",3.3,1,1
"5560",2011,"GD","4.2","4743*",0,"Y",3.3,1,1
"5561",2012,"GD","4.2","4743*",0,"Y",3.3,1,1
"5562",2013,"GD","4.2","4743*",0,"Y",3.3,1,1
"5563",2014,"GD","4.2","4743*",0,"Y",3.3,1,1
"5564",2015,"GD","4.2","4743*",0,"Y",3.3,1,1
"5565",2016,"GD","4.2","4743*",0,"Y",3.3,1,1
"5566",2017,"GD","4.2","4743*",0,"Y",3.3,1,1
"5567",2018,"GD","4.2","4743*",0,"Y",3.3,1,1
"5568",2019,"GD","4.2","4743*",0,"Y",3.3,1,1
"5569",2020,"GD","4.2","4743*",0,"Y",3.3,1,1
"5570",2021,"GD","4.2","4743*",0,"Y",3.3,1,1
"5571",2022,"GD","4.2","4743*",0,"Y",3.3,1,1
"5572",2023,"GD","4.2","4743*",0,"Y",3.3,1,1
"5573",1997,"GD","4.3","4778*",NA,"M",NA,0,1
"5574",1998,"GD","4.3","4778*",NA,"M",NA,0,1
"5575",1999,"GD","4.3","4778*",0,"M",NA,0,1
"5576",2000,"GD","4.3","4778*",0,"M",NA,0,1
"5577",2001,"GD","4.3","4778*",0,"M",NA,0,1
"5578",2002,"GD","4.3","4778*",0,"M",NA,0,1
"5579",2003,"GD","4.3","4778*",0,"M",NA,0,1
"5580",2004,"GD","4.3","4778*",25,"M",NA,0,1
"5581",2005,"GD","4.3","4778*",20,"M",NA,0,1
"5582",2006,"GD","4.3","4778*",0,"M",NA,0,1
"5583",2007,"GD","4.3","4778*",0,"M",NA,0,1
"5584",2008,"GD","4.3","4778*",NA,"M",NA,0,1
"5585",2009,"GD","4.3","4778*",NA,"M",NA,0,1
"5586",2010,"GD","4.3","4778*",NA,"M",NA,0,1
"5587",2011,"GD","4.3","4778*",NA,"M",NA,0,1
"5588",2012,"GD","4.3","4778*",NA,"M",NA,0,1
"5589",2013,"GD","4.3","4778*",NA,"M",NA,0,1
"5590",2014,"GD","4.3","4778*",NA,"M",NA,0,1
"5591",2015,"GD","4.3","4778*",NA,"M",NA,0,1
"5592",2016,"GD","4.3","4778*",NA,"M",NA,0,1
"5593",2017,"GD","4.3","4778*",NA,"M",NA,0,1
"5594",2018,"GD","4.3","4778*",NA,"M",NA,0,1
"5595",2019,"GD","4.3","4778*",NA,"M",NA,0,1
"5596",2020,"GD","4.3","4778*",NA,"M",NA,0,1
"5597",2021,"GD","4.3","4778*",NA,"M",NA,0,1
"5598",2022,"GD","4.3","4778*",NA,"M",NA,0,1
"5599",2023,"GD","4.3","4778*",NA,"M",NA,0,1
"5600",1997,"GD","2.3","4815*",NA,"Y",2.4,1,1
"5601",1998,"GD","2.3","4815*",NA,"Y",2.4,1,1
"5602",1999,"GD","2.3","4815*",0,"Y",2.4,1,1
"5603",2000,"GD","2.3","4815*",0,"Y",2.4,1,1
"5604",2001,"GD","2.3","4815*",0,"Y",2.4,1,1
"5605",2002,"GD","2.3","4815*",0,"Y",2.4,1,1
"5606",2003,"GD","2.3","4815*",0,"Y",2.4,1,1
"5607",2004,"GD","2.3","4815*",0,"Y",2.4,1,1
"5608",2005,"GD","2.3","4815*",0,"Y",2.4,1,1
"5609",2006,"GD","2.3","4815*",0,"Y",2.4,1,1
"5610",2007,"GD","2.3","4815*",0,"Y",2.4,1,1
"5611",2008,"GD","2.3","4815*",1,"Y",2.4,1,1
"5612",2009,"GD","2.3","4815*",0,"Y",2.4,1,1
"5613",2010,"GD","2.3","4815*",0,"Y",2.4,1,1
"5614",2011,"GD","2.3","4815*",0,"Y",2.4,1,1
"5615",2012,"GD","2.3","4815*",0,"Y",2.4,1,1
"5616",2013,"GD","2.3","4815*",0,"Y",2.4,1,1
"5617",2014,"GD","2.3","4815*",0,"Y",2.4,1,1
"5618",2015,"GD","2.3","4815*",0,"Y",2.4,1,1
"5619",2016,"GD","2.3","4815*",0,"Y",2.4,1,1
"5620",2017,"GD","2.3","4815*",0,"Y",2.4,1,1
"5621",2018,"GD","2.3","4815*",0,"Y",2.4,1,1
"5622",2019,"GD","2.3","4815*",0,"J",2.4,1,1
"5623",2020,"GD","2.3","4815*",0,"J",2.4,1,1
"5624",2021,"GD","2.3","4815*",0,"J",2.4,1,1
"5625",2022,"GD","2.3","4815*",0,"J",2.4,1,1
"5626",2023,"GD","2.3","4815*",0,"J",2.4,1,1
"5627",1997,"GD","2.3","4816*",NA,"Y",2.5,1,1
"5628",1998,"GD","2.3","4816*",NA,"Y",2.5,1,1
"5629",1999,"GD","2.3","4816*",0,"Y",2.5,1,1
"5630",2000,"GD","2.3","4816*",0,"Y",2.5,1,1
"5631",2001,"GD","2.3","4816*",0,"Y",2.5,1,1
"5632",2002,"GD","2.3","4816*",0,"Y",2.5,1,1
"5633",2003,"GD","2.3","4816*",0,"Y",2.5,1,1
"5634",2004,"GD","2.3","4816*",0,"Y",2.5,1,1
"5635",2005,"GD","2.3","4816*",0,"Y",2.5,1,1
"5636",2006,"GD","2.3","4816*",0,"Y",2.5,1,1
"5637",2007,"GD","2.3","4816*",0,"Y",2.5,1,1
"5638",2008,"GD","2.3","4816*",0,"Y",2.5,1,1
"5639",2009,"GD","2.3","4816*",0,"Y",2.5,1,1
"5640",2010,"GD","2.3","4816*",0,"Y",2.5,1,1
"5641",2011,"GD","2.3","4816*",0,"Y",2.5,1,1
"5642",2012,"GD","2.3","4816*",0,"Y",2.5,1,1
"5643",2013,"GD","2.3","4816*",0,"Y",2.5,1,1
"5644",2014,"GD","2.3","4816*",0,"Y",2.5,1,1
"5645",2015,"GD","2.3","4816*",0,"Y",2.5,1,1
"5646",2016,"GD","2.3","4816*",0,"Y",2.5,1,1
"5647",2017,"GD","2.3","4816*",0,"Y",2.5,1,1
"5648",2018,"GD","2.3","4816*",0,"Y",2.5,1,1
"5649",2019,"GD","2.3","4816*",0,"J",2.5,1,1
"5650",2020,"GD","2.3","4816*",0,"J",2.5,1,1
"5651",2021,"GD","2.3","4816*",0,"J",2.5,1,1
"5652",2022,"GD","2.3","4816*",0,"J",2.5,1,1
"5653",2023,"GD","2.3","4816*",0,"J",2.5,1,1
"5654",1997,"GD","2.3","4818*",NA,"M",NA,0,1
"5655",1998,"GD","2.3","4818*",NA,"M",NA,0,1
"5656",1999,"GD","2.3","4818*",0,"M",NA,0,1
"5657",2000,"GD","2.3","4818*",0,"M",NA,0,1
"5658",2001,"GD","2.3","4818*",0,"M",NA,0,1
"5659",2002,"GD","2.3","4818*",0,"M",NA,0,1
"5660",2003,"GD","2.3","4818*",0,"M",NA,0,1
"5661",2004,"GD","2.3","4818*",67,"M",NA,0,1
"5662",2005,"GD","2.3","4818*",13,"M",NA,0,1
"5663",2006,"GD","2.3","4818*",0,"M",NA,0,1
"5664",2007,"GD","2.3","4818*",0,"M",NA,0,1
"5665",2008,"GD","2.3","4818*",0,"M",NA,0,1
"5666",2009,"GD","2.3","4818*",0,"M",NA,0,1
"5667",2010,"GD","2.3","4818*",NA,"M",NA,0,1
"5668",2011,"GD","2.3","4818*",NA,"M",NA,0,1
"5669",2012,"GD","2.3","4818*",NA,"M",NA,0,1
"5670",2013,"GD","2.3","4818*",NA,"M",NA,0,1
"5671",2014,"GD","2.3","4818*",NA,"M",NA,0,1
"5672",2015,"GD","2.3","4818*",NA,"M",NA,0,1
"5673",2016,"GD","2.3","4818*",NA,"M",NA,0,1
"5674",2017,"GD","2.3","4818*",NA,"M",NA,0,1
"5675",2018,"GD","2.3","4818*",NA,"M",NA,0,1
"5676",2019,"GD","2.3","4818*",NA,"M",NA,0,1
"5677",2020,"GD","2.3","4818*",NA,"M",NA,0,1
"5678",2021,"GD","2.3","4818*",NA,"M",NA,0,1
"5679",2022,"GD","2.3","4818*",NA,"M",NA,0,1
"5680",2023,"GD","2.3","4818*",NA,"M",NA,0,1
"5681",1997,"GD","3.2","4872*",NA,"M",4.5,1,1
"5682",1998,"GD","3.2","4872*",NA,"M",4.5,1,1
"5683",1999,"GD","3.2","4872*",0,"M",4.5,1,1
"5684",2000,"GD","3.2","4872*",0,"M",4.5,1,1
"5685",2001,"GD","3.2","4872*",0,"M",4.5,1,1
"5686",2002,"GD","3.2","4872*",0,"M",4.5,1,1
"5687",2003,"GD","3.2","4872*",0,"M",4.5,1,1
"5688",2004,"GD","3.2","4872*",40,"M",4.5,1,1
"5689",2005,"GD","3.2","4872*",39,"M",4.5,1,1
"5690",2006,"GD","3.2","4872*",0,"M",4.5,1,1
"5691",2007,"GD","3.2","4872*",0,"M",4.5,1,1
"5692",2008,"GD","3.2","4872*",0,"M",4.5,1,1
"5693",2009,"GD","3.2","4872*",0,"M",4.5,1,1
"5694",2010,"GD","3.2","4872*",10,"M",4.5,1,1
"5695",2011,"GD","3.2","4872*",0,"M",4.5,1,1
"5696",2012,"GD","3.2","4872*",0,"M",4.5,1,1
"5697",2013,"GD","3.2","4872*",0,"M",4.5,1,1
"5698",2014,"GD","3.2","4872*",0,"M",4.5,1,1
"5699",2015,"GD","3.2","4872*",0,"M",4.5,1,1
"5700",2016,"GD","3.2","4872*",29,"M",4.5,1,1
"5701",2017,"GD","3.2","4872*",0,"M",4.5,1,1
"5702",2018,"GD","3.2","4872*",8,"M",4.5,1,1
"5703",2019,"GD","3.2","4872*",0,"M",4.5,1,1
"5704",2020,"GD","3.2","4872*",9,"M",4.5,1,1
"5705",2021,"GD","3.2","4872*",0,"M",4.5,1,1
"5706",2022,"GD","3.2","4872*",0,"M",4.5,1,1
"5707",2023,"GD","3.2","4872*",0,"M",4.5,1,1
"5708",1997,"GD","3.2","4875*",NA,"Y",NA,0,1
"5709",1998,"GD","3.2","4875*",NA,"Y",NA,0,1
"5710",1999,"GD","3.2","4875*",0,"Y",NA,0,1
"5711",2000,"GD","3.2","4875*",0,"Y",NA,0,1
"5712",2001,"GD","3.2","4875*",0,"Y",NA,0,1
"5713",2002,"GD","3.2","4875*",0,"Y",NA,0,1
"5714",2003,"GD","3.2","4875*",0,"Y",NA,0,1
"5715",2004,"GD","3.2","4875*",0,"Y",NA,0,1
"5716",2005,"GD","3.2","4875*",18,"Y",NA,0,1
"5717",2006,"GD","3.2","4875*",0,"Y",NA,0,1
"5718",2007,"GD","3.2","4875*",0,"Y",NA,0,1
"5719",2008,"GD","3.2","4875*",NA,"Y",NA,0,1
"5720",2009,"GD","3.2","4875*",NA,"Y",NA,0,1
"5721",2010,"GD","3.2","4875*",NA,"Y",NA,0,1
"5722",2011,"GD","3.2","4875*",NA,"Y",NA,0,1
"5723",2012,"GD","3.2","4875*",NA,"Y",NA,0,1
"5724",2013,"GD","3.2","4875*",NA,"Y",NA,0,1
"5725",2014,"GD","3.2","4875*",NA,"Y",NA,0,1
"5726",2015,"GD","3.2","4875*",NA,"Y",NA,0,1
"5727",2016,"GD","3.2","4875*",NA,"Y",NA,0,1
"5728",2017,"GD","3.2","4875*",NA,"Y",NA,0,1
"5729",2018,"GD","3.2","4875*",NA,"Y",NA,0,1
"5730",2019,"GD","3.2","4875*",NA,"Y",NA,0,1
"5731",2020,"GD","3.2","4875*",NA,"Y",NA,0,1
"5732",2021,"GD","3.2","4875*",NA,"Y",NA,0,1
"5733",2022,"GD","3.2","4875*",NA,"Y",NA,0,1
"5734",2023,"GD","3.2","4875*",NA,"Y",NA,0,1
"5735",1997,"GD","3.2","4886a",NA,"M",3.3,1,1
"5736",1998,"GD","3.2","4886a",NA,"M",3.3,1,1
"5737",1999,"GD","3.2","4886a",0,"M",3.3,1,1
"5738",2000,"GD","3.2","4886a",0,"M",3.3,1,1
"5739",2001,"GD","3.2","4886a",0,"M",3.3,1,1
"5740",2002,"GD","3.2","4886a",0,"M",3.3,1,1
"5741",2003,"GD","3.2","4886a",0,"M",3.3,1,1
"5742",2004,"GD","3.2","4886a",182,"M",3.3,1,1
"5743",2005,"GD","3.2","4886a",30,"M",3.3,1,1
"5744",2006,"GD","3.2","4886a",0,"M",3.3,1,1
"5745",2007,"GD","3.2","4886a",0,"M",3.3,1,1
"5746",2008,"GD","3.2","4886a",0,"M",3.3,1,1
"5747",2009,"GD","3.2","4886a",0,"M",3.3,1,1
"5748",2010,"GD","3.2","4886a",92,"M",3.3,1,1
"5749",2011,"GD","3.2","4886a",0,"M",3.3,1,1
"5750",2012,"GD","3.2","4886a",0,"M",3.3,1,1
"5751",2013,"GD","3.2","4886a",0,"M",3.3,1,1
"5752",2014,"GD","3.2","4886a",0,"M",3.3,1,1
"5753",2015,"GD","3.2","4886a",135,"M",3.3,1,1
"5754",2016,"GD","3.2","4886a",175,"M",3.3,1,1
"5755",2017,"GD","3.2","4886a",0,"M",3.3,1,1
"5756",2018,"GD","3.2","4886a",11,"M",3.3,1,1
"5757",2019,"GD","3.2","4886a",0,"M",3.3,1,1
"5758",2020,"GD","3.2","4886a",1,"M",3.3,1,1
"5759",2021,"GD","3.2","4886a",1,"M",3.3,1,1
"5760",2022,"GD","3.2","4886a",0,"M",3.3,1,1
"5761",2023,"GD","3.2","4886a",0,"M",3.3,1,1
"5762",1997,"GD","1.4","4918*",NA,"Y",NA,0,1
"5763",1998,"GD","1.4","4918*",NA,"Y",NA,0,1
"5764",1999,"GD","1.4","4918*",0,"Y",NA,0,1
"5765",2000,"GD","1.4","4918*",0,"Y",NA,0,1
"5766",2001,"GD","1.4","4918*",0,"Y",NA,0,1
"5767",2002,"GD","1.4","4918*",0,"Y",NA,0,1
"5768",2003,"GD","1.4","4918*",0,"Y",NA,0,1
"5769",2004,"GD","1.4","4918*",0,"Y",NA,0,1
"5770",2005,"GD","1.4","4918*",0,"Y",NA,0,1
"5771",2006,"GD","1.4","4918*",0,"Y",NA,0,1
"5772",2007,"GD","1.4","4918*",0,"Y",NA,0,1
"5773",2008,"GD","1.4","4918*",1,"Y",NA,0,1
"5774",2009,"GD","1.4","4918*",0,"Y",NA,0,1
"5775",2010,"GD","1.4","4918*",0,"Y",NA,0,1
"5776",2011,"GD","1.4","4918*",0,"Y",NA,0,1
"5777",2012,"GD","1.4","4918*",0,"Y",NA,0,1
"5778",2013,"GD","1.4","4918*",0,"Y",NA,0,1
"5779",2014,"GD","1.4","4918*",NA,"Y",NA,0,1
"5780",2015,"GD","1.4","4918*",NA,"Y",NA,0,1
"5781",2016,"GD","1.4","4918*",NA,"Y",NA,0,1
"5782",2017,"GD","1.4","4918*",NA,"Y",NA,0,1
"5783",2018,"GD","1.4","4918*",NA,"Y",NA,0,1
"5784",2019,"GD","1.4","4918*",NA,"Y",NA,0,1
"5785",2020,"GD","1.4","4918*",NA,"Y",NA,0,1
"5786",2021,"GD","1.4","4918*",NA,"Y",NA,0,1
"5787",2022,"GD","1.4","4918*",NA,"Y",NA,0,1
"5788",2023,"GD","1.4","4918*",NA,"Y",NA,0,1
"5789",1997,"GD","1.4","4925*",NA,"Y",1.2,1,1
"5790",1998,"GD","1.4","4925*",NA,"Y",1.2,1,1
"5791",1999,"GD","1.4","4925*",0,"Y",1.2,1,1
"5792",2000,"GD","1.4","4925*",0,"Y",1.2,1,1
"5793",2001,"GD","1.4","4925*",0,"Y",1.2,1,1
"5794",2002,"GD","1.4","4925*",0,"Y",1.2,1,1
"5795",2003,"GD","1.4","4925*",0,"Y",1.2,1,1
"5796",2004,"GD","1.4","4925*",0,"Y",1.2,1,1
"5797",2005,"GD","1.4","4925*",0,"Y",1.2,1,1
"5798",2006,"GD","1.4","4925*",0,"Y",1.2,1,1
"5799",2007,"GD","1.4","4925*",0,"Y",1.2,1,1
"5800",2008,"GD","1.4","4925*",1,"Y",1.2,1,1
"5801",2009,"GD","1.4","4925*",0,"Y",1.2,1,1
"5802",2010,"GD","1.4","4925*",0,"Y",1.2,1,1
"5803",2011,"GD","1.4","4925*",0,"Y",1.2,1,1
"5804",2012,"GD","1.4","4925*",0,"Y",1.2,1,1
"5805",2013,"GD","1.4","4925*",0,"Y",1.2,1,1
"5806",2014,"GD","1.4","4925*",0,"Y",1.2,1,1
"5807",2015,"GD","1.4","4925*",0,"Y",1.2,1,1
"5808",2016,"GD","1.4","4925*",0,"Y",1.2,1,1
"5809",2017,"GD","1.4","4925*",0,"Y",1.2,1,1
"5810",2018,"GD","1.4","4925*",0,"Y",1.2,1,1
"5811",2019,"GD","1.4","4925*",0,"Y",1.2,1,1
"5812",2020,"GD","1.4","4925*",0,"Y",1.2,1,1
"5813",2021,"GD","1.4","4925*",0,"Y",1.2,1,1
"5814",2022,"GD","1.4","4925*",0,"Y",1.2,1,1
"5815",2023,"GD","1.4","4925*",0,"Y",1.2,1,1
"5816",1997,"GD","1.4","4934*",NA,"Y",3.7,1,1
"5817",1998,"GD","1.4","4934*",NA,"Y",3.7,1,1
"5818",1999,"GD","1.4","4934*",0,"Y",3.7,1,1
"5819",2000,"GD","1.4","4934*",0,"Y",3.7,1,1
"5820",2001,"GD","1.4","4934*",0,"Y",3.7,1,1
"5821",2002,"GD","1.4","4934*",0,"Y",3.7,1,1
"5822",2003,"GD","1.4","4934*",0,"Y",3.7,1,1
"5823",2004,"GD","1.4","4934*",0,"Y",3.7,1,1
"5824",2005,"GD","1.4","4934*",2,"Y",3.7,1,1
"5825",2006,"GD","1.4","4934*",0,"Y",3.7,1,1
"5826",2007,"GD","1.4","4934*",0,"Y",3.7,1,1
"5827",2008,"GD","1.4","4934*",3,"Y",3.7,1,1
"5828",2009,"GD","1.4","4934*",0,"Y",3.7,1,1
"5829",2010,"GD","1.4","4934*",0,"Y",3.7,1,1
"5830",2011,"GD","1.4","4934*",0,"Y",3.7,1,1
"5831",2012,"GD","1.4","4934*",0,"Y",3.7,1,1
"5832",2013,"GD","1.4","4934*",0,"Y",3.7,1,1
"5833",2014,"GD","1.4","4934*",0,"Y",3.7,1,1
"5834",2015,"GD","1.4","4934*",4,"Y",3.7,1,1
"5835",2016,"GD","1.4","4934*",4,"Y",3.7,1,1
"5836",2017,"GD","1.4","4934*",0,"Y",3.7,1,1
"5837",2018,"GD","1.4","4934*",0,"Y",3.7,1,1
"5838",2019,"GD","1.4","4934*",0,"Y",3.7,1,1
"5839",2020,"GD","1.4","4934*",0,"Y",3.7,1,1
"5840",2021,"GD","1.4","4934*",0,"Y",3.7,1,1
"5841",2022,"GD","1.4","4934*",0,"Y",3.7,1,1
"5842",2023,"GD","1.4","4934*",0,"Y",3.7,1,1
"5843",1997,"GD","1.4","4940*",NA,"Y",3.1,1,1
"5844",1998,"GD","1.4","4940*",NA,"Y",3.1,1,1
"5845",1999,"GD","1.4","4940*",0,"Y",3.1,1,1
"5846",2000,"GD","1.4","4940*",0,"Y",3.1,1,1
"5847",2001,"GD","1.4","4940*",0,"Y",3.1,1,1
"5848",2002,"GD","1.4","4940*",0,"Y",3.1,1,1
"5849",2003,"GD","1.4","4940*",0,"Y",3.1,1,1
"5850",2004,"GD","1.4","4940*",0,"Y",3.1,1,1
"5851",2005,"GD","1.4","4940*",1,"Y",3.1,1,1
"5852",2006,"GD","1.4","4940*",0,"Y",3.1,1,1
"5853",2007,"GD","1.4","4940*",0,"Y",3.1,1,1
"5854",2008,"GD","1.4","4940*",1,"Y",3.1,1,1
"5855",2009,"GD","1.4","4940*",0,"Y",3.1,1,1
"5856",2010,"GD","1.4","4940*",0,"Y",3.1,1,1
"5857",2011,"GD","1.4","4940*",0,"Y",3.1,1,1
"5858",2012,"GD","1.4","4940*",0,"Y",3.1,1,1
"5859",2013,"GD","1.4","4940*",0,"Y",3.1,1,1
"5860",2014,"GD","1.4","4940*",NA,"Y",3.1,1,1
"5861",2015,"GD","1.4","4940*",0,"Y",3.1,1,1
"5862",2016,"GD","1.4","4940*",NA,"Y",3.1,1,1
"5863",2017,"GD","1.4","4940*",NA,"Y",3.1,1,1
"5864",2018,"GD","1.4","4940*",NA,"Y",3.1,1,1
"5865",2019,"GD","1.4","4940*",0,"Y",3.1,1,1
"5866",2020,"GD","1.4","4940*",0,"Y",3.1,1,1
"5867",2021,"GD","1.4","4940*",0,"Y",3.1,1,1
"5868",2022,"GD","1.4","4940*",0,"Y",3.1,1,1
"5869",2023,"GD","1.4","4940*",0,"Y",3.1,1,1
"5870",1997,"GD","1.4","4955*",NA,"Y",NA,0,1
"5871",1998,"GD","1.4","4955*",NA,"Y",NA,0,1
"5872",1999,"GD","1.4","4955*",0,"Y",NA,0,1
"5873",2000,"GD","1.4","4955*",0,"Y",NA,0,1
"5874",2001,"GD","1.4","4955*",0,"Y",NA,0,1
"5875",2002,"GD","1.4","4955*",0,"Y",NA,0,1
"5876",2003,"GD","1.4","4955*",0,"Y",NA,0,1
"5877",2004,"GD","1.4","4955*",3,"Y",NA,0,1
"5878",2005,"GD","1.4","4955*",10,"Y",NA,0,1
"5879",2006,"GD","1.4","4955*",0,"Y",NA,0,1
"5880",2007,"GD","1.4","4955*",0,"Y",NA,0,1
"5881",2008,"GD","1.4","4955*",5,"Y",NA,0,1
"5882",2009,"GD","1.4","4955*",0,"Y",NA,0,1
"5883",2010,"GD","1.4","4955*",0,"Y",NA,0,1
"5884",2011,"GD","1.4","4955*",NA,"Y",NA,0,1
"5885",2012,"GD","1.4","4955*",NA,"Y",NA,0,1
"5886",2013,"GD","1.4","4955*",NA,"Y",NA,0,1
"5887",2014,"GD","1.4","4955*",NA,"Y",NA,0,1
"5888",2015,"GD","1.4","4955*",NA,"Y",NA,0,1
"5889",2016,"GD","1.4","4955*",NA,"Y",NA,0,1
"5890",2017,"GD","1.4","4955*",NA,"Y",NA,0,1
"5891",2018,"GD","1.4","4955*",NA,"Y",NA,0,1
"5892",2019,"GD","1.4","4955*",NA,"Y",NA,0,1
"5893",2020,"GD","1.4","4955*",NA,"Y",NA,0,1
"5894",2021,"GD","1.4","4955*",NA,"Y",NA,0,1
"5895",2022,"GD","1.4","4955*",NA,"Y",NA,0,1
"5896",2023,"GD","1.4","4955*",NA,"Y",NA,0,1
"5897",1997,"GD","2.2","4968*",NA,"Y",NA,0,1
"5898",1998,"GD","2.2","4968*",NA,"Y",NA,0,1
"5899",1999,"GD","2.2","4968*",0,"Y",NA,0,1
"5900",2000,"GD","2.2","4968*",0,"Y",NA,0,1
"5901",2001,"GD","2.2","4968*",0,"Y",NA,0,1
"5902",2002,"GD","2.2","4968*",0,"Y",NA,0,1
"5903",2003,"GD","2.2","4968*",0,"Y",NA,0,1
"5904",2004,"GD","2.2","4968*",6,"Y",NA,0,1
"5905",2005,"GD","2.2","4968*",11,"Y",NA,0,1
"5906",2006,"GD","2.2","4968*",0,"Y",NA,0,1
"5907",2007,"GD","2.2","4968*",NA,"Y",NA,0,1
"5908",2008,"GD","2.2","4968*",NA,"Y",NA,0,1
"5909",2009,"GD","2.2","4968*",NA,"Y",NA,0,1
"5910",2010,"GD","2.2","4968*",NA,"Y",NA,0,1
"5911",2011,"GD","2.2","4968*",NA,"Y",NA,0,1
"5912",2012,"GD","2.2","4968*",NA,"Y",NA,0,1
"5913",2013,"GD","2.2","4968*",NA,"Y",NA,0,1
"5914",2014,"GD","2.2","4968*",NA,"Y",NA,0,1
"5915",2015,"GD","2.2","4968*",NA,"Y",NA,0,1
"5916",2016,"GD","2.2","4968*",NA,"Y",NA,0,1
"5917",2017,"GD","2.2","4968*",NA,"Y",NA,0,1
"5918",2018,"GD","2.2","4968*",NA,"Y",NA,0,1
"5919",2019,"GD","2.2","4968*",NA,"Y",NA,0,1
"5920",2020,"GD","2.2","4968*",NA,"Y",NA,0,1
"5921",2021,"GD","2.2","4968*",NA,"Y",NA,0,1
"5922",2022,"GD","2.2","4968*",NA,"Y",NA,0,1
"5923",2023,"GD","2.2","4968*",NA,"Y",NA,0,1
"5924",1997,"GD","2.2","4969*",NA,"M",NA,0,1
"5925",1998,"GD","2.2","4969*",NA,"M",NA,0,1
"5926",1999,"GD","2.2","4969*",0,"M",NA,0,1
"5927",2000,"GD","2.2","4969*",0,"M",NA,0,1
"5928",2001,"GD","2.2","4969*",0,"M",NA,0,1
"5929",2002,"GD","2.2","4969*",0,"M",NA,0,1
"5930",2003,"GD","2.2","4969*",0,"M",NA,0,1
"5931",2004,"GD","2.2","4969*",21,"M",NA,0,1
"5932",2005,"GD","2.2","4969*",16,"M",NA,0,1
"5933",2006,"GD","2.2","4969*",0,"M",NA,0,1
"5934",2007,"GD","2.2","4969*",0,"M",NA,0,1
"5935",2008,"GD","2.2","4969*",NA,"M",NA,0,1
"5936",2009,"GD","2.2","4969*",NA,"M",NA,0,1
"5937",2010,"GD","2.2","4969*",NA,"M",NA,0,1
"5938",2011,"GD","2.2","4969*",NA,"M",NA,0,1
"5939",2012,"GD","2.2","4969*",NA,"M",NA,0,1
"5940",2013,"GD","2.2","4969*",NA,"M",NA,0,1
"5941",2014,"GD","2.2","4969*",NA,"M",NA,0,1
"5942",2015,"GD","2.2","4969*",NA,"M",NA,0,1
"5943",2016,"GD","2.2","4969*",NA,"M",NA,0,1
"5944",2017,"GD","2.2","4969*",NA,"M",NA,0,1
"5945",2018,"GD","2.2","4969*",NA,"M",NA,0,1
"5946",2019,"GD","2.2","4969*",NA,"M",NA,0,1
"5947",2020,"GD","2.2","4969*",NA,"M",NA,0,1
"5948",2021,"GD","2.2","4969*",NA,"M",NA,0,1
"5949",2022,"GD","2.2","4969*",NA,"M",NA,0,1
"5950",2023,"GD","2.2","4969*",NA,"M",NA,0,1
"5951",1997,"GD","2.2","4969a*",NA,"Y",NA,0,1
"5952",1998,"GD","2.2","4969a*",NA,"Y",NA,0,1
"5953",1999,"GD","2.2","4969a*",0,"Y",NA,0,1
"5954",2000,"GD","2.2","4969a*",0,"Y",NA,0,1
"5955",2001,"GD","2.2","4969a*",0,"Y",NA,0,1
"5956",2002,"GD","2.2","4969a*",0,"Y",NA,0,1
"5957",2003,"GD","2.2","4969a*",0,"Y",NA,0,1
"5958",2004,"GD","2.2","4969a*",7,"Y",NA,0,1
"5959",2005,"GD","2.2","4969a*",17,"Y",NA,0,1
"5960",2006,"GD","2.2","4969a*",0,"Y",NA,0,1
"5961",2007,"GD","2.2","4969a*",0,"Y",NA,0,1
"5962",2008,"GD","2.2","4969a*",NA,"Y",NA,0,1
"5963",2009,"GD","2.2","4969a*",NA,"Y",NA,0,1
"5964",2010,"GD","2.2","4969a*",NA,"Y",NA,0,1
"5965",2011,"GD","2.2","4969a*",NA,"Y",NA,0,1
"5966",2012,"GD","2.2","4969a*",NA,"Y",NA,0,1
"5967",2013,"GD","2.2","4969a*",NA,"Y",NA,0,1
"5968",2014,"GD","2.2","4969a*",NA,"Y",NA,0,1
"5969",2015,"GD","2.2","4969a*",NA,"Y",NA,0,1
"5970",2016,"GD","2.2","4969a*",NA,"Y",NA,0,1
"5971",2017,"GD","2.2","4969a*",NA,"Y",NA,0,1
"5972",2018,"GD","2.2","4969a*",NA,"Y",NA,0,1
"5973",2019,"GD","2.2","4969a*",NA,"Y",NA,0,1
"5974",2020,"GD","2.2","4969a*",NA,"Y",NA,0,1
"5975",2021,"GD","2.2","4969a*",NA,"Y",NA,0,1
"5976",2022,"GD","2.2","4969a*",NA,"Y",NA,0,1
"5977",2023,"GD","2.2","4969a*",NA,"Y",NA,0,1
"5978",1997,"GD","2.2","4980*",NA,"Y",NA,0,1
"5979",1998,"GD","2.2","4980*",NA,"Y",NA,0,1
"5980",1999,"GD","2.2","4980*",0,"Y",NA,0,1
"5981",2000,"GD","2.2","4980*",0,"Y",NA,0,1
"5982",2001,"GD","2.2","4980*",0,"Y",NA,0,1
"5983",2002,"GD","2.2","4980*",0,"Y",NA,0,1
"5984",2003,"GD","2.2","4980*",0,"Y",NA,0,1
"5985",2004,"GD","2.2","4980*",0,"Y",NA,0,1
"5986",2005,"GD","2.2","4980*",1,"Y",NA,0,1
"5987",2006,"GD","2.2","4980*",NA,"Y",NA,0,1
"5988",2007,"GD","2.2","4980*",NA,"Y",NA,0,1
"5989",2008,"GD","2.2","4980*",NA,"Y",NA,0,1
"5990",2009,"GD","2.2","4980*",NA,"Y",NA,0,1
"5991",2010,"GD","2.2","4980*",NA,"Y",NA,0,1
"5992",2011,"GD","2.2","4980*",NA,"Y",NA,0,1
"5993",2012,"GD","2.2","4980*",NA,"Y",NA,0,1
"5994",2013,"GD","2.2","4980*",NA,"Y",NA,0,1
"5995",2014,"GD","2.2","4980*",NA,"Y",NA,0,1
"5996",2015,"GD","2.2","4980*",NA,"Y",NA,0,1
"5997",2016,"GD","2.2","4980*",NA,"Y",NA,0,1
"5998",2017,"GD","2.2","4980*",NA,"Y",NA,0,1
"5999",2018,"GD","2.2","4980*",NA,"Y",NA,0,1
"6000",2019,"GD","2.2","4980*",NA,"Y",NA,0,1
"6001",2020,"GD","2.2","4980*",NA,"Y",NA,0,1
"6002",2021,"GD","2.2","4980*",NA,"Y",NA,0,1
"6003",2022,"GD","2.2","4980*",NA,"Y",NA,0,1
"6004",2023,"GD","2.2","4980*",NA,"Y",NA,0,1
"6005",1997,"GD","2.2","4990*",NA,"M",4.1,1,1
"6006",1998,"GD","2.2","4990*",NA,"M",4.1,1,1
"6007",1999,"GD","2.2","4990*",0,"M",4.1,1,1
"6008",2000,"GD","2.2","4990*",0,"M",4.1,1,1
"6009",2001,"GD","2.2","4990*",0,"M",4.1,1,1
"6010",2002,"GD","2.2","4990*",0,"M",4.1,1,1
"6011",2003,"GD","2.2","4990*",0,"M",4.1,1,1
"6012",2004,"GD","2.2","4990*",1,"M",4.1,1,1
"6013",2005,"GD","2.2","4990*",3,"M",4.1,1,1
"6014",2006,"GD","2.2","4990*",0,"M",4.1,1,1
"6015",2007,"GD","2.2","4990*",0,"M",4.1,1,1
"6016",2008,"GD","2.2","4990*",0,"M",4.1,1,1
"6017",2009,"GD","2.2","4990*",0,"M",4.1,1,1
"6018",2010,"GD","2.2","4990*",0,"M",4.1,1,1
"6019",2011,"GD","2.2","4990*",0,"M",4.1,1,1
"6020",2012,"GD","2.2","4990*",0,"M",4.1,1,1
"6021",2013,"GD","2.2","4990*",0,"M",4.1,1,1
"6022",2014,"GD","2.2","4990*",0,"M",4.1,1,1
"6023",2015,"GD","2.2","4990*",0,"M",4.1,1,1
"6024",2016,"GD","2.2","4990*",1,"M",4.1,1,1
"6025",2017,"GD","2.2","4990*",0,"M",4.1,1,1
"6026",2018,"GD","2.2","4990*",2,"M",4.1,1,1
"6027",2019,"GD","2.2","4990*",0,"M",4.1,1,1
"6028",2020,"GD","2.2","4990*",0,"M",4.1,1,1
"6029",2021,"GD","2.2","4990*",0,"M",4.1,1,1
"6030",2022,"GD","2.2","4990*",0,"M",4.1,1,1
"6031",2023,"GD","2.2","4990*",0,"M",4.1,1,1
"6032",1997,"GD","2.3","4994*",NA,"M",NA,0,1
"6033",1998,"GD","2.3","4994*",NA,"M",NA,0,1
"6034",1999,"GD","2.3","4994*",0,"M",NA,0,1
"6035",2000,"GD","2.3","4994*",0,"M",NA,0,1
"6036",2001,"GD","2.3","4994*",0,"M",NA,0,1
"6037",2002,"GD","2.3","4994*",0,"M",NA,0,1
"6038",2003,"GD","2.3","4994*",0,"M",NA,0,1
"6039",2004,"GD","2.3","4994*",16,"M",NA,0,1
"6040",2005,"GD","2.3","4994*",28,"M",NA,0,1
"6041",2006,"GD","2.3","4994*",0,"M",NA,0,1
"6042",2007,"GD","2.3","4994*",0,"M",NA,0,1
"6043",2008,"GD","2.3","4994*",2,"M",NA,0,1
"6044",2009,"GD","2.3","4994*",0,"M",NA,0,1
"6045",2010,"GD","2.3","4994*",0,"M",NA,0,1
"6046",2011,"GD","2.3","4994*",0,"M",NA,0,1
"6047",2012,"GD","2.3","4994*",0,"M",NA,0,1
"6048",2013,"GD","2.3","4994*",0,"M",NA,0,1
"6049",2014,"GD","2.3","4994*",0,"M",NA,0,1
"6050",2015,"GD","2.3","4994*",0,"M",NA,0,1
"6051",2016,"GD","2.3","4994*",0,"M",NA,0,1
"6052",2017,"GD","2.3","4994*",0,"M",NA,0,1
"6053",2018,"GD","2.3","4994*",0,"M",NA,0,1
"6054",2019,"GD","2.3","4994*",NA,"M",NA,0,1
"6055",2020,"GD","2.3","4994*",NA,"M",NA,0,1
"6056",2021,"GD","2.3","4994*",NA,"M",NA,0,1
"6057",2022,"GD","2.3","4994*",NA,"M",NA,0,1
"6058",2023,"GD","2.3","4994*",NA,"M",NA,0,1
"6059",1997,"GD","2.3","4999*",NA,"M",NA,NA,0
"6060",1998,"GD","2.3","4999*",NA,"M",NA,NA,0
"6061",1999,"GD","2.3","4999*",0,"M",NA,NA,0
"6062",2000,"GD","2.3","4999*",0,"M",NA,NA,0
"6063",2001,"GD","2.3","4999*",0,"M",NA,NA,0
"6064",2002,"GD","2.3","4999*",0,"M",NA,NA,0
"6065",2003,"GD","2.3","4999*",0,"M",NA,NA,0
"6066",2004,"GD","2.3","4999*",0,"M",NA,NA,0
"6067",2005,"GD","2.3","4999*",19,"M",NA,NA,0
"6068",2006,"GD","2.3","4999*",0,"M",NA,NA,0
"6069",2007,"GD","2.3","4999*",0,"M",NA,NA,0
"6070",2008,"GD","2.3","4999*",NA,"M",NA,NA,0
"6071",2009,"GD","2.3","4999*",NA,"M",NA,NA,0
"6072",2010,"GD","2.3","4999*",NA,"M",NA,NA,0
"6073",2011,"GD","2.3","4999*",NA,"M",NA,NA,0
"6074",2012,"GD","2.3","4999*",NA,"M",NA,NA,0
"6075",2013,"GD","2.3","4999*",NA,"M",NA,NA,0
"6076",2014,"GD","2.3","4999*",NA,"M",NA,NA,0
"6077",2015,"GD","2.3","4999*",NA,"M",NA,NA,0
"6078",2016,"GD","2.3","4999*",NA,"M",NA,NA,0
"6079",2017,"GD","2.3","4999*",NA,"M",NA,NA,0
"6080",2018,"GD","2.3","4999*",NA,"M",NA,NA,0
"6081",2019,"GD","2.3","4999*",NA,"M",NA,NA,0
"6082",2020,"GD","2.3","4999*",NA,"M",NA,NA,0
"6083",2021,"GD","2.3","4999*",NA,"M",NA,NA,0
"6084",2022,"GD","2.3","4999*",NA,"M",NA,NA,0
"6085",2023,"GD","2.3","4999*",NA,"M",NA,NA,0
